timestamp,hour,minute,day_of_week,day_of_month,month,week_of_year,hour_sin,hour_cos,dow_sin,dow_cos,month_sin,month_cos,minute_of_day,mod_sin,mod_cos,is_weekend,is_morning_rush,is_evening_rush,is_rush_hour,time_bucket,is_near_payday,is_public_holiday,is_tet_period,is_holiday_period,is_rainy_season_south,is_tourism_high,season,season_code,is_non_working
2022-09-01 00:00:00,0,0,3,1,9,35,0.0,1.0,0.43388373911755823,-0.900968867902419,-1.0,-1.8369701987210297e-16,0,0.0,1.0,0,0,0,0,0,1,0,0,0,1,0,rainy,1,0
2022-09-01 00:05:00,0,5,3,1,9,35,0.0,1.0,0.43388373911755823,-0.900968867902419,-1.0,-1.8369701987210297e-16,5,0.02181488503456112,0.9997620270799091,0,0,0,0,0,1,0,0,0,1,0,rainy,1,0
2022-09-01 00:10:00,0,10,3,1,9,35,0.0,1.0,0.43388373911755823,-0.900968867902419,-1.0,-1.8369701987210297e-16,10,0.043619387365336,0.9990482215818578,0,0,0,0,0,1,0,0,0,1,0,rainy,1,0
2022-09-01 00:15:00,0,15,3,1,9,35,0.0,1.0,0.43388373911755823,-0.900968867902419,-1.0,-1.8369701987210297e-16,15,0.06540312923014306,0.9978589232386035,0,0,0,0,0,1,0,0,0,1,0,rainy,1,0
2022-09-01 00:20:00,0,20,3,1,9,35,0.0,1.0,0.43388373911755823,-0.900968867902419,-1.0,-1.8369701987210297e-16,20,0.08715574274765817,0.9961946980917455,0,0,0,0,0,1,0,0,0,1,0,rainy,1,0
2022-09-01 00:25:00,0,25,3,1,9,35,0.0,1.0,0.43388373911755823,-0.900968867902419,-1.0,-1.8369701987210297e-16,25,0.10886687485196457,0.9940563382223196,0,0,0,0,0,1,0,0,0,1,0,rainy,1,0
2022-09-01 00:30:00,0,30,3,1,9,35,0.0,1.0,0.43388373911755823,-0.900968867902419,-1.0,-1.8369701987210297e-16,30,0.13052619222005157,0.9914448613738104,0,0,0,0,0,1,0,0,0,1,0,rainy,1,0
2022-09-01 00:35:00,0,35,3,1,9,35,0.0,1.0,0.43388373911755823,-0.900968867902419,-1.0,-1.8369701987210297e-16,35,0.1521233861899167,0.9883615104677607,0,0,0,0,0,1,0,0,0,1,0,rainy,1,0
2022-09-01 00:40:00,0,40,3,1,9,35,0.0,1.0,0.43388373911755823,-0.900968867902419,-1.0,-1.8369701987210297e-16,40,0.17364817766693033,0.984807753012208,0,0,0,0,0,1,0,0,0,1,0,rainy,1,0
2022-09-01 00:45:00,0,45,3,1,9,35,0.0,1.0,0.43388373911755823,-0.900968867902419,-1.0,-1.8369701987210297e-16,45,0.19509032201612825,0.9807852804032304,0,0,0,0,0,1,0,0,0,1,0,rainy,1,0
2022-09-01 00:50:00,0,50,3,1,9,35,0.0,1.0,0.43388373911755823,-0.900968867902419,-1.0,-1.8369701987210297e-16,50,0.21643961393810288,0.9762960071199334,0,0,0,0,0,1,0,0,0,1,0,rainy,1,0
2022-09-01 00:55:00,0,55,3,1,9,35,0.0,1.0,0.43388373911755823,-0.900968867902419,-1.0,-1.8369701987210297e-16,55,0.2376858923261731,0.9713420698132614,0,0,0,0,0,1,0,0,0,1,0,rainy,1,0
2022-09-01 01:00:00,1,0,3,1,9,35,0.25881904510252074,0.9659258262890683,0.43388373911755823,-0.900968867902419,-1.0,-1.8369701987210297e-16,60,0.25881904510252074,0.9659258262890683,0,0,0,0,0,1,0,0,0,1,0,rainy,1,0
2022-09-01 01:05:00,1,5,3,1,9,35,0.25881904510252074,0.9659258262890683,0.43388373911755823,-0.900968867902419,-1.0,-1.8369701987210297e-16,65,0.2798290140309921,0.9600498543859287,0,0,0,0,0,1,0,0,0,1,0,rainy,1,0
2022-09-01 01:10:00,1,10,3,1,9,35,0.25881904510252074,0.9659258262890683,0.43388373911755823,-0.900968867902419,-1.0,-1.8369701987210297e-16,70,0.3007057995042731,0.9537169507482269,0,0,0,0,0,1,0,0,0,1,0,rainy,1,0
2022-09-01 01:15:00,1,15,3,1,9,35,0.25881904510252074,0.9659258262890683,0.43388373911755823,-0.900968867902419,-1.0,-1.8369701987210297e-16,75,0.3214394653031616,0.9469301294951057,0,0,0,0,0,1,0,0,0,1,0,rainy,1,0
2022-09-01 01:20:00,1,20,3,1,9,35,0.25881904510252074,0.9659258262890683,0.43388373911755823,-0.900968867902419,-1.0,-1.8369701987210297e-16,80,0.3420201433256687,0.9396926207859084,0,0,0,0,0,1,0,0,0,1,0,rainy,1,0
2022-09-01 01:25:00,1,25,3,1,9,35,0.25881904510252074,0.9659258262890683,0.43388373911755823,-0.900968867902419,-1.0,-1.8369701987210297e-16,85,0.36243803828370164,0.9320078692827986,0,0,0,0,0,1,0,0,0,1,0,rainy,1,0
2022-09-01 01:30:00,1,30,3,1,9,35,0.25881904510252074,0.9659258262890683,0.43388373911755823,-0.900968867902419,-1.0,-1.8369701987210297e-16,90,0.3826834323650898,0.9238795325112867,0,0,0,0,0,1,0,0,0,1,0,rainy,1,0
2022-09-01 01:35:00,1,35,3,1,9,35,0.25881904510252074,0.9659258262890683,0.43388373911755823,-0.900968867902419,-1.0,-1.8369701987210297e-16,95,0.40274668985873724,0.9153114791194471,0,0,0,0,0,1,0,0,0,1,0,rainy,1,0
2022-09-01 01:40:00,1,40,3,1,9,35,0.25881904510252074,0.9659258262890683,0.43388373911755823,-0.900968867902419,-1.0,-1.8369701987210297e-16,100,0.42261826174069944,0.9063077870366499,0,0,0,0,0,1,0,0,0,1,0,rainy,1,0
2022-09-01 01:45:00,1,45,3,1,9,35,0.25881904510252074,0.9659258262890683,0.43388373911755823,-0.900968867902419,-1.0,-1.8369701987210297e-16,105,0.4422886902190013,0.8968727415326883,0,0,0,0,0,1,0,0,0,1,0,rainy,1,0
2022-09-01 01:50:00,1,50,3,1,9,35,0.25881904510252074,0.9659258262890683,0.43388373911755823,-0.900968867902419,-1.0,-1.8369701987210297e-16,110,0.4617486132350339,0.8870108331782217,0,0,0,0,0,1,0,0,0,1,0,rainy,1,0
2022-09-01 01:55:00,1,55,3,1,9,35,0.25881904510252074,0.9659258262890683,0.43388373911755823,-0.900968867902419,-1.0,-1.8369701987210297e-16,115,0.48098876891938763,0.8767267557075077,0,0,0,0,0,1,0,0,0,1,0,rainy,1,0
2022-09-01 02:00:00,2,0,3,1,9,35,0.49999999999999994,0.8660254037844387,0.43388373911755823,-0.900968867902419,-1.0,-1.8369701987210297e-16,120,0.49999999999999994,0.8660254037844387,0,0,0,0,0,1,0,0,0,1,0,rainy,1,0
2022-09-01 02:05:00,2,5,3,1,9,35,0.49999999999999994,0.8660254037844387,0.43388373911755823,-0.900968867902419,-1.0,-1.8369701987210297e-16,125,0.5187732581605213,0.8549118706729466,0,0,0,0,0,1,0,0,0,1,0,rainy,1,0
2022-09-01 02:10:00,2,10,3,1,9,35,0.49999999999999994,0.8660254037844387,0.43388373911755823,-0.900968867902419,-1.0,-1.8369701987210297e-16,130,0.5372996083468238,0.8433914458128857,0,0,0,0,0,1,0,0,0,1,0,rainy,1,0
2022-09-01 02:15:00,2,15,3,1,9,35,0.49999999999999994,0.8660254037844387,0.43388373911755823,-0.900968867902419,-1.0,-1.8369701987210297e-16,135,0.5555702330196022,0.8314696123025452,0,0,0,0,0,1,0,0,0,1,0,rainy,1,0
2022-09-01 02:20:00,2,20,3,1,9,35,0.49999999999999994,0.8660254037844387,0.43388373911755823,-0.900968867902419,-1.0,-1.8369701987210297e-16,140,0.573576436351046,0.8191520442889918,0,0,0,0,0,1,0,0,0,1,0,rainy,1,0
2022-09-01 02:25:00,2,25,3,1,9,35,0.49999999999999994,0.8660254037844387,0.43388373911755823,-0.900968867902419,-1.0,-1.8369701987210297e-16,145,0.5913096483635824,0.8064446042674827,0,0,0,0,0,1,0,0,0,1,0,rainy,1,0
2022-09-01 02:30:00,2,30,3,1,9,35,0.49999999999999994,0.8660254037844387,0.43388373911755823,-0.900968867902419,-1.0,-1.8369701987210297e-16,150,0.6087614290087207,0.7933533402912352,0,0,0,0,0,1,0,0,0,1,0,rainy,1,0
2022-09-01 02:35:00,2,35,3,1,9,35,0.49999999999999994,0.8660254037844387,0.43388373911755823,-0.900968867902419,-1.0,-1.8369701987210297e-16,155,0.6259234721840591,0.7798844830928818,0,0,0,0,0,1,0,0,0,1,0,rainy,1,0
2022-09-01 02:40:00,2,40,3,1,9,35,0.49999999999999994,0.8660254037844387,0.43388373911755823,-0.900968867902419,-1.0,-1.8369701987210297e-16,160,0.6427876096865393,0.766044443118978,0,0,0,0,0,1,0,0,0,1,0,rainy,1,0
2022-09-01 02:45:00,2,45,3,1,9,35,0.49999999999999994,0.8660254037844387,0.43388373911755823,-0.900968867902419,-1.0,-1.8369701987210297e-16,165,0.6593458151000688,0.7518398074789774,0,0,0,0,0,1,0,0,0,1,0,rainy,1,0
2022-09-01 02:50:00,2,50,3,1,9,35,0.49999999999999994,0.8660254037844387,0.43388373911755823,-0.900968867902419,-1.0,-1.8369701987210297e-16,170,0.6755902076156602,0.7372773368101241,0,0,0,0,0,1,0,0,0,1,0,rainy,1,0
2022-09-01 02:55:00,2,55,3,1,9,35,0.49999999999999994,0.8660254037844387,0.43388373911755823,-0.900968867902419,-1.0,-1.8369701987210297e-16,175,0.6915130557822693,0.7223639620597556,0,0,0,0,0,1,0,0,0,1,0,rainy,1,0
2022-09-01 03:00:00,3,0,3,1,9,35,0.7071067811865476,0.7071067811865476,0.43388373911755823,-0.900968867902419,-1.0,-1.8369701987210297e-16,180,0.7071067811865476,0.7071067811865476,0,0,0,0,0,1,0,0,0,1,0,rainy,1,0
2022-09-01 03:05:00,3,5,3,1,9,35,0.7071067811865476,0.7071067811865476,0.43388373911755823,-0.900968867902419,-1.0,-1.8369701987210297e-16,185,0.7223639620597555,0.6915130557822694,0,0,0,0,0,1,0,0,0,1,0,rainy,1,0
2022-09-01 03:10:00,3,10,3,1,9,35,0.7071067811865476,0.7071067811865476,0.43388373911755823,-0.900968867902419,-1.0,-1.8369701987210297e-16,190,0.7372773368101241,0.6755902076156602,0,0,0,0,0,1,0,0,0,1,0,rainy,1,0
2022-09-01 03:15:00,3,15,3,1,9,35,0.7071067811865476,0.7071067811865476,0.43388373911755823,-0.900968867902419,-1.0,-1.8369701987210297e-16,195,0.7518398074789773,0.659345815100069,0,0,0,0,0,1,0,0,0,1,0,rainy,1,0
2022-09-01 03:20:00,3,20,3,1,9,35,0.7071067811865476,0.7071067811865476,0.43388373911755823,-0.900968867902419,-1.0,-1.8369701987210297e-16,200,0.766044443118978,0.6427876096865394,0,0,0,0,0,1,0,0,0,1,0,rainy,1,0
2022-09-01 03:25:00,3,25,3,1,9,35,0.7071067811865476,0.7071067811865476,0.43388373911755823,-0.900968867902419,-1.0,-1.8369701987210297e-16,205,0.7798844830928817,0.6259234721840591,0,0,0,0,0,1,0,0,0,1,0,rainy,1,0
2022-09-01 03:30:00,3,30,3,1,9,35,0.7071067811865476,0.7071067811865476,0.43388373911755823,-0.900968867902419,-1.0,-1.8369701987210297e-16,210,0.7933533402912352,0.6087614290087207,0,0,0,0,0,1,0,0,0,1,0,rainy,1,0
2022-09-01 03:35:00,3,35,3,1,9,35,0.7071067811865476,0.7071067811865476,0.43388373911755823,-0.900968867902419,-1.0,-1.8369701987210297e-16,215,0.8064446042674825,0.5913096483635825,0,0,0,0,0,1,0,0,0,1,0,rainy,1,0
2022-09-01 03:40:00,3,40,3,1,9,35,0.7071067811865476,0.7071067811865476,0.43388373911755823,-0.900968867902419,-1.0,-1.8369701987210297e-16,220,0.8191520442889918,0.573576436351046,0,0,0,0,0,1,0,0,0,1,0,rainy,1,0
2022-09-01 03:45:00,3,45,3,1,9,35,0.7071067811865476,0.7071067811865476,0.43388373911755823,-0.900968867902419,-1.0,-1.8369701987210297e-16,225,0.8314696123025452,0.5555702330196023,0,0,0,0,0,1,0,0,0,1,0,rainy,1,0
2022-09-01 03:50:00,3,50,3,1,9,35,0.7071067811865476,0.7071067811865476,0.43388373911755823,-0.900968867902419,-1.0,-1.8369701987210297e-16,230,0.8433914458128856,0.5372996083468239,0,0,0,0,0,1,0,0,0,1,0,rainy,1,0
2022-09-01 03:55:00,3,55,3,1,9,35,0.7071067811865476,0.7071067811865476,0.43388373911755823,-0.900968867902419,-1.0,-1.8369701987210297e-16,235,0.8549118706729466,0.5187732581605216,0,0,0,0,0,1,0,0,0,1,0,rainy,1,0
2022-09-01 04:00:00,4,0,3,1,9,35,0.8660254037844386,0.5000000000000001,0.43388373911755823,-0.900968867902419,-1.0,-1.8369701987210297e-16,240,0.8660254037844386,0.5000000000000001,0,0,0,0,0,1,0,0,0,1,0,rainy,1,0
2022-09-01 04:05:00,4,5,3,1,9,35,0.8660254037844386,0.5000000000000001,0.43388373911755823,-0.900968867902419,-1.0,-1.8369701987210297e-16,245,0.8767267557075077,0.48098876891938774,0,0,0,0,0,1,0,0,0,1,0,rainy,1,0
2022-09-01 04:10:00,4,10,3,1,9,35,0.8660254037844386,0.5000000000000001,0.43388373911755823,-0.900968867902419,-1.0,-1.8369701987210297e-16,250,0.8870108331782216,0.4617486132350341,0,0,0,0,0,1,0,0,0,1,0,rainy,1,0
2022-09-01 04:15:00,4,15,3,1,9,35,0.8660254037844386,0.5000000000000001,0.43388373911755823,-0.900968867902419,-1.0,-1.8369701987210297e-16,255,0.8968727415326884,0.44228869021900125,0,0,0,0,0,1,0,0,0,1,0,rainy,1,0
2022-09-01 04:20:00,4,20,3,1,9,35,0.8660254037844386,0.5000000000000001,0.43388373911755823,-0.900968867902419,-1.0,-1.8369701987210297e-16,260,0.9063077870366499,0.42261826174069944,0,0,0,0,0,1,0,0,0,1,0,rainy,1,0
2022-09-01 04:25:00,4,25,3,1,9,35,0.8660254037844386,0.5000000000000001,0.43388373911755823,-0.900968867902419,-1.0,-1.8369701987210297e-16,265,0.9153114791194471,0.40274668985873724,0,0,0,0,0,1,0,0,0,1,0,rainy,1,0
2022-09-01 04:30:00,4,30,3,1,9,35,0.8660254037844386,0.5000000000000001,0.43388373911755823,-0.900968867902419,-1.0,-1.8369701987210297e-16,270,0.9238795325112867,0.38268343236508984,0,0,0,0,0,1,0,0,0,1,0,rainy,1,0
2022-09-01 04:35:00,4,35,3,1,9,35,0.8660254037844386,0.5000000000000001,0.43388373911755823,-0.900968867902419,-1.0,-1.8369701987210297e-16,275,0.9320078692827984,0.3624380382837017,0,0,0,0,0,1,0,0,0,1,0,rainy,1,0
2022-09-01 04:40:00,4,40,3,1,9,35,0.8660254037844386,0.5000000000000001,0.43388373911755823,-0.900968867902419,-1.0,-1.8369701987210297e-16,280,0.9396926207859083,0.3420201433256688,0,0,0,0,0,1,0,0,0,1,0,rainy,1,0
2022-09-01 04:45:00,4,45,3,1,9,35,0.8660254037844386,0.5000000000000001,0.43388373911755823,-0.900968867902419,-1.0,-1.8369701987210297e-16,285,0.9469301294951057,0.3214394653031615,0,0,0,0,0,1,0,0,0,1,0,rainy,1,0
2022-09-01 04:50:00,4,50,3,1,9,35,0.8660254037844386,0.5000000000000001,0.43388373911755823,-0.900968867902419,-1.0,-1.8369701987210297e-16,290,0.9537169507482268,0.3007057995042733,0,0,0,0,0,1,0,0,0,1,0,rainy,1,0
2022-09-01 04:55:00,4,55,3,1,9,35,0.8660254037844386,0.5000000000000001,0.43388373911755823,-0.900968867902419,-1.0,-1.8369701987210297e-16,295,0.9600498543859287,0.27982901403099203,0,0,0,0,0,1,0,0,0,1,0,rainy,1,0
2022-09-01 05:00:00,5,0,3,1,9,35,0.9659258262890683,0.25881904510252074,0.43388373911755823,-0.900968867902419,-1.0,-1.8369701987210297e-16,300,0.9659258262890683,0.25881904510252074,0,0,0,0,0,1,0,0,0,1,0,rainy,1,0
2022-09-01 05:05:00,5,5,3,1,9,35,0.9659258262890683,0.25881904510252074,0.43388373911755823,-0.900968867902419,-1.0,-1.8369701987210297e-16,305,0.9713420698132614,0.2376858923261731,0,0,0,0,0,1,0,0,0,1,0,rainy,1,0
2022-09-01 05:10:00,5,10,3,1,9,35,0.9659258262890683,0.25881904510252074,0.43388373911755823,-0.900968867902419,-1.0,-1.8369701987210297e-16,310,0.9762960071199334,0.2164396139381029,0,0,0,0,0,1,0,0,0,1,0,rainy,1,0
2022-09-01 05:15:00,5,15,3,1,9,35,0.9659258262890683,0.25881904510252074,0.43388373911755823,-0.900968867902419,-1.0,-1.8369701987210297e-16,315,0.9807852804032304,0.19509032201612833,0,0,0,0,0,1,0,0,0,1,0,rainy,1,0
2022-09-01 05:20:00,5,20,3,1,9,35,0.9659258262890683,0.25881904510252074,0.43388373911755823,-0.900968867902419,-1.0,-1.8369701987210297e-16,320,0.984807753012208,0.17364817766693041,0,0,0,0,0,1,0,0,0,1,0,rainy,1,0
2022-09-01 05:25:00,5,25,3,1,9,35,0.9659258262890683,0.25881904510252074,0.43388373911755823,-0.900968867902419,-1.0,-1.8369701987210297e-16,325,0.9883615104677607,0.1521233861899168,0,0,0,0,0,1,0,0,0,1,0,rainy,1,0
2022-09-01 05:30:00,5,30,3,1,9,35,0.9659258262890683,0.25881904510252074,0.43388373911755823,-0.900968867902419,-1.0,-1.8369701987210297e-16,330,0.9914448613738104,0.1305261922200517,0,0,0,0,0,1,0,0,0,1,0,rainy,1,0
2022-09-01 05:35:00,5,35,3,1,9,35,0.9659258262890683,0.25881904510252074,0.43388373911755823,-0.900968867902419,-1.0,-1.8369701987210297e-16,335,0.9940563382223196,0.10886687485196474,0,0,0,0,0,1,0,0,0,1,0,rainy,1,0
2022-09-01 05:40:00,5,40,3,1,9,35,0.9659258262890683,0.25881904510252074,0.43388373911755823,-0.900968867902419,-1.0,-1.8369701987210297e-16,340,0.9961946980917455,0.08715574274765814,0,0,0,0,0,1,0,0,0,1,0,rainy,1,0
2022-09-01 05:45:00,5,45,3,1,9,35,0.9659258262890683,0.25881904510252074,0.43388373911755823,-0.900968867902419,-1.0,-1.8369701987210297e-16,345,0.9978589232386035,0.06540312923014305,0,0,0,0,0,1,0,0,0,1,0,rainy,1,0
2022-09-01 05:50:00,5,50,3,1,9,35,0.9659258262890683,0.25881904510252074,0.43388373911755823,-0.900968867902419,-1.0,-1.8369701987210297e-16,350,0.9990482215818578,0.04361938736533623,0,0,0,0,0,1,0,0,0,1,0,rainy,1,0
2022-09-01 05:55:00,5,55,3,1,9,35,0.9659258262890683,0.25881904510252074,0.43388373911755823,-0.900968867902419,-1.0,-1.8369701987210297e-16,355,0.9997620270799091,0.02181488503456116,0,0,0,0,0,1,0,0,0,1,0,rainy,1,0
2022-09-01 06:00:00,6,0,3,1,9,35,1.0,6.123233995736766e-17,0.43388373911755823,-0.900968867902419,-1.0,-1.8369701987210297e-16,360,1.0,6.123233995736766e-17,0,0,0,0,1,1,0,0,0,1,0,rainy,1,0
2022-09-01 06:05:00,6,5,3,1,9,35,1.0,6.123233995736766e-17,0.43388373911755823,-0.900968867902419,-1.0,-1.8369701987210297e-16,365,0.9997620270799091,-0.021814885034561256,0,0,0,0,1,1,0,0,0,1,0,rainy,1,0
2022-09-01 06:10:00,6,10,3,1,9,35,1.0,6.123233995736766e-17,0.43388373911755823,-0.900968867902419,-1.0,-1.8369701987210297e-16,370,0.9990482215818578,-0.04361938736533589,0,0,0,0,1,1,0,0,0,1,0,rainy,1,0
2022-09-01 06:15:00,6,15,3,1,9,35,1.0,6.123233995736766e-17,0.43388373911755823,-0.900968867902419,-1.0,-1.8369701987210297e-16,375,0.9978589232386035,-0.06540312923014292,0,0,0,0,1,1,0,0,0,1,0,rainy,1,0
2022-09-01 06:20:00,6,20,3,1,9,35,1.0,6.123233995736766e-17,0.43388373911755823,-0.900968867902419,-1.0,-1.8369701987210297e-16,380,0.9961946980917455,-0.08715574274765824,0,0,0,0,1,1,0,0,0,1,0,rainy,1,0
2022-09-01 06:25:00,6,25,3,1,9,35,1.0,6.123233995736766e-17,0.43388373911755823,-0.900968867902419,-1.0,-1.8369701987210297e-16,385,0.9940563382223196,-0.10886687485196461,0,0,0,0,1,1,0,0,0,1,0,rainy,1,0
2022-09-01 06:30:00,6,30,3,1,9,35,1.0,6.123233995736766e-17,0.43388373911755823,-0.900968867902419,-1.0,-1.8369701987210297e-16,390,0.9914448613738105,-0.13052619222005138,0,0,0,0,1,1,0,0,0,1,0,rainy,1,0
2022-09-01 06:35:00,6,35,3,1,9,35,1.0,6.123233995736766e-17,0.43388373911755823,-0.900968867902419,-1.0,-1.8369701987210297e-16,395,0.9883615104677607,-0.1521233861899167,0,0,0,0,1,1,0,0,0,1,0,rainy,1,0
2022-09-01 06:40:00,6,40,3,1,9,35,1.0,6.123233995736766e-17,0.43388373911755823,-0.900968867902419,-1.0,-1.8369701987210297e-16,400,0.984807753012208,-0.1736481776669303,0,0,0,0,1,1,0,0,0,1,0,rainy,1,0
2022-09-01 06:45:00,6,45,3,1,9,35,1.0,6.123233995736766e-17,0.43388373911755823,-0.900968867902419,-1.0,-1.8369701987210297e-16,405,0.9807852804032305,-0.19509032201612797,0,0,0,0,1,1,0,0,0,1,0,rainy,1,0
2022-09-01 06:50:00,6,50,3,1,9,35,1.0,6.123233995736766e-17,0.43388373911755823,-0.900968867902419,-1.0,-1.8369701987210297e-16,410,0.9762960071199334,-0.2164396139381028,0,0,0,0,1,1,0,0,0,1,0,rainy,1,0
2022-09-01 06:55:00,6,55,3,1,9,35,1.0,6.123233995736766e-17,0.43388373911755823,-0.900968867902419,-1.0,-1.8369701987210297e-16,415,0.9713420698132614,-0.237685892326173,0,0,0,0,1,1,0,0,0,1,0,rainy,1,0
2022-09-01 07:00:00,7,0,3,1,9,35,0.9659258262890683,-0.25881904510252063,0.43388373911755823,-0.900968867902419,-1.0,-1.8369701987210297e-16,420,0.9659258262890683,-0.25881904510252085,0,1,0,1,1,1,0,0,0,1,0,rainy,1,0
2022-09-01 07:05:00,7,5,3,1,9,35,0.9659258262890683,-0.25881904510252063,0.43388373911755823,-0.900968867902419,-1.0,-1.8369701987210297e-16,425,0.9600498543859287,-0.2798290140309919,0,1,0,1,1,1,0,0,0,1,0,rainy,1,0
2022-09-01 07:10:00,7,10,3,1,9,35,0.9659258262890683,-0.25881904510252063,0.43388373911755823,-0.900968867902419,-1.0,-1.8369701987210297e-16,430,0.9537169507482269,-0.30070579950427295,0,1,0,1,1,1,0,0,0,1,0,rainy,1,0
2022-09-01 07:15:00,7,15,3,1,9,35,0.9659258262890683,-0.25881904510252063,0.43388373911755823,-0.900968867902419,-1.0,-1.8369701987210297e-16,435,0.9469301294951057,-0.3214394653031616,0,1,0,1,1,1,0,0,0,1,0,rainy,1,0
2022-09-01 07:20:00,7,20,3,1,9,35,0.9659258262890683,-0.25881904510252063,0.43388373911755823,-0.900968867902419,-1.0,-1.8369701987210297e-16,440,0.9396926207859084,-0.3420201433256687,0,1,0,1,1,1,0,0,0,1,0,rainy,1,0
2022-09-01 07:25:00,7,25,3,1,9,35,0.9659258262890683,-0.25881904510252063,0.43388373911755823,-0.900968867902419,-1.0,-1.8369701987210297e-16,445,0.9320078692827986,-0.3624380382837014,0,1,0,1,1,1,0,0,0,1,0,rainy,1,0
2022-09-01 07:30:00,7,30,3,1,9,35,0.9659258262890683,-0.25881904510252063,0.43388373911755823,-0.900968867902419,-1.0,-1.8369701987210297e-16,450,0.9238795325112867,-0.3826834323650897,0,1,0,1,1,1,0,0,0,1,0,rainy,1,0
2022-09-01 07:35:00,7,35,3,1,9,35,0.9659258262890683,-0.25881904510252063,0.43388373911755823,-0.900968867902419,-1.0,-1.8369701987210297e-16,455,0.9153114791194472,-0.40274668985873713,0,1,0,1,1,1,0,0,0,1,0,rainy,1,0
2022-09-01 07:40:00,7,40,3,1,9,35,0.9659258262890683,-0.25881904510252063,0.43388373911755823,-0.900968867902419,-1.0,-1.8369701987210297e-16,460,0.90630778703665,-0.42261826174069933,0,1,0,1,1,1,0,0,0,1,0,rainy,1,0
2022-09-01 07:45:00,7,45,3,1,9,35,0.9659258262890683,-0.25881904510252063,0.43388373911755823,-0.900968867902419,-1.0,-1.8369701987210297e-16,465,0.8968727415326884,-0.44228869021900113,0,1,0,1,1,1,0,0,0,1,0,rainy,1,0
2022-09-01 07:50:00,7,50,3,1,9,35,0.9659258262890683,-0.25881904510252063,0.43388373911755823,-0.900968867902419,-1.0,-1.8369701987210297e-16,470,0.8870108331782218,-0.4617486132350338,0,1,0,1,1,1,0,0,0,1,0,rainy,1,0
2022-09-01 07:55:00,7,55,3,1,9,35,0.9659258262890683,-0.25881904510252063,0.43388373911755823,-0.900968867902419,-1.0,-1.8369701987210297e-16,475,0.8767267557075078,-0.48098876891938747,0,1,0,1,1,1,0,0,0,1,0,rainy,1,0
2022-09-01 08:00:00,8,0,3,1,9,35,0.8660254037844387,-0.4999999999999998,0.43388373911755823,-0.900968867902419,-1.0,-1.8369701987210297e-16,480,0.8660254037844387,-0.4999999999999998,0,1,0,1,1,1,0,0,0,1,0,rainy,1,0
2022-09-01 08:05:00,8,5,3,1,9,35,0.8660254037844387,-0.4999999999999998,0.43388373911755823,-0.900968867902419,-1.0,-1.8369701987210297e-16,485,0.8549118706729467,-0.5187732581605212,0,1,0,1,1,1,0,0,0,1,0,rainy,1,0
2022-09-01 08:10:00,8,10,3,1,9,35,0.8660254037844387,-0.4999999999999998,0.43388373911755823,-0.900968867902419,-1.0,-1.8369701987210297e-16,490,0.8433914458128858,-0.5372996083468236,0,1,0,1,1,1,0,0,0,1,0,rainy,1,0
2022-09-01 08:15:00,8,15,3,1,9,35,0.8660254037844387,-0.4999999999999998,0.43388373911755823,-0.900968867902419,-1.0,-1.8369701987210297e-16,495,0.8314696123025451,-0.5555702330196023,0,1,0,1,1,1,0,0,0,1,0,rainy,1,0
2022-09-01 08:20:00,8,20,3,1,9,35,0.8660254037844387,-0.4999999999999998,0.43388373911755823,-0.900968867902419,-1.0,-1.8369701987210297e-16,500,0.819152044288992,-0.5735764363510458,0,1,0,1,1,1,0,0,0,1,0,rainy,1,0
2022-09-01 08:25:00,8,25,3,1,9,35,0.8660254037844387,-0.4999999999999998,0.43388373911755823,-0.900968867902419,-1.0,-1.8369701987210297e-16,505,0.8064446042674828,-0.5913096483635821,0,1,0,1,1,1,0,0,0,1,0,rainy,1,0
2022-09-01 08:30:00,8,30,3,1,9,35,0.8660254037844387,-0.4999999999999998,0.43388373911755823,-0.900968867902419,-1.0,-1.8369701987210297e-16,510,0.7933533402912352,-0.6087614290087207,0,1,0,1,1,1,0,0,0,1,0,rainy,1,0
2022-09-01 08:35:00,8,35,3,1,9,35,0.8660254037844387,-0.4999999999999998,0.43388373911755823,-0.900968867902419,-1.0,-1.8369701987210297e-16,515,0.7798844830928817,-0.6259234721840591,0,1,0,1,1,1,0,0,0,1,0,rainy,1,0
2022-09-01 08:40:00,8,40,3,1,9,35,0.8660254037844387,-0.4999999999999998,0.43388373911755823,-0.900968867902419,-1.0,-1.8369701987210297e-16,520,0.766044443118978,-0.6427876096865394,0,1,0,1,1,1,0,0,0,1,0,rainy,1,0
2022-09-01 08:45:00,8,45,3,1,9,35,0.8660254037844387,-0.4999999999999998,0.43388373911755823,-0.900968867902419,-1.0,-1.8369701987210297e-16,525,0.7518398074789774,-0.6593458151000688,0,1,0,1,1,1,0,0,0,1,0,rainy,1,0
2022-09-01 08:50:00,8,50,3,1,9,35,0.8660254037844387,-0.4999999999999998,0.43388373911755823,-0.900968867902419,-1.0,-1.8369701987210297e-16,530,0.7372773368101241,-0.6755902076156602,0,1,0,1,1,1,0,0,0,1,0,rainy,1,0
2022-09-01 08:55:00,8,55,3,1,9,35,0.8660254037844387,-0.4999999999999998,0.43388373911755823,-0.900968867902419,-1.0,-1.8369701987210297e-16,535,0.7223639620597556,-0.6915130557822693,0,1,0,1,1,1,0,0,0,1,0,rainy,1,0
2022-09-01 09:00:00,9,0,3,1,9,35,0.7071067811865476,-0.7071067811865475,0.43388373911755823,-0.900968867902419,-1.0,-1.8369701987210297e-16,540,0.7071067811865476,-0.7071067811865475,0,1,0,1,1,1,0,0,0,1,0,rainy,1,0
2022-09-01 09:05:00,9,5,3,1,9,35,0.7071067811865476,-0.7071067811865475,0.43388373911755823,-0.900968867902419,-1.0,-1.8369701987210297e-16,545,0.6915130557822694,-0.7223639620597555,0,1,0,1,1,1,0,0,0,1,0,rainy,1,0
2022-09-01 09:10:00,9,10,3,1,9,35,0.7071067811865476,-0.7071067811865475,0.43388373911755823,-0.900968867902419,-1.0,-1.8369701987210297e-16,550,0.6755902076156604,-0.737277336810124,0,1,0,1,1,1,0,0,0,1,0,rainy,1,0
2022-09-01 09:15:00,9,15,3,1,9,35,0.7071067811865476,-0.7071067811865475,0.43388373911755823,-0.900968867902419,-1.0,-1.8369701987210297e-16,555,0.6593458151000686,-0.7518398074789776,0,1,0,1,1,1,0,0,0,1,0,rainy,1,0
2022-09-01 09:20:00,9,20,3,1,9,35,0.7071067811865476,-0.7071067811865475,0.43388373911755823,-0.900968867902419,-1.0,-1.8369701987210297e-16,560,0.6427876096865395,-0.7660444431189779,0,1,0,1,1,1,0,0,0,1,0,rainy,1,0
2022-09-01 09:25:00,9,25,3,1,9,35,0.7071067811865476,-0.7071067811865475,0.43388373911755823,-0.900968867902419,-1.0,-1.8369701987210297e-16,565,0.6259234721840592,-0.7798844830928817,0,1,0,1,1,1,0,0,0,1,0,rainy,1,0
2022-09-01 09:30:00,9,30,3,1,9,35,0.7071067811865476,-0.7071067811865475,0.43388373911755823,-0.900968867902419,-1.0,-1.8369701987210297e-16,570,0.6087614290087204,-0.7933533402912353,0,1,0,1,1,1,0,0,0,1,0,rainy,1,0
2022-09-01 09:35:00,9,35,3,1,9,35,0.7071067811865476,-0.7071067811865475,0.43388373911755823,-0.900968867902419,-1.0,-1.8369701987210297e-16,575,0.5913096483635826,-0.8064446042674824,0,1,0,1,1,1,0,0,0,1,0,rainy,1,0
2022-09-01 09:40:00,9,40,3,1,9,35,0.7071067811865476,-0.7071067811865475,0.43388373911755823,-0.900968867902419,-1.0,-1.8369701987210297e-16,580,0.5735764363510464,-0.8191520442889916,0,1,0,1,1,1,0,0,0,1,0,rainy,1,0
2022-09-01 09:45:00,9,45,3,1,9,35,0.7071067811865476,-0.7071067811865475,0.43388373911755823,-0.900968867902419,-1.0,-1.8369701987210297e-16,585,0.5555702330196022,-0.8314696123025453,0,1,0,1,1,1,0,0,0,1,0,rainy,1,0
2022-09-01 09:50:00,9,50,3,1,9,35,0.7071067811865476,-0.7071067811865475,0.43388373911755823,-0.900968867902419,-1.0,-1.8369701987210297e-16,590,0.5372996083468238,-0.8433914458128857,0,1,0,1,1,1,0,0,0,1,0,rainy,1,0
2022-09-01 09:55:00,9,55,3,1,9,35,0.7071067811865476,-0.7071067811865475,0.43388373911755823,-0.900968867902419,-1.0,-1.8369701987210297e-16,595,0.5187732581605218,-0.8549118706729464,0,1,0,1,1,1,0,0,0,1,0,rainy,1,0
2022-09-01 10:00:00,10,0,3,1,9,35,0.49999999999999994,-0.8660254037844387,0.43388373911755823,-0.900968867902419,-1.0,-1.8369701987210297e-16,600,0.49999999999999994,-0.8660254037844387,0,0,0,0,1,1,0,0,0,1,0,rainy,1,0
2022-09-01 10:05:00,10,5,3,1,9,35,0.49999999999999994,-0.8660254037844387,0.43388373911755823,-0.900968867902419,-1.0,-1.8369701987210297e-16,605,0.48098876891938763,-0.8767267557075077,0,0,0,0,1,1,0,0,0,1,0,rainy,1,0
2022-09-01 10:10:00,10,10,3,1,9,35,0.49999999999999994,-0.8660254037844387,0.43388373911755823,-0.900968867902419,-1.0,-1.8369701987210297e-16,610,0.4617486132350339,-0.8870108331782217,0,0,0,0,1,1,0,0,0,1,0,rainy,1,0
2022-09-01 10:15:00,10,15,3,1,9,35,0.49999999999999994,-0.8660254037844387,0.43388373911755823,-0.900968867902419,-1.0,-1.8369701987210297e-16,615,0.4422886902190013,-0.8968727415326883,0,0,0,0,1,1,0,0,0,1,0,rainy,1,0
2022-09-01 10:20:00,10,20,3,1,9,35,0.49999999999999994,-0.8660254037844387,0.43388373911755823,-0.900968867902419,-1.0,-1.8369701987210297e-16,620,0.4226182617406995,-0.9063077870366499,0,0,0,0,1,1,0,0,0,1,0,rainy,1,0
2022-09-01 10:25:00,10,25,3,1,9,35,0.49999999999999994,-0.8660254037844387,0.43388373911755823,-0.900968867902419,-1.0,-1.8369701987210297e-16,625,0.4027466898587373,-0.9153114791194471,0,0,0,0,1,1,0,0,0,1,0,rainy,1,0
2022-09-01 10:30:00,10,30,3,1,9,35,0.49999999999999994,-0.8660254037844387,0.43388373911755823,-0.900968867902419,-1.0,-1.8369701987210297e-16,630,0.3826834323650899,-0.9238795325112867,0,0,0,0,1,1,0,0,0,1,0,rainy,1,0
2022-09-01 10:35:00,10,35,3,1,9,35,0.49999999999999994,-0.8660254037844387,0.43388373911755823,-0.900968867902419,-1.0,-1.8369701987210297e-16,635,0.36243803828370175,-0.9320078692827984,0,0,0,0,1,1,0,0,0,1,0,rainy,1,0
2022-09-01 10:40:00,10,40,3,1,9,35,0.49999999999999994,-0.8660254037844387,0.43388373911755823,-0.900968867902419,-1.0,-1.8369701987210297e-16,640,0.3420201433256689,-0.9396926207859083,0,0,0,0,1,1,0,0,0,1,0,rainy,1,0
2022-09-01 10:45:00,10,45,3,1,9,35,0.49999999999999994,-0.8660254037844387,0.43388373911755823,-0.900968867902419,-1.0,-1.8369701987210297e-16,645,0.32143946530316175,-0.9469301294951056,0,0,0,0,1,1,0,0,0,1,0,rainy,1,0
2022-09-01 10:50:00,10,50,3,1,9,35,0.49999999999999994,-0.8660254037844387,0.43388373911755823,-0.900968867902419,-1.0,-1.8369701987210297e-16,650,0.30070579950427334,-0.9537169507482268,0,0,0,0,1,1,0,0,0,1,0,rainy,1,0
2022-09-01 10:55:00,10,55,3,1,9,35,0.49999999999999994,-0.8660254037844387,0.43388373911755823,-0.900968867902419,-1.0,-1.8369701987210297e-16,655,0.2798290140309923,-0.9600498543859286,0,0,0,0,1,1,0,0,0,1,0,rainy,1,0
2022-09-01 11:00:00,11,0,3,1,9,35,0.258819045102521,-0.9659258262890682,0.43388373911755823,-0.900968867902419,-1.0,-1.8369701987210297e-16,660,0.258819045102521,-0.9659258262890682,0,0,0,0,1,1,0,0,0,1,0,rainy,1,0
2022-09-01 11:05:00,11,5,3,1,9,35,0.258819045102521,-0.9659258262890682,0.43388373911755823,-0.900968867902419,-1.0,-1.8369701987210297e-16,665,0.23768589232617293,-0.9713420698132614,0,0,0,0,1,1,0,0,0,1,0,rainy,1,0
2022-09-01 11:10:00,11,10,3,1,9,35,0.258819045102521,-0.9659258262890682,0.43388373911755823,-0.900968867902419,-1.0,-1.8369701987210297e-16,670,0.21643961393810318,-0.9762960071199333,0,0,0,0,1,1,0,0,0,1,0,rainy,1,0
2022-09-01 11:15:00,11,15,3,1,9,35,0.258819045102521,-0.9659258262890682,0.43388373911755823,-0.900968867902419,-1.0,-1.8369701987210297e-16,675,0.19509032201612816,-0.9807852804032304,0,0,0,0,1,1,0,0,0,1,0,rainy,1,0
2022-09-01 11:20:00,11,20,3,1,9,35,0.258819045102521,-0.9659258262890682,0.43388373911755823,-0.900968867902419,-1.0,-1.8369701987210297e-16,680,0.17364817766693028,-0.984807753012208,0,0,0,0,1,1,0,0,0,1,0,rainy,1,0
2022-09-01 11:25:00,11,25,3,1,9,35,0.258819045102521,-0.9659258262890682,0.43388373911755823,-0.900968867902419,-1.0,-1.8369701987210297e-16,685,0.15212338618991708,-0.9883615104677607,0,0,0,0,1,1,0,0,0,1,0,rainy,1,0
2022-09-01 11:30:00,11,30,3,1,9,35,0.258819045102521,-0.9659258262890682,0.43388373911755823,-0.900968867902419,-1.0,-1.8369701987210297e-16,690,0.13052619222005157,-0.9914448613738104,0,0,0,0,1,1,0,0,0,1,0,rainy,1,0
2022-09-01 11:35:00,11,35,3,1,9,35,0.258819045102521,-0.9659258262890682,0.43388373911755823,-0.900968867902419,-1.0,-1.8369701987210297e-16,695,0.10886687485196457,-0.9940563382223196,0,0,0,0,1,1,0,0,0,1,0,rainy,1,0
2022-09-01 11:40:00,11,40,3,1,9,35,0.258819045102521,-0.9659258262890682,0.43388373911755823,-0.900968867902419,-1.0,-1.8369701987210297e-16,700,0.08715574274765864,-0.9961946980917455,0,0,0,0,1,1,0,0,0,1,0,rainy,1,0
2022-09-01 11:45:00,11,45,3,1,9,35,0.258819045102521,-0.9659258262890682,0.43388373911755823,-0.900968867902419,-1.0,-1.8369701987210297e-16,705,0.06540312923014312,-0.9978589232386035,0,0,0,0,1,1,0,0,0,1,0,rainy,1,0
2022-09-01 11:50:00,11,50,3,1,9,35,0.258819045102521,-0.9659258262890682,0.43388373911755823,-0.900968867902419,-1.0,-1.8369701987210297e-16,710,0.04361938736533607,-0.9990482215818578,0,0,0,0,1,1,0,0,0,1,0,rainy,1,0
2022-09-01 11:55:00,11,55,3,1,9,35,0.258819045102521,-0.9659258262890682,0.43388373911755823,-0.900968867902419,-1.0,-1.8369701987210297e-16,715,0.021814885034560774,-0.9997620270799091,0,0,0,0,1,1,0,0,0,1,0,rainy,1,0
2022-09-01 12:00:00,12,0,3,1,9,35,1.2246467991473532e-16,-1.0,0.43388373911755823,-0.900968867902419,-1.0,-1.8369701987210297e-16,720,1.2246467991473532e-16,-1.0,0,0,0,0,2,1,0,0,0,1,0,rainy,1,0
2022-09-01 12:05:00,12,5,3,1,9,35,1.2246467991473532e-16,-1.0,0.43388373911755823,-0.900968867902419,-1.0,-1.8369701987210297e-16,725,-0.021814885034560975,-0.9997620270799091,0,0,0,0,2,1,0,0,0,1,0,rainy,1,0
2022-09-01 12:10:00,12,10,3,1,9,35,1.2246467991473532e-16,-1.0,0.43388373911755823,-0.900968867902419,-1.0,-1.8369701987210297e-16,730,-0.04361938736533627,-0.9990482215818578,0,0,0,0,2,1,0,0,0,1,0,rainy,1,0
2022-09-01 12:15:00,12,15,3,1,9,35,1.2246467991473532e-16,-1.0,0.43388373911755823,-0.900968867902419,-1.0,-1.8369701987210297e-16,735,-0.06540312923014287,-0.9978589232386035,0,0,0,0,2,1,0,0,0,1,0,rainy,1,0
2022-09-01 12:20:00,12,20,3,1,9,35,1.2246467991473532e-16,-1.0,0.43388373911755823,-0.900968867902419,-1.0,-1.8369701987210297e-16,740,-0.08715574274765794,-0.9961946980917455,0,0,0,0,2,1,0,0,0,1,0,rainy,1,0
2022-09-01 12:25:00,12,25,3,1,9,35,1.2246467991473532e-16,-1.0,0.43388373911755823,-0.900968867902419,-1.0,-1.8369701987210297e-16,745,-0.10886687485196476,-0.9940563382223196,0,0,0,0,2,1,0,0,0,1,0,rainy,1,0
2022-09-01 12:30:00,12,30,3,1,9,35,1.2246467991473532e-16,-1.0,0.43388373911755823,-0.900968867902419,-1.0,-1.8369701987210297e-16,750,-0.13052619222005132,-0.9914448613738105,0,0,0,0,2,1,0,0,0,1,0,rainy,1,0
2022-09-01 12:35:00,12,35,3,1,9,35,1.2246467991473532e-16,-1.0,0.43388373911755823,-0.900968867902419,-1.0,-1.8369701987210297e-16,755,-0.15212338618991642,-0.9883615104677608,0,0,0,0,2,1,0,0,0,1,0,rainy,1,0
2022-09-01 12:40:00,12,40,3,1,9,35,1.2246467991473532e-16,-1.0,0.43388373911755823,-0.900968867902419,-1.0,-1.8369701987210297e-16,760,-0.17364817766693047,-0.984807753012208,0,0,0,0,2,1,0,0,0,1,0,rainy,1,0
2022-09-01 12:45:00,12,45,3,1,9,35,1.2246467991473532e-16,-1.0,0.43388373911755823,-0.900968867902419,-1.0,-1.8369701987210297e-16,765,-0.19509032201612792,-0.9807852804032305,0,0,0,0,2,1,0,0,0,1,0,rainy,1,0
2022-09-01 12:50:00,12,50,3,1,9,35,1.2246467991473532e-16,-1.0,0.43388373911755823,-0.900968867902419,-1.0,-1.8369701987210297e-16,770,-0.21643961393810293,-0.9762960071199334,0,0,0,0,2,1,0,0,0,1,0,rainy,1,0
2022-09-01 12:55:00,12,55,3,1,9,35,1.2246467991473532e-16,-1.0,0.43388373911755823,-0.900968867902419,-1.0,-1.8369701987210297e-16,775,-0.23768589232617313,-0.9713420698132614,0,0,0,0,2,1,0,0,0,1,0,rainy,1,0
2022-09-01 13:00:00,13,0,3,1,9,35,-0.2588190451025208,-0.9659258262890683,0.43388373911755823,-0.900968867902419,-1.0,-1.8369701987210297e-16,780,-0.25881904510252035,-0.9659258262890684,0,0,0,0,2,1,0,0,0,1,0,rainy,1,0
2022-09-01 13:05:00,13,5,3,1,9,35,-0.2588190451025208,-0.9659258262890683,0.43388373911755823,-0.900968867902419,-1.0,-1.8369701987210297e-16,785,-0.27982901403099203,-0.9600498543859287,0,0,0,0,2,1,0,0,0,1,0,rainy,1,0
2022-09-01 13:10:00,13,10,3,1,9,35,-0.2588190451025208,-0.9659258262890683,0.43388373911755823,-0.900968867902419,-1.0,-1.8369701987210297e-16,790,-0.30070579950427306,-0.9537169507482269,0,0,0,0,2,1,0,0,0,1,0,rainy,1,0
2022-09-01 13:15:00,13,15,3,1,9,35,-0.2588190451025208,-0.9659258262890683,0.43388373911755823,-0.900968867902419,-1.0,-1.8369701987210297e-16,795,-0.3214394653031611,-0.9469301294951058,0,0,0,0,2,1,0,0,0,1,0,rainy,1,0
2022-09-01 13:20:00,13,20,3,1,9,35,-0.2588190451025208,-0.9659258262890683,0.43388373911755823,-0.900968867902419,-1.0,-1.8369701987210297e-16,800,-0.34202014332566866,-0.9396926207859084,0,0,0,0,2,1,0,0,0,1,0,rainy,1,0
2022-09-01 13:25:00,13,25,3,1,9,35,-0.2588190451025208,-0.9659258262890683,0.43388373911755823,-0.900968867902419,-1.0,-1.8369701987210297e-16,805,-0.3624380382837015,-0.9320078692827986,0,0,0,0,2,1,0,0,0,1,0,rainy,1,0
2022-09-01 13:30:00,13,30,3,1,9,35,-0.2588190451025208,-0.9659258262890683,0.43388373911755823,-0.900968867902419,-1.0,-1.8369701987210297e-16,810,-0.3826834323650892,-0.923879532511287,0,0,0,0,2,1,0,0,0,1,0,rainy,1,0
2022-09-01 13:35:00,13,35,3,1,9,35,-0.2588190451025208,-0.9659258262890683,0.43388373911755823,-0.900968867902419,-1.0,-1.8369701987210297e-16,815,-0.4027466898587371,-0.9153114791194472,0,0,0,0,2,1,0,0,0,1,0,rainy,1,0
2022-09-01 13:40:00,13,40,3,1,9,35,-0.2588190451025208,-0.9659258262890683,0.43388373911755823,-0.900968867902419,-1.0,-1.8369701987210297e-16,820,-0.4226182617406993,-0.90630778703665,0,0,0,0,2,1,0,0,0,1,0,rainy,1,0
2022-09-01 13:45:00,13,45,3,1,9,35,-0.2588190451025208,-0.9659258262890683,0.43388373911755823,-0.900968867902419,-1.0,-1.8369701987210297e-16,825,-0.44228869021900147,-0.8968727415326883,0,0,0,0,2,1,0,0,0,1,0,rainy,1,0
2022-09-01 13:50:00,13,50,3,1,9,35,-0.2588190451025208,-0.9659258262890683,0.43388373911755823,-0.900968867902419,-1.0,-1.8369701987210297e-16,830,-0.4617486132350337,-0.8870108331782218,0,0,0,0,2,1,0,0,0,1,0,rainy,1,0
2022-09-01 13:55:00,13,55,3,1,9,35,-0.2588190451025208,-0.9659258262890683,0.43388373911755823,-0.900968867902419,-1.0,-1.8369701987210297e-16,835,-0.4809887689193874,-0.8767267557075078,0,0,0,0,2,1,0,0,0,1,0,rainy,1,0
2022-09-01 14:00:00,14,0,3,1,9,35,-0.4999999999999997,-0.8660254037844388,0.43388373911755823,-0.900968867902419,-1.0,-1.8369701987210297e-16,840,-0.5000000000000001,-0.8660254037844386,0,0,0,0,2,1,0,0,0,1,0,rainy,1,0
2022-09-01 14:05:00,14,5,3,1,9,35,-0.4999999999999997,-0.8660254037844388,0.43388373911755823,-0.900968867902419,-1.0,-1.8369701987210297e-16,845,-0.5187732581605212,-0.8549118706729467,0,0,0,0,2,1,0,0,0,1,0,rainy,1,0
2022-09-01 14:10:00,14,10,3,1,9,35,-0.4999999999999997,-0.8660254037844388,0.43388373911755823,-0.900968867902419,-1.0,-1.8369701987210297e-16,850,-0.5372996083468236,-0.8433914458128858,0,0,0,0,2,1,0,0,0,1,0,rainy,1,0
2022-09-01 14:15:00,14,15,3,1,9,35,-0.4999999999999997,-0.8660254037844388,0.43388373911755823,-0.900968867902419,-1.0,-1.8369701987210297e-16,855,-0.5555702330196023,-0.8314696123025452,0,0,0,0,2,1,0,0,0,1,0,rainy,1,0
2022-09-01 14:20:00,14,20,3,1,9,35,-0.4999999999999997,-0.8660254037844388,0.43388373911755823,-0.900968867902419,-1.0,-1.8369701987210297e-16,860,-0.5735764363510458,-0.819152044288992,0,0,0,0,2,1,0,0,0,1,0,rainy,1,0
2022-09-01 14:25:00,14,25,3,1,9,35,-0.4999999999999997,-0.8660254037844388,0.43388373911755823,-0.900968867902419,-1.0,-1.8369701987210297e-16,865,-0.5913096483635824,-0.8064446042674825,0,0,0,0,2,1,0,0,0,1,0,rainy,1,0
2022-09-01 14:30:00,14,30,3,1,9,35,-0.4999999999999997,-0.8660254037844388,0.43388373911755823,-0.900968867902419,-1.0,-1.8369701987210297e-16,870,-0.6087614290087207,-0.7933533402912352,0,0,0,0,2,1,0,0,0,1,0,rainy,1,0
2022-09-01 14:35:00,14,35,3,1,9,35,-0.4999999999999997,-0.8660254037844388,0.43388373911755823,-0.900968867902419,-1.0,-1.8369701987210297e-16,875,-0.6259234721840587,-0.779884483092882,0,0,0,0,2,1,0,0,0,1,0,rainy,1,0
2022-09-01 14:40:00,14,40,3,1,9,35,-0.4999999999999997,-0.8660254037844388,0.43388373911755823,-0.900968867902419,-1.0,-1.8369701987210297e-16,880,-0.6427876096865393,-0.766044443118978,0,0,0,0,2,1,0,0,0,1,0,rainy,1,0
2022-09-01 14:45:00,14,45,3,1,9,35,-0.4999999999999997,-0.8660254037844388,0.43388373911755823,-0.900968867902419,-1.0,-1.8369701987210297e-16,885,-0.6593458151000688,-0.7518398074789774,0,0,0,0,2,1,0,0,0,1,0,rainy,1,0
2022-09-01 14:50:00,14,50,3,1,9,35,-0.4999999999999997,-0.8660254037844388,0.43388373911755823,-0.900968867902419,-1.0,-1.8369701987210297e-16,890,-0.6755902076156598,-0.7372773368101244,0,0,0,0,2,1,0,0,0,1,0,rainy,1,0
2022-09-01 14:55:00,14,55,3,1,9,35,-0.4999999999999997,-0.8660254037844388,0.43388373911755823,-0.900968867902419,-1.0,-1.8369701987210297e-16,895,-0.6915130557822693,-0.7223639620597556,0,0,0,0,2,1,0,0,0,1,0,rainy,1,0
2022-09-01 15:00:00,15,0,3,1,9,35,-0.7071067811865471,-0.7071067811865479,0.43388373911755823,-0.900968867902419,-1.0,-1.8369701987210297e-16,900,-0.7071067811865475,-0.7071067811865477,0,0,0,0,2,1,0,0,0,1,0,rainy,1,0
2022-09-01 15:05:00,15,5,3,1,9,35,-0.7071067811865471,-0.7071067811865479,0.43388373911755823,-0.900968867902419,-1.0,-1.8369701987210297e-16,905,-0.7223639620597552,-0.6915130557822698,0,0,0,0,2,1,0,0,0,1,0,rainy,1,0
2022-09-01 15:10:00,15,10,3,1,9,35,-0.7071067811865471,-0.7071067811865479,0.43388373911755823,-0.900968867902419,-1.0,-1.8369701987210297e-16,910,-0.7372773368101239,-0.6755902076156604,0,0,0,0,2,1,0,0,0,1,0,rainy,1,0
2022-09-01 15:15:00,15,15,3,1,9,35,-0.7071067811865471,-0.7071067811865479,0.43388373911755823,-0.900968867902419,-1.0,-1.8369701987210297e-16,915,-0.7518398074789773,-0.6593458151000691,0,0,0,0,2,1,0,0,0,1,0,rainy,1,0
2022-09-01 15:20:00,15,20,3,1,9,35,-0.7071067811865471,-0.7071067811865479,0.43388373911755823,-0.900968867902419,-1.0,-1.8369701987210297e-16,920,-0.7660444431189779,-0.6427876096865395,0,0,0,0,2,1,0,0,0,1,0,rainy,1,0
2022-09-01 15:25:00,15,25,3,1,9,35,-0.7071067811865471,-0.7071067811865479,0.43388373911755823,-0.900968867902419,-1.0,-1.8369701987210297e-16,925,-0.7798844830928819,-0.625923472184059,0,0,0,0,2,1,0,0,0,1,0,rainy,1,0
2022-09-01 15:30:00,15,30,3,1,9,35,-0.7071067811865471,-0.7071067811865479,0.43388373911755823,-0.900968867902419,-1.0,-1.8369701987210297e-16,930,-0.7933533402912349,-0.6087614290087209,0,0,0,0,2,1,0,0,0,1,0,rainy,1,0
2022-09-01 15:35:00,15,35,3,1,9,35,-0.7071067811865471,-0.7071067811865479,0.43388373911755823,-0.900968867902419,-1.0,-1.8369701987210297e-16,935,-0.8064446042674827,-0.5913096483635822,0,0,0,0,2,1,0,0,0,1,0,rainy,1,0
2022-09-01 15:40:00,15,40,3,1,9,35,-0.7071067811865471,-0.7071067811865479,0.43388373911755823,-0.900968867902419,-1.0,-1.8369701987210297e-16,940,-0.8191520442889916,-0.5735764363510464,0,0,0,0,2,1,0,0,0,1,0,rainy,1,0
2022-09-01 15:45:00,15,45,3,1,9,35,-0.7071067811865471,-0.7071067811865479,0.43388373911755823,-0.900968867902419,-1.0,-1.8369701987210297e-16,945,-0.8314696123025448,-0.555570233019603,0,0,0,0,2,1,0,0,0,1,0,rainy,1,0
2022-09-01 15:50:00,15,50,3,1,9,35,-0.7071067811865471,-0.7071067811865479,0.43388373911755823,-0.900968867902419,-1.0,-1.8369701987210297e-16,950,-0.8433914458128855,-0.5372996083468242,0,0,0,0,2,1,0,0,0,1,0,rainy,1,0
2022-09-01 15:55:00,15,55,3,1,9,35,-0.7071067811865471,-0.7071067811865479,0.43388373911755823,-0.900968867902419,-1.0,-1.8369701987210297e-16,955,-0.8549118706729466,-0.5187732581605214,0,0,0,0,2,1,0,0,0,1,0,rainy,1,0
2022-09-01 16:00:00,16,0,3,1,9,35,-0.8660254037844385,-0.5000000000000004,0.43388373911755823,-0.900968867902419,-1.0,-1.8369701987210297e-16,960,-0.8660254037844385,-0.5000000000000004,0,0,0,0,2,1,0,0,0,1,0,rainy,1,0
2022-09-01 16:05:00,16,5,3,1,9,35,-0.8660254037844385,-0.5000000000000004,0.43388373911755823,-0.900968867902419,-1.0,-1.8369701987210297e-16,965,-0.8767267557075077,-0.4809887689193877,0,0,0,0,2,1,0,0,0,1,0,rainy,1,0
2022-09-01 16:10:00,16,10,3,1,9,35,-0.8660254037844385,-0.5000000000000004,0.43388373911755823,-0.900968867902419,-1.0,-1.8369701987210297e-16,970,-0.8870108331782215,-0.46174861323503436,0,0,0,0,2,1,0,0,0,1,0,rainy,1,0
2022-09-01 16:15:00,16,15,3,1,9,35,-0.8660254037844385,-0.5000000000000004,0.43388373911755823,-0.900968867902419,-1.0,-1.8369701987210297e-16,975,-0.8968727415326883,-0.44228869021900136,0,0,0,0,2,1,0,0,0,1,0,rainy,1,0
2022-09-01 16:20:00,16,20,3,1,9,35,-0.8660254037844385,-0.5000000000000004,0.43388373911755823,-0.900968867902419,-1.0,-1.8369701987210297e-16,980,-0.9063077870366497,-0.42261826174069994,0,0,0,0,2,1,0,0,0,1,0,rainy,1,0
2022-09-01 16:25:00,16,25,3,1,9,35,-0.8660254037844385,-0.5000000000000004,0.43388373911755823,-0.900968867902419,-1.0,-1.8369701987210297e-16,985,-0.9153114791194471,-0.40274668985873735,0,0,0,0,2,1,0,0,0,1,0,rainy,1,0
2022-09-01 16:30:00,16,30,3,1,9,35,-0.8660254037844385,-0.5000000000000004,0.43388373911755823,-0.900968867902419,-1.0,-1.8369701987210297e-16,990,-0.9238795325112868,-0.3826834323650895,0,0,0,0,2,1,0,0,0,1,0,rainy,1,0
2022-09-01 16:35:00,16,35,3,1,9,35,-0.8660254037844385,-0.5000000000000004,0.43388373911755823,-0.900968867902419,-1.0,-1.8369701987210297e-16,995,-0.9320078692827984,-0.3624380382837018,0,0,0,0,2,1,0,0,0,1,0,rainy,1,0
2022-09-01 16:40:00,16,40,3,1,9,35,-0.8660254037844385,-0.5000000000000004,0.43388373911755823,-0.900968867902419,-1.0,-1.8369701987210297e-16,1000,-0.9396926207859082,-0.3420201433256694,0,0,0,0,2,1,0,0,0,1,0,rainy,1,0
2022-09-01 16:45:00,16,45,3,1,9,35,-0.8660254037844385,-0.5000000000000004,0.43388373911755823,-0.900968867902419,-1.0,-1.8369701987210297e-16,1005,-0.9469301294951056,-0.3214394653031618,0,0,0,0,2,1,0,0,0,1,0,rainy,1,0
2022-09-01 16:50:00,16,50,3,1,9,35,-0.8660254037844385,-0.5000000000000004,0.43388373911755823,-0.900968867902419,-1.0,-1.8369701987210297e-16,1010,-0.9537169507482267,-0.3007057995042738,0,0,0,0,2,1,0,0,0,1,0,rainy,1,0
2022-09-01 16:55:00,16,55,3,1,9,35,-0.8660254037844385,-0.5000000000000004,0.43388373911755823,-0.900968867902419,-1.0,-1.8369701987210297e-16,1015,-0.9600498543859286,-0.27982901403099236,0,0,0,0,2,1,0,0,0,1,0,rainy,1,0
2022-09-01 17:00:00,17,0,3,1,9,35,-0.9659258262890683,-0.25881904510252063,0.43388373911755823,-0.900968867902419,-1.0,-1.8369701987210297e-16,1020,-0.9659258262890683,-0.25881904510252063,0,0,1,1,2,1,0,0,0,1,0,rainy,1,0
2022-09-01 17:05:00,17,5,3,1,9,35,-0.9659258262890683,-0.25881904510252063,0.43388373911755823,-0.900968867902419,-1.0,-1.8369701987210297e-16,1025,-0.9713420698132613,-0.23768589232617343,0,0,1,1,2,1,0,0,0,1,0,rainy,1,0
2022-09-01 17:10:00,17,10,3,1,9,35,-0.9659258262890683,-0.25881904510252063,0.43388373911755823,-0.900968867902419,-1.0,-1.8369701987210297e-16,1030,-0.9762960071199334,-0.21643961393810282,0,0,1,1,2,1,0,0,0,1,0,rainy,1,0
2022-09-01 17:15:00,17,15,3,1,9,35,-0.9659258262890683,-0.25881904510252063,0.43388373911755823,-0.900968867902419,-1.0,-1.8369701987210297e-16,1035,-0.9807852804032303,-0.19509032201612866,0,0,1,1,2,1,0,0,0,1,0,rainy,1,0
2022-09-01 17:20:00,17,20,3,1,9,35,-0.9659258262890683,-0.25881904510252063,0.43388373911755823,-0.900968867902419,-1.0,-1.8369701987210297e-16,1040,-0.984807753012208,-0.17364817766693033,0,0,1,1,2,1,0,0,0,1,0,rainy,1,0
2022-09-01 17:25:00,17,25,3,1,9,35,-0.9659258262890683,-0.25881904510252063,0.43388373911755823,-0.900968867902419,-1.0,-1.8369701987210297e-16,1045,-0.9883615104677607,-0.15212338618991714,0,0,1,1,2,1,0,0,0,1,0,rainy,1,0
2022-09-01 17:30:00,17,30,3,1,9,35,-0.9659258262890683,-0.25881904510252063,0.43388373911755823,-0.900968867902419,-1.0,-1.8369701987210297e-16,1050,-0.9914448613738104,-0.13052619222005163,0,0,1,1,2,1,0,0,0,1,0,rainy,1,0
2022-09-01 17:35:00,17,35,3,1,9,35,-0.9659258262890683,-0.25881904510252063,0.43388373911755823,-0.900968867902419,-1.0,-1.8369701987210297e-16,1055,-0.9940563382223195,-0.10886687485196507,0,0,1,1,2,1,0,0,0,1,0,rainy,1,0
2022-09-01 17:40:00,17,40,3,1,9,35,-0.9659258262890683,-0.25881904510252063,0.43388373911755823,-0.900968867902419,-1.0,-1.8369701987210297e-16,1060,-0.9961946980917455,-0.08715574274765825,0,0,1,1,2,1,0,0,0,1,0,rainy,1,0
2022-09-01 17:45:00,17,45,3,1,9,35,-0.9659258262890683,-0.25881904510252063,0.43388373911755823,-0.900968867902419,-1.0,-1.8369701987210297e-16,1065,-0.9978589232386035,-0.06540312923014362,0,0,1,1,2,1,0,0,0,1,0,rainy,1,0
2022-09-01 17:50:00,17,50,3,1,9,35,-0.9659258262890683,-0.25881904510252063,0.43388373911755823,-0.900968867902419,-1.0,-1.8369701987210297e-16,1070,-0.9990482215818578,-0.04361938736533613,0,0,1,1,2,1,0,0,0,1,0,rainy,1,0
2022-09-01 17:55:00,17,55,3,1,9,35,-0.9659258262890683,-0.25881904510252063,0.43388373911755823,-0.900968867902419,-1.0,-1.8369701987210297e-16,1075,-0.9997620270799091,-0.021814885034560836,0,0,1,1,2,1,0,0,0,1,0,rainy,1,0
2022-09-01 18:00:00,18,0,3,1,9,35,-1.0,-1.8369701987210297e-16,0.43388373911755823,-0.900968867902419,-1.0,-1.8369701987210297e-16,1080,-1.0,-1.8369701987210297e-16,0,0,1,1,3,1,0,0,0,1,0,rainy,1,0
2022-09-01 18:05:00,18,5,3,1,9,35,-1.0,-1.8369701987210297e-16,0.43388373911755823,-0.900968867902419,-1.0,-1.8369701987210297e-16,1085,-0.9997620270799091,0.021814885034561356,0,0,1,1,3,1,0,0,0,1,0,rainy,1,0
2022-09-01 18:10:00,18,10,3,1,9,35,-1.0,-1.8369701987210297e-16,0.43388373911755823,-0.900968867902419,-1.0,-1.8369701987210297e-16,1090,-0.9990482215818578,0.043619387365335764,0,0,1,1,3,1,0,0,0,1,0,rainy,1,0
2022-09-01 18:15:00,18,15,3,1,9,35,-1.0,-1.8369701987210297e-16,0.43388373911755823,-0.900968867902419,-1.0,-1.8369701987210297e-16,1095,-0.9978589232386036,0.06540312923014237,0,0,1,1,3,1,0,0,0,1,0,rainy,1,0
2022-09-01 18:20:00,18,20,3,1,9,35,-1.0,-1.8369701987210297e-16,0.43388373911755823,-0.900968867902419,-1.0,-1.8369701987210297e-16,1100,-0.9961946980917455,0.08715574274765789,0,0,1,1,3,1,0,0,0,1,0,rainy,1,0
2022-09-01 18:25:00,18,25,3,1,9,35,-1.0,-1.8369701987210297e-16,0.43388373911755823,-0.900968867902419,-1.0,-1.8369701987210297e-16,1105,-0.9940563382223196,0.10886687485196471,0,0,1,1,3,1,0,0,0,1,0,rainy,1,0
2022-09-01 18:30:00,18,30,3,1,9,35,-1.0,-1.8369701987210297e-16,0.43388373911755823,-0.900968867902419,-1.0,-1.8369701987210297e-16,1110,-0.9914448613738104,0.13052619222005213,0,0,1,1,3,1,0,0,0,1,0,rainy,1,0
2022-09-01 18:35:00,18,35,3,1,9,35,-1.0,-1.8369701987210297e-16,0.43388373911755823,-0.900968867902419,-1.0,-1.8369701987210297e-16,1115,-0.9883615104677607,0.15212338618991678,0,0,1,1,3,1,0,0,0,1,0,rainy,1,0
2022-09-01 18:40:00,18,40,3,1,9,35,-1.0,-1.8369701987210297e-16,0.43388373911755823,-0.900968867902419,-1.0,-1.8369701987210297e-16,1120,-0.9848077530122081,0.17364817766692997,0,0,1,1,3,1,0,0,0,1,0,rainy,1,0
2022-09-01 18:45:00,18,45,3,1,9,35,-1.0,-1.8369701987210297e-16,0.43388373911755823,-0.900968867902419,-1.0,-1.8369701987210297e-16,1125,-0.9807852804032304,0.1950903220161283,0,0,1,1,3,1,0,0,0,1,0,rainy,1,0
2022-09-01 18:50:00,18,50,3,1,9,35,-1.0,-1.8369701987210297e-16,0.43388373911755823,-0.900968867902419,-1.0,-1.8369701987210297e-16,1130,-0.9762960071199335,0.21643961393810246,0,0,1,1,3,1,0,0,0,1,0,rainy,1,0
2022-09-01 18:55:00,18,55,3,1,9,35,-1.0,-1.8369701987210297e-16,0.43388373911755823,-0.900968867902419,-1.0,-1.8369701987210297e-16,1135,-0.9713420698132614,0.23768589232617307,0,0,1,1,3,1,0,0,0,1,0,rainy,1,0
2022-09-01 19:00:00,19,0,3,1,9,35,-0.9659258262890684,0.2588190451025203,0.43388373911755823,-0.900968867902419,-1.0,-1.8369701987210297e-16,1140,-0.9659258262890682,0.25881904510252113,0,0,1,1,3,1,0,0,0,1,0,rainy,1,0
2022-09-01 19:05:00,19,5,3,1,9,35,-0.9659258262890684,0.2588190451025203,0.43388373911755823,-0.900968867902419,-1.0,-1.8369701987210297e-16,1145,-0.9600498543859287,0.279829014030992,0,0,1,1,3,1,0,0,0,1,0,rainy,1,0
2022-09-01 19:10:00,19,10,3,1,9,35,-0.9659258262890684,0.2588190451025203,0.43388373911755823,-0.900968867902419,-1.0,-1.8369701987210297e-16,1150,-0.953716950748227,0.3007057995042726,0,0,1,1,3,1,0,0,0,1,0,rainy,1,0
2022-09-01 19:15:00,19,15,3,1,9,35,-0.9659258262890684,0.2588190451025203,0.43388373911755823,-0.900968867902419,-1.0,-1.8369701987210297e-16,1155,-0.9469301294951057,0.3214394653031615,0,0,1,1,3,1,0,0,0,1,0,rainy,1,0
2022-09-01 19:20:00,19,20,3,1,9,35,-0.9659258262890684,0.2588190451025203,0.43388373911755823,-0.900968867902419,-1.0,-1.8369701987210297e-16,1160,-0.9396926207859085,0.34202014332566816,0,0,1,1,3,1,0,0,0,1,0,rainy,1,0
2022-09-01 19:25:00,19,25,3,1,9,35,-0.9659258262890684,0.2588190451025203,0.43388373911755823,-0.900968867902419,-1.0,-1.8369701987210297e-16,1165,-0.9320078692827986,0.36243803828370147,0,0,1,1,3,1,0,0,0,1,0,rainy,1,0
2022-09-01 19:30:00,19,30,3,1,9,35,-0.9659258262890684,0.2588190451025203,0.43388373911755823,-0.900968867902419,-1.0,-1.8369701987210297e-16,1170,-0.9238795325112866,0.38268343236509,0,0,1,1,3,1,0,0,0,1,0,rainy,1,0
2022-09-01 19:35:00,19,35,3,1,9,35,-0.9659258262890684,0.2588190451025203,0.43388373911755823,-0.900968867902419,-1.0,-1.8369701987210297e-16,1175,-0.9153114791194472,0.402746689858737,0,0,1,1,3,1,0,0,0,1,0,rainy,1,0
2022-09-01 19:40:00,19,40,3,1,9,35,-0.9659258262890684,0.2588190451025203,0.43388373911755823,-0.900968867902419,-1.0,-1.8369701987210297e-16,1180,-0.9063077870366498,0.4226182617406996,0,0,1,1,3,1,0,0,0,1,0,rainy,1,0
2022-09-01 19:45:00,19,45,3,1,9,35,-0.9659258262890684,0.2588190451025203,0.43388373911755823,-0.900968867902419,-1.0,-1.8369701987210297e-16,1185,-0.8968727415326884,0.442288690219001,0,0,1,1,3,1,0,0,0,1,0,rainy,1,0
2022-09-01 19:50:00,19,50,3,1,9,35,-0.9659258262890684,0.2588190451025203,0.43388373911755823,-0.900968867902419,-1.0,-1.8369701987210297e-16,1190,-0.887010833178222,0.46174861323503325,0,0,1,1,3,1,0,0,0,1,0,rainy,1,0
2022-09-01 19:55:00,19,55,3,1,9,35,-0.9659258262890684,0.2588190451025203,0.43388373911755823,-0.900968867902419,-1.0,-1.8369701987210297e-16,1195,-0.8767267557075079,0.48098876891938736,0,0,1,1,3,1,0,0,0,1,0,rainy,1,0
2022-09-01 20:00:00,20,0,3,1,9,35,-0.8660254037844386,0.5000000000000001,0.43388373911755823,-0.900968867902419,-1.0,-1.8369701987210297e-16,1200,-0.8660254037844386,0.5000000000000001,0,0,0,0,3,1,0,0,0,1,0,rainy,1,0
2022-09-01 20:05:00,20,5,3,1,9,35,-0.8660254037844386,0.5000000000000001,0.43388373911755823,-0.900968867902419,-1.0,-1.8369701987210297e-16,1205,-0.8549118706729468,0.5187732581605211,0,0,0,0,3,1,0,0,0,1,0,rainy,1,0
2022-09-01 20:10:00,20,10,3,1,9,35,-0.8660254037844386,0.5000000000000001,0.43388373911755823,-0.900968867902419,-1.0,-1.8369701987210297e-16,1210,-0.8433914458128857,0.5372996083468239,0,0,0,0,3,1,0,0,0,1,0,rainy,1,0
2022-09-01 20:15:00,20,15,3,1,9,35,-0.8660254037844386,0.5000000000000001,0.43388373911755823,-0.900968867902419,-1.0,-1.8369701987210297e-16,1215,-0.8314696123025455,0.5555702330196018,0,0,0,0,3,1,0,0,0,1,0,rainy,1,0
2022-09-01 20:20:00,20,20,3,1,9,35,-0.8660254037844386,0.5000000000000001,0.43388373911755823,-0.900968867902419,-1.0,-1.8369701987210297e-16,1220,-0.8191520442889918,0.573576436351046,0,0,0,0,3,1,0,0,0,1,0,rainy,1,0
2022-09-01 20:25:00,20,25,3,1,9,35,-0.8660254037844386,0.5000000000000001,0.43388373911755823,-0.900968867902419,-1.0,-1.8369701987210297e-16,1225,-0.8064446042674829,0.591309648363582,0,0,0,0,3,1,0,0,0,1,0,rainy,1,0
2022-09-01 20:30:00,20,30,3,1,9,35,-0.8660254037844386,0.5000000000000001,0.43388373911755823,-0.900968867902419,-1.0,-1.8369701987210297e-16,1230,-0.7933533402912352,0.6087614290087205,0,0,0,0,3,1,0,0,0,1,0,rainy,1,0
2022-09-01 20:35:00,20,35,3,1,9,35,-0.8660254037844386,0.5000000000000001,0.43388373911755823,-0.900968867902419,-1.0,-1.8369701987210297e-16,1235,-0.7798844830928816,0.6259234721840593,0,0,0,0,3,1,0,0,0,1,0,rainy,1,0
2022-09-01 20:40:00,20,40,3,1,9,35,-0.8660254037844386,0.5000000000000001,0.43388373911755823,-0.900968867902419,-1.0,-1.8369701987210297e-16,1240,-0.7660444431189781,0.6427876096865393,0,0,0,0,3,1,0,0,0,1,0,rainy,1,0
2022-09-01 20:45:00,20,45,3,1,9,35,-0.8660254037844386,0.5000000000000001,0.43388373911755823,-0.900968867902419,-1.0,-1.8369701987210297e-16,1245,-0.7518398074789777,0.6593458151000684,0,0,0,0,3,1,0,0,0,1,0,rainy,1,0
2022-09-01 20:50:00,20,50,3,1,9,35,-0.8660254037844386,0.5000000000000001,0.43388373911755823,-0.900968867902419,-1.0,-1.8369701987210297e-16,1250,-0.7372773368101242,0.6755902076156601,0,0,0,0,3,1,0,0,0,1,0,rainy,1,0
2022-09-01 20:55:00,20,55,3,1,9,35,-0.8660254037844386,0.5000000000000001,0.43388373911755823,-0.900968867902419,-1.0,-1.8369701987210297e-16,1255,-0.7223639620597561,0.6915130557822688,0,0,0,0,3,1,0,0,0,1,0,rainy,1,0
2022-09-01 21:00:00,21,0,3,1,9,35,-0.7071067811865477,0.7071067811865474,0.43388373911755823,-0.900968867902419,-1.0,-1.8369701987210297e-16,1260,-0.7071067811865477,0.7071067811865474,0,0,0,0,3,1,0,0,0,1,0,rainy,1,0
2022-09-01 21:05:00,21,5,3,1,9,35,-0.7071067811865477,0.7071067811865474,0.43388373911755823,-0.900968867902419,-1.0,-1.8369701987210297e-16,1265,-0.6915130557822692,0.7223639620597557,0,0,0,0,3,1,0,0,0,1,0,rainy,1,0
2022-09-01 21:10:00,21,10,3,1,9,35,-0.7071067811865477,0.7071067811865474,0.43388373911755823,-0.900968867902419,-1.0,-1.8369701987210297e-16,1270,-0.6755902076156605,0.7372773368101239,0,0,0,0,3,1,0,0,0,1,0,rainy,1,0
2022-09-01 21:15:00,21,15,3,1,9,35,-0.7071067811865477,0.7071067811865474,0.43388373911755823,-0.900968867902419,-1.0,-1.8369701987210297e-16,1275,-0.6593458151000687,0.7518398074789775,0,0,0,0,3,1,0,0,0,1,0,rainy,1,0
2022-09-01 21:20:00,21,20,3,1,9,35,-0.7071067811865477,0.7071067811865474,0.43388373911755823,-0.900968867902419,-1.0,-1.8369701987210297e-16,1280,-0.6427876096865396,0.7660444431189778,0,0,0,0,3,1,0,0,0,1,0,rainy,1,0
2022-09-01 21:25:00,21,25,3,1,9,35,-0.7071067811865477,0.7071067811865474,0.43388373911755823,-0.900968867902419,-1.0,-1.8369701987210297e-16,1285,-0.6259234721840596,0.7798844830928813,0,0,0,0,3,1,0,0,0,1,0,rainy,1,0
2022-09-01 21:30:00,21,30,3,1,9,35,-0.7071067811865477,0.7071067811865474,0.43388373911755823,-0.900968867902419,-1.0,-1.8369701987210297e-16,1290,-0.608761429008721,0.7933533402912349,0,0,0,0,3,1,0,0,0,1,0,rainy,1,0
2022-09-01 21:35:00,21,35,3,1,9,35,-0.7071067811865477,0.7071067811865474,0.43388373911755823,-0.900968867902419,-1.0,-1.8369701987210297e-16,1295,-0.5913096483635824,0.8064446042674827,0,0,0,0,3,1,0,0,0,1,0,rainy,1,0
2022-09-01 21:40:00,21,40,3,1,9,35,-0.7071067811865477,0.7071067811865474,0.43388373911755823,-0.900968867902419,-1.0,-1.8369701987210297e-16,1300,-0.5735764363510465,0.8191520442889916,0,0,0,0,3,1,0,0,0,1,0,rainy,1,0
2022-09-01 21:45:00,21,45,3,1,9,35,-0.7071067811865477,0.7071067811865474,0.43388373911755823,-0.900968867902419,-1.0,-1.8369701987210297e-16,1305,-0.5555702330196022,0.8314696123025452,0,0,0,0,3,1,0,0,0,1,0,rainy,1,0
2022-09-01 21:50:00,21,50,3,1,9,35,-0.7071067811865477,0.7071067811865474,0.43388373911755823,-0.900968867902419,-1.0,-1.8369701987210297e-16,1310,-0.5372996083468242,0.8433914458128855,0,0,0,0,3,1,0,0,0,1,0,rainy,1,0
2022-09-01 21:55:00,21,55,3,1,9,35,-0.7071067811865477,0.7071067811865474,0.43388373911755823,-0.900968867902419,-1.0,-1.8369701987210297e-16,1315,-0.5187732581605222,0.8549118706729462,0,0,0,0,3,1,0,0,0,1,0,rainy,1,0
2022-09-01 22:00:00,22,0,3,1,9,35,-0.5000000000000004,0.8660254037844384,0.43388373911755823,-0.900968867902419,-1.0,-1.8369701987210297e-16,1320,-0.5000000000000004,0.8660254037844384,0,0,0,0,3,1,0,0,0,1,0,rainy,1,0
2022-09-01 22:05:00,22,5,3,1,9,35,-0.5000000000000004,0.8660254037844384,0.43388373911755823,-0.900968867902419,-1.0,-1.8369701987210297e-16,1325,-0.48098876891938774,0.8767267557075077,0,0,0,0,3,1,0,0,0,1,0,rainy,1,0
2022-09-01 22:10:00,22,10,3,1,9,35,-0.5000000000000004,0.8660254037844384,0.43388373911755823,-0.900968867902419,-1.0,-1.8369701987210297e-16,1330,-0.46174861323503363,0.8870108331782218,0,0,0,0,3,1,0,0,0,1,0,rainy,1,0
2022-09-01 22:15:00,22,15,3,1,9,35,-0.5000000000000004,0.8660254037844384,0.43388373911755823,-0.900968867902419,-1.0,-1.8369701987210297e-16,1335,-0.4422886902190014,0.8968727415326883,0,0,0,0,3,1,0,0,0,1,0,rainy,1,0
2022-09-01 22:20:00,22,20,3,1,9,35,-0.5000000000000004,0.8660254037844384,0.43388373911755823,-0.900968867902419,-1.0,-1.8369701987210297e-16,1340,-0.4226182617407,0.9063077870366497,0,0,0,0,3,1,0,0,0,1,0,rainy,1,0
2022-09-01 22:25:00,22,25,3,1,9,35,-0.5000000000000004,0.8660254037844384,0.43388373911755823,-0.900968867902419,-1.0,-1.8369701987210297e-16,1345,-0.40274668985873824,0.9153114791194467,0,0,0,0,3,1,0,0,0,1,0,rainy,1,0
2022-09-01 22:30:00,22,30,3,1,9,35,-0.5000000000000004,0.8660254037844384,0.43388373911755823,-0.900968867902419,-1.0,-1.8369701987210297e-16,1350,-0.38268343236508956,0.9238795325112868,0,0,0,0,3,1,0,0,0,1,0,rainy,1,0
2022-09-01 22:35:00,22,35,3,1,9,35,-0.5000000000000004,0.8660254037844384,0.43388373911755823,-0.900968867902419,-1.0,-1.8369701987210297e-16,1355,-0.36243803828370186,0.9320078692827984,0,0,0,0,3,1,0,0,0,1,0,rainy,1,0
2022-09-01 22:40:00,22,40,3,1,9,35,-0.5000000000000004,0.8660254037844384,0.43388373911755823,-0.900968867902419,-1.0,-1.8369701987210297e-16,1360,-0.3420201433256686,0.9396926207859084,0,0,0,0,3,1,0,0,0,1,0,rainy,1,0
2022-09-01 22:45:00,22,45,3,1,9,35,-0.5000000000000004,0.8660254037844384,0.43388373911755823,-0.900968867902419,-1.0,-1.8369701987210297e-16,1365,-0.32143946530316186,0.9469301294951056,0,0,0,0,3,1,0,0,0,1,0,rainy,1,0
2022-09-01 22:50:00,22,50,3,1,9,35,-0.5000000000000004,0.8660254037844384,0.43388373911755823,-0.900968867902419,-1.0,-1.8369701987210297e-16,1370,-0.30070579950427384,0.9537169507482267,0,0,0,0,3,1,0,0,0,1,0,rainy,1,0
2022-09-01 22:55:00,22,55,3,1,9,35,-0.5000000000000004,0.8660254037844384,0.43388373911755823,-0.900968867902419,-1.0,-1.8369701987210297e-16,1375,-0.27982901403099325,0.9600498543859284,0,0,0,0,3,1,0,0,0,1,0,rainy,1,0
2022-09-01 23:00:00,23,0,3,1,9,35,-0.25881904510252157,0.9659258262890681,0.43388373911755823,-0.900968867902419,-1.0,-1.8369701987210297e-16,1380,-0.2588190451025207,0.9659258262890683,0,0,0,0,3,1,0,0,0,1,0,rainy,1,0
2022-09-01 23:05:00,23,5,3,1,9,35,-0.25881904510252157,0.9659258262890681,0.43388373911755823,-0.900968867902419,-1.0,-1.8369701987210297e-16,1385,-0.2376858923261735,0.9713420698132613,0,0,0,0,3,1,0,0,0,1,0,rainy,1,0
2022-09-01 23:10:00,23,10,3,1,9,35,-0.25881904510252157,0.9659258262890681,0.43388373911755823,-0.900968867902419,-1.0,-1.8369701987210297e-16,1390,-0.21643961393810288,0.9762960071199334,0,0,0,0,3,1,0,0,0,1,0,rainy,1,0
2022-09-01 23:15:00,23,15,3,1,9,35,-0.25881904510252157,0.9659258262890681,0.43388373911755823,-0.900968867902419,-1.0,-1.8369701987210297e-16,1395,-0.19509032201612872,0.9807852804032303,0,0,0,0,3,1,0,0,0,1,0,rainy,1,0
2022-09-01 23:20:00,23,20,3,1,9,35,-0.25881904510252157,0.9659258262890681,0.43388373911755823,-0.900968867902419,-1.0,-1.8369701987210297e-16,1400,-0.17364817766693127,0.9848077530122079,0,0,0,0,3,1,0,0,0,1,0,rainy,1,0
2022-09-01 23:25:00,23,25,3,1,9,35,-0.25881904510252157,0.9659258262890681,0.43388373911755823,-0.900968867902419,-1.0,-1.8369701987210297e-16,1405,-0.15212338618991633,0.9883615104677608,0,0,0,0,3,1,0,0,0,1,0,rainy,1,0
2022-09-01 23:30:00,23,30,3,1,9,35,-0.25881904510252157,0.9659258262890681,0.43388373911755823,-0.900968867902419,-1.0,-1.8369701987210297e-16,1410,-0.13052619222005168,0.9914448613738104,0,0,0,0,3,1,0,0,0,1,0,rainy,1,0
2022-09-01 23:35:00,23,35,3,1,9,35,-0.25881904510252157,0.9659258262890681,0.43388373911755823,-0.900968867902419,-1.0,-1.8369701987210297e-16,1415,-0.10886687485196514,0.9940563382223195,0,0,0,0,3,1,0,0,0,1,0,rainy,1,0
2022-09-01 23:40:00,23,40,3,1,9,35,-0.25881904510252157,0.9659258262890681,0.43388373911755823,-0.900968867902419,-1.0,-1.8369701987210297e-16,1420,-0.08715574274765832,0.9961946980917455,0,0,0,0,3,1,0,0,0,1,0,rainy,1,0
2022-09-01 23:45:00,23,45,3,1,9,35,-0.25881904510252157,0.9659258262890681,0.43388373911755823,-0.900968867902419,-1.0,-1.8369701987210297e-16,1425,-0.06540312923014367,0.9978589232386035,0,0,0,0,3,1,0,0,0,1,0,rainy,1,0
2022-09-01 23:50:00,23,50,3,1,9,35,-0.25881904510252157,0.9659258262890681,0.43388373911755823,-0.900968867902419,-1.0,-1.8369701987210297e-16,1430,-0.043619387365335306,0.9990482215818578,0,0,0,0,3,1,0,0,0,1,0,rainy,1,0
2022-09-01 23:55:00,23,55,3,1,9,35,-0.25881904510252157,0.9659258262890681,0.43388373911755823,-0.900968867902419,-1.0,-1.8369701987210297e-16,1435,-0.0218148850345609,0.9997620270799091,0,0,0,0,3,1,0,0,0,1,0,rainy,1,0
2022-09-02 00:00:00,0,0,4,2,9,35,0.0,1.0,-0.433883739117558,-0.9009688679024191,-1.0,-1.8369701987210297e-16,0,0.0,1.0,0,0,0,0,0,1,1,0,1,1,0,rainy,1,1
2022-09-02 00:05:00,0,5,4,2,9,35,0.0,1.0,-0.433883739117558,-0.9009688679024191,-1.0,-1.8369701987210297e-16,5,0.02181488503456112,0.9997620270799091,0,0,0,0,0,1,1,0,1,1,0,rainy,1,1
2022-09-02 00:10:00,0,10,4,2,9,35,0.0,1.0,-0.433883739117558,-0.9009688679024191,-1.0,-1.8369701987210297e-16,10,0.043619387365336,0.9990482215818578,0,0,0,0,0,1,1,0,1,1,0,rainy,1,1
2022-09-02 00:15:00,0,15,4,2,9,35,0.0,1.0,-0.433883739117558,-0.9009688679024191,-1.0,-1.8369701987210297e-16,15,0.06540312923014306,0.9978589232386035,0,0,0,0,0,1,1,0,1,1,0,rainy,1,1
2022-09-02 00:20:00,0,20,4,2,9,35,0.0,1.0,-0.433883739117558,-0.9009688679024191,-1.0,-1.8369701987210297e-16,20,0.08715574274765817,0.9961946980917455,0,0,0,0,0,1,1,0,1,1,0,rainy,1,1
2022-09-02 00:25:00,0,25,4,2,9,35,0.0,1.0,-0.433883739117558,-0.9009688679024191,-1.0,-1.8369701987210297e-16,25,0.10886687485196457,0.9940563382223196,0,0,0,0,0,1,1,0,1,1,0,rainy,1,1
2022-09-02 00:30:00,0,30,4,2,9,35,0.0,1.0,-0.433883739117558,-0.9009688679024191,-1.0,-1.8369701987210297e-16,30,0.13052619222005157,0.9914448613738104,0,0,0,0,0,1,1,0,1,1,0,rainy,1,1
2022-09-02 00:35:00,0,35,4,2,9,35,0.0,1.0,-0.433883739117558,-0.9009688679024191,-1.0,-1.8369701987210297e-16,35,0.1521233861899167,0.9883615104677607,0,0,0,0,0,1,1,0,1,1,0,rainy,1,1
2022-09-02 00:40:00,0,40,4,2,9,35,0.0,1.0,-0.433883739117558,-0.9009688679024191,-1.0,-1.8369701987210297e-16,40,0.17364817766693033,0.984807753012208,0,0,0,0,0,1,1,0,1,1,0,rainy,1,1
2022-09-02 00:45:00,0,45,4,2,9,35,0.0,1.0,-0.433883739117558,-0.9009688679024191,-1.0,-1.8369701987210297e-16,45,0.19509032201612825,0.9807852804032304,0,0,0,0,0,1,1,0,1,1,0,rainy,1,1
2022-09-02 00:50:00,0,50,4,2,9,35,0.0,1.0,-0.433883739117558,-0.9009688679024191,-1.0,-1.8369701987210297e-16,50,0.21643961393810288,0.9762960071199334,0,0,0,0,0,1,1,0,1,1,0,rainy,1,1
2022-09-02 00:55:00,0,55,4,2,9,35,0.0,1.0,-0.433883739117558,-0.9009688679024191,-1.0,-1.8369701987210297e-16,55,0.2376858923261731,0.9713420698132614,0,0,0,0,0,1,1,0,1,1,0,rainy,1,1
2022-09-02 01:00:00,1,0,4,2,9,35,0.25881904510252074,0.9659258262890683,-0.433883739117558,-0.9009688679024191,-1.0,-1.8369701987210297e-16,60,0.25881904510252074,0.9659258262890683,0,0,0,0,0,1,1,0,1,1,0,rainy,1,1
2022-09-02 01:05:00,1,5,4,2,9,35,0.25881904510252074,0.9659258262890683,-0.433883739117558,-0.9009688679024191,-1.0,-1.8369701987210297e-16,65,0.2798290140309921,0.9600498543859287,0,0,0,0,0,1,1,0,1,1,0,rainy,1,1
2022-09-02 01:10:00,1,10,4,2,9,35,0.25881904510252074,0.9659258262890683,-0.433883739117558,-0.9009688679024191,-1.0,-1.8369701987210297e-16,70,0.3007057995042731,0.9537169507482269,0,0,0,0,0,1,1,0,1,1,0,rainy,1,1
2022-09-02 01:15:00,1,15,4,2,9,35,0.25881904510252074,0.9659258262890683,-0.433883739117558,-0.9009688679024191,-1.0,-1.8369701987210297e-16,75,0.3214394653031616,0.9469301294951057,0,0,0,0,0,1,1,0,1,1,0,rainy,1,1
2022-09-02 01:20:00,1,20,4,2,9,35,0.25881904510252074,0.9659258262890683,-0.433883739117558,-0.9009688679024191,-1.0,-1.8369701987210297e-16,80,0.3420201433256687,0.9396926207859084,0,0,0,0,0,1,1,0,1,1,0,rainy,1,1
2022-09-02 01:25:00,1,25,4,2,9,35,0.25881904510252074,0.9659258262890683,-0.433883739117558,-0.9009688679024191,-1.0,-1.8369701987210297e-16,85,0.36243803828370164,0.9320078692827986,0,0,0,0,0,1,1,0,1,1,0,rainy,1,1
2022-09-02 01:30:00,1,30,4,2,9,35,0.25881904510252074,0.9659258262890683,-0.433883739117558,-0.9009688679024191,-1.0,-1.8369701987210297e-16,90,0.3826834323650898,0.9238795325112867,0,0,0,0,0,1,1,0,1,1,0,rainy,1,1
2022-09-02 01:35:00,1,35,4,2,9,35,0.25881904510252074,0.9659258262890683,-0.433883739117558,-0.9009688679024191,-1.0,-1.8369701987210297e-16,95,0.40274668985873724,0.9153114791194471,0,0,0,0,0,1,1,0,1,1,0,rainy,1,1
2022-09-02 01:40:00,1,40,4,2,9,35,0.25881904510252074,0.9659258262890683,-0.433883739117558,-0.9009688679024191,-1.0,-1.8369701987210297e-16,100,0.42261826174069944,0.9063077870366499,0,0,0,0,0,1,1,0,1,1,0,rainy,1,1
2022-09-02 01:45:00,1,45,4,2,9,35,0.25881904510252074,0.9659258262890683,-0.433883739117558,-0.9009688679024191,-1.0,-1.8369701987210297e-16,105,0.4422886902190013,0.8968727415326883,0,0,0,0,0,1,1,0,1,1,0,rainy,1,1
2022-09-02 01:50:00,1,50,4,2,9,35,0.25881904510252074,0.9659258262890683,-0.433883739117558,-0.9009688679024191,-1.0,-1.8369701987210297e-16,110,0.4617486132350339,0.8870108331782217,0,0,0,0,0,1,1,0,1,1,0,rainy,1,1
2022-09-02 01:55:00,1,55,4,2,9,35,0.25881904510252074,0.9659258262890683,-0.433883739117558,-0.9009688679024191,-1.0,-1.8369701987210297e-16,115,0.48098876891938763,0.8767267557075077,0,0,0,0,0,1,1,0,1,1,0,rainy,1,1
2022-09-02 02:00:00,2,0,4,2,9,35,0.49999999999999994,0.8660254037844387,-0.433883739117558,-0.9009688679024191,-1.0,-1.8369701987210297e-16,120,0.49999999999999994,0.8660254037844387,0,0,0,0,0,1,1,0,1,1,0,rainy,1,1
2022-09-02 02:05:00,2,5,4,2,9,35,0.49999999999999994,0.8660254037844387,-0.433883739117558,-0.9009688679024191,-1.0,-1.8369701987210297e-16,125,0.5187732581605213,0.8549118706729466,0,0,0,0,0,1,1,0,1,1,0,rainy,1,1
2022-09-02 02:10:00,2,10,4,2,9,35,0.49999999999999994,0.8660254037844387,-0.433883739117558,-0.9009688679024191,-1.0,-1.8369701987210297e-16,130,0.5372996083468238,0.8433914458128857,0,0,0,0,0,1,1,0,1,1,0,rainy,1,1
2022-09-02 02:15:00,2,15,4,2,9,35,0.49999999999999994,0.8660254037844387,-0.433883739117558,-0.9009688679024191,-1.0,-1.8369701987210297e-16,135,0.5555702330196022,0.8314696123025452,0,0,0,0,0,1,1,0,1,1,0,rainy,1,1
2022-09-02 02:20:00,2,20,4,2,9,35,0.49999999999999994,0.8660254037844387,-0.433883739117558,-0.9009688679024191,-1.0,-1.8369701987210297e-16,140,0.573576436351046,0.8191520442889918,0,0,0,0,0,1,1,0,1,1,0,rainy,1,1
2022-09-02 02:25:00,2,25,4,2,9,35,0.49999999999999994,0.8660254037844387,-0.433883739117558,-0.9009688679024191,-1.0,-1.8369701987210297e-16,145,0.5913096483635824,0.8064446042674827,0,0,0,0,0,1,1,0,1,1,0,rainy,1,1
2022-09-02 02:30:00,2,30,4,2,9,35,0.49999999999999994,0.8660254037844387,-0.433883739117558,-0.9009688679024191,-1.0,-1.8369701987210297e-16,150,0.6087614290087207,0.7933533402912352,0,0,0,0,0,1,1,0,1,1,0,rainy,1,1
2022-09-02 02:35:00,2,35,4,2,9,35,0.49999999999999994,0.8660254037844387,-0.433883739117558,-0.9009688679024191,-1.0,-1.8369701987210297e-16,155,0.6259234721840591,0.7798844830928818,0,0,0,0,0,1,1,0,1,1,0,rainy,1,1
2022-09-02 02:40:00,2,40,4,2,9,35,0.49999999999999994,0.8660254037844387,-0.433883739117558,-0.9009688679024191,-1.0,-1.8369701987210297e-16,160,0.6427876096865393,0.766044443118978,0,0,0,0,0,1,1,0,1,1,0,rainy,1,1
2022-09-02 02:45:00,2,45,4,2,9,35,0.49999999999999994,0.8660254037844387,-0.433883739117558,-0.9009688679024191,-1.0,-1.8369701987210297e-16,165,0.6593458151000688,0.7518398074789774,0,0,0,0,0,1,1,0,1,1,0,rainy,1,1
2022-09-02 02:50:00,2,50,4,2,9,35,0.49999999999999994,0.8660254037844387,-0.433883739117558,-0.9009688679024191,-1.0,-1.8369701987210297e-16,170,0.6755902076156602,0.7372773368101241,0,0,0,0,0,1,1,0,1,1,0,rainy,1,1
2022-09-02 02:55:00,2,55,4,2,9,35,0.49999999999999994,0.8660254037844387,-0.433883739117558,-0.9009688679024191,-1.0,-1.8369701987210297e-16,175,0.6915130557822693,0.7223639620597556,0,0,0,0,0,1,1,0,1,1,0,rainy,1,1
2022-09-02 03:00:00,3,0,4,2,9,35,0.7071067811865476,0.7071067811865476,-0.433883739117558,-0.9009688679024191,-1.0,-1.8369701987210297e-16,180,0.7071067811865476,0.7071067811865476,0,0,0,0,0,1,1,0,1,1,0,rainy,1,1
2022-09-02 03:05:00,3,5,4,2,9,35,0.7071067811865476,0.7071067811865476,-0.433883739117558,-0.9009688679024191,-1.0,-1.8369701987210297e-16,185,0.7223639620597555,0.6915130557822694,0,0,0,0,0,1,1,0,1,1,0,rainy,1,1
2022-09-02 03:10:00,3,10,4,2,9,35,0.7071067811865476,0.7071067811865476,-0.433883739117558,-0.9009688679024191,-1.0,-1.8369701987210297e-16,190,0.7372773368101241,0.6755902076156602,0,0,0,0,0,1,1,0,1,1,0,rainy,1,1
2022-09-02 03:15:00,3,15,4,2,9,35,0.7071067811865476,0.7071067811865476,-0.433883739117558,-0.9009688679024191,-1.0,-1.8369701987210297e-16,195,0.7518398074789773,0.659345815100069,0,0,0,0,0,1,1,0,1,1,0,rainy,1,1
2022-09-02 03:20:00,3,20,4,2,9,35,0.7071067811865476,0.7071067811865476,-0.433883739117558,-0.9009688679024191,-1.0,-1.8369701987210297e-16,200,0.766044443118978,0.6427876096865394,0,0,0,0,0,1,1,0,1,1,0,rainy,1,1
2022-09-02 03:25:00,3,25,4,2,9,35,0.7071067811865476,0.7071067811865476,-0.433883739117558,-0.9009688679024191,-1.0,-1.8369701987210297e-16,205,0.7798844830928817,0.6259234721840591,0,0,0,0,0,1,1,0,1,1,0,rainy,1,1
2022-09-02 03:30:00,3,30,4,2,9,35,0.7071067811865476,0.7071067811865476,-0.433883739117558,-0.9009688679024191,-1.0,-1.8369701987210297e-16,210,0.7933533402912352,0.6087614290087207,0,0,0,0,0,1,1,0,1,1,0,rainy,1,1
2022-09-02 03:35:00,3,35,4,2,9,35,0.7071067811865476,0.7071067811865476,-0.433883739117558,-0.9009688679024191,-1.0,-1.8369701987210297e-16,215,0.8064446042674825,0.5913096483635825,0,0,0,0,0,1,1,0,1,1,0,rainy,1,1
2022-09-02 03:40:00,3,40,4,2,9,35,0.7071067811865476,0.7071067811865476,-0.433883739117558,-0.9009688679024191,-1.0,-1.8369701987210297e-16,220,0.8191520442889918,0.573576436351046,0,0,0,0,0,1,1,0,1,1,0,rainy,1,1
2022-09-02 03:45:00,3,45,4,2,9,35,0.7071067811865476,0.7071067811865476,-0.433883739117558,-0.9009688679024191,-1.0,-1.8369701987210297e-16,225,0.8314696123025452,0.5555702330196023,0,0,0,0,0,1,1,0,1,1,0,rainy,1,1
2022-09-02 03:50:00,3,50,4,2,9,35,0.7071067811865476,0.7071067811865476,-0.433883739117558,-0.9009688679024191,-1.0,-1.8369701987210297e-16,230,0.8433914458128856,0.5372996083468239,0,0,0,0,0,1,1,0,1,1,0,rainy,1,1
2022-09-02 03:55:00,3,55,4,2,9,35,0.7071067811865476,0.7071067811865476,-0.433883739117558,-0.9009688679024191,-1.0,-1.8369701987210297e-16,235,0.8549118706729466,0.5187732581605216,0,0,0,0,0,1,1,0,1,1,0,rainy,1,1
2022-09-02 04:00:00,4,0,4,2,9,35,0.8660254037844386,0.5000000000000001,-0.433883739117558,-0.9009688679024191,-1.0,-1.8369701987210297e-16,240,0.8660254037844386,0.5000000000000001,0,0,0,0,0,1,1,0,1,1,0,rainy,1,1
2022-09-02 04:05:00,4,5,4,2,9,35,0.8660254037844386,0.5000000000000001,-0.433883739117558,-0.9009688679024191,-1.0,-1.8369701987210297e-16,245,0.8767267557075077,0.48098876891938774,0,0,0,0,0,1,1,0,1,1,0,rainy,1,1
2022-09-02 04:10:00,4,10,4,2,9,35,0.8660254037844386,0.5000000000000001,-0.433883739117558,-0.9009688679024191,-1.0,-1.8369701987210297e-16,250,0.8870108331782216,0.4617486132350341,0,0,0,0,0,1,1,0,1,1,0,rainy,1,1
2022-09-02 04:15:00,4,15,4,2,9,35,0.8660254037844386,0.5000000000000001,-0.433883739117558,-0.9009688679024191,-1.0,-1.8369701987210297e-16,255,0.8968727415326884,0.44228869021900125,0,0,0,0,0,1,1,0,1,1,0,rainy,1,1
2022-09-02 04:20:00,4,20,4,2,9,35,0.8660254037844386,0.5000000000000001,-0.433883739117558,-0.9009688679024191,-1.0,-1.8369701987210297e-16,260,0.9063077870366499,0.42261826174069944,0,0,0,0,0,1,1,0,1,1,0,rainy,1,1
2022-09-02 04:25:00,4,25,4,2,9,35,0.8660254037844386,0.5000000000000001,-0.433883739117558,-0.9009688679024191,-1.0,-1.8369701987210297e-16,265,0.9153114791194471,0.40274668985873724,0,0,0,0,0,1,1,0,1,1,0,rainy,1,1
2022-09-02 04:30:00,4,30,4,2,9,35,0.8660254037844386,0.5000000000000001,-0.433883739117558,-0.9009688679024191,-1.0,-1.8369701987210297e-16,270,0.9238795325112867,0.38268343236508984,0,0,0,0,0,1,1,0,1,1,0,rainy,1,1
2022-09-02 04:35:00,4,35,4,2,9,35,0.8660254037844386,0.5000000000000001,-0.433883739117558,-0.9009688679024191,-1.0,-1.8369701987210297e-16,275,0.9320078692827984,0.3624380382837017,0,0,0,0,0,1,1,0,1,1,0,rainy,1,1
2022-09-02 04:40:00,4,40,4,2,9,35,0.8660254037844386,0.5000000000000001,-0.433883739117558,-0.9009688679024191,-1.0,-1.8369701987210297e-16,280,0.9396926207859083,0.3420201433256688,0,0,0,0,0,1,1,0,1,1,0,rainy,1,1
2022-09-02 04:45:00,4,45,4,2,9,35,0.8660254037844386,0.5000000000000001,-0.433883739117558,-0.9009688679024191,-1.0,-1.8369701987210297e-16,285,0.9469301294951057,0.3214394653031615,0,0,0,0,0,1,1,0,1,1,0,rainy,1,1
2022-09-02 04:50:00,4,50,4,2,9,35,0.8660254037844386,0.5000000000000001,-0.433883739117558,-0.9009688679024191,-1.0,-1.8369701987210297e-16,290,0.9537169507482268,0.3007057995042733,0,0,0,0,0,1,1,0,1,1,0,rainy,1,1
2022-09-02 04:55:00,4,55,4,2,9,35,0.8660254037844386,0.5000000000000001,-0.433883739117558,-0.9009688679024191,-1.0,-1.8369701987210297e-16,295,0.9600498543859287,0.27982901403099203,0,0,0,0,0,1,1,0,1,1,0,rainy,1,1
2022-09-02 05:00:00,5,0,4,2,9,35,0.9659258262890683,0.25881904510252074,-0.433883739117558,-0.9009688679024191,-1.0,-1.8369701987210297e-16,300,0.9659258262890683,0.25881904510252074,0,0,0,0,0,1,1,0,1,1,0,rainy,1,1
2022-09-02 05:05:00,5,5,4,2,9,35,0.9659258262890683,0.25881904510252074,-0.433883739117558,-0.9009688679024191,-1.0,-1.8369701987210297e-16,305,0.9713420698132614,0.2376858923261731,0,0,0,0,0,1,1,0,1,1,0,rainy,1,1
2022-09-02 05:10:00,5,10,4,2,9,35,0.9659258262890683,0.25881904510252074,-0.433883739117558,-0.9009688679024191,-1.0,-1.8369701987210297e-16,310,0.9762960071199334,0.2164396139381029,0,0,0,0,0,1,1,0,1,1,0,rainy,1,1
2022-09-02 05:15:00,5,15,4,2,9,35,0.9659258262890683,0.25881904510252074,-0.433883739117558,-0.9009688679024191,-1.0,-1.8369701987210297e-16,315,0.9807852804032304,0.19509032201612833,0,0,0,0,0,1,1,0,1,1,0,rainy,1,1
2022-09-02 05:20:00,5,20,4,2,9,35,0.9659258262890683,0.25881904510252074,-0.433883739117558,-0.9009688679024191,-1.0,-1.8369701987210297e-16,320,0.984807753012208,0.17364817766693041,0,0,0,0,0,1,1,0,1,1,0,rainy,1,1
2022-09-02 05:25:00,5,25,4,2,9,35,0.9659258262890683,0.25881904510252074,-0.433883739117558,-0.9009688679024191,-1.0,-1.8369701987210297e-16,325,0.9883615104677607,0.1521233861899168,0,0,0,0,0,1,1,0,1,1,0,rainy,1,1
2022-09-02 05:30:00,5,30,4,2,9,35,0.9659258262890683,0.25881904510252074,-0.433883739117558,-0.9009688679024191,-1.0,-1.8369701987210297e-16,330,0.9914448613738104,0.1305261922200517,0,0,0,0,0,1,1,0,1,1,0,rainy,1,1
2022-09-02 05:35:00,5,35,4,2,9,35,0.9659258262890683,0.25881904510252074,-0.433883739117558,-0.9009688679024191,-1.0,-1.8369701987210297e-16,335,0.9940563382223196,0.10886687485196474,0,0,0,0,0,1,1,0,1,1,0,rainy,1,1
2022-09-02 05:40:00,5,40,4,2,9,35,0.9659258262890683,0.25881904510252074,-0.433883739117558,-0.9009688679024191,-1.0,-1.8369701987210297e-16,340,0.9961946980917455,0.08715574274765814,0,0,0,0,0,1,1,0,1,1,0,rainy,1,1
2022-09-02 05:45:00,5,45,4,2,9,35,0.9659258262890683,0.25881904510252074,-0.433883739117558,-0.9009688679024191,-1.0,-1.8369701987210297e-16,345,0.9978589232386035,0.06540312923014305,0,0,0,0,0,1,1,0,1,1,0,rainy,1,1
2022-09-02 05:50:00,5,50,4,2,9,35,0.9659258262890683,0.25881904510252074,-0.433883739117558,-0.9009688679024191,-1.0,-1.8369701987210297e-16,350,0.9990482215818578,0.04361938736533623,0,0,0,0,0,1,1,0,1,1,0,rainy,1,1
2022-09-02 05:55:00,5,55,4,2,9,35,0.9659258262890683,0.25881904510252074,-0.433883739117558,-0.9009688679024191,-1.0,-1.8369701987210297e-16,355,0.9997620270799091,0.02181488503456116,0,0,0,0,0,1,1,0,1,1,0,rainy,1,1
2022-09-02 06:00:00,6,0,4,2,9,35,1.0,6.123233995736766e-17,-0.433883739117558,-0.9009688679024191,-1.0,-1.8369701987210297e-16,360,1.0,6.123233995736766e-17,0,0,0,0,1,1,1,0,1,1,0,rainy,1,1
2022-09-02 06:05:00,6,5,4,2,9,35,1.0,6.123233995736766e-17,-0.433883739117558,-0.9009688679024191,-1.0,-1.8369701987210297e-16,365,0.9997620270799091,-0.021814885034561256,0,0,0,0,1,1,1,0,1,1,0,rainy,1,1
2022-09-02 06:10:00,6,10,4,2,9,35,1.0,6.123233995736766e-17,-0.433883739117558,-0.9009688679024191,-1.0,-1.8369701987210297e-16,370,0.9990482215818578,-0.04361938736533589,0,0,0,0,1,1,1,0,1,1,0,rainy,1,1
2022-09-02 06:15:00,6,15,4,2,9,35,1.0,6.123233995736766e-17,-0.433883739117558,-0.9009688679024191,-1.0,-1.8369701987210297e-16,375,0.9978589232386035,-0.06540312923014292,0,0,0,0,1,1,1,0,1,1,0,rainy,1,1
2022-09-02 06:20:00,6,20,4,2,9,35,1.0,6.123233995736766e-17,-0.433883739117558,-0.9009688679024191,-1.0,-1.8369701987210297e-16,380,0.9961946980917455,-0.08715574274765824,0,0,0,0,1,1,1,0,1,1,0,rainy,1,1
2022-09-02 06:25:00,6,25,4,2,9,35,1.0,6.123233995736766e-17,-0.433883739117558,-0.9009688679024191,-1.0,-1.8369701987210297e-16,385,0.9940563382223196,-0.10886687485196461,0,0,0,0,1,1,1,0,1,1,0,rainy,1,1
2022-09-02 06:30:00,6,30,4,2,9,35,1.0,6.123233995736766e-17,-0.433883739117558,-0.9009688679024191,-1.0,-1.8369701987210297e-16,390,0.9914448613738105,-0.13052619222005138,0,0,0,0,1,1,1,0,1,1,0,rainy,1,1
2022-09-02 06:35:00,6,35,4,2,9,35,1.0,6.123233995736766e-17,-0.433883739117558,-0.9009688679024191,-1.0,-1.8369701987210297e-16,395,0.9883615104677607,-0.1521233861899167,0,0,0,0,1,1,1,0,1,1,0,rainy,1,1
2022-09-02 06:40:00,6,40,4,2,9,35,1.0,6.123233995736766e-17,-0.433883739117558,-0.9009688679024191,-1.0,-1.8369701987210297e-16,400,0.984807753012208,-0.1736481776669303,0,0,0,0,1,1,1,0,1,1,0,rainy,1,1
2022-09-02 06:45:00,6,45,4,2,9,35,1.0,6.123233995736766e-17,-0.433883739117558,-0.9009688679024191,-1.0,-1.8369701987210297e-16,405,0.9807852804032305,-0.19509032201612797,0,0,0,0,1,1,1,0,1,1,0,rainy,1,1
2022-09-02 06:50:00,6,50,4,2,9,35,1.0,6.123233995736766e-17,-0.433883739117558,-0.9009688679024191,-1.0,-1.8369701987210297e-16,410,0.9762960071199334,-0.2164396139381028,0,0,0,0,1,1,1,0,1,1,0,rainy,1,1
2022-09-02 06:55:00,6,55,4,2,9,35,1.0,6.123233995736766e-17,-0.433883739117558,-0.9009688679024191,-1.0,-1.8369701987210297e-16,415,0.9713420698132614,-0.237685892326173,0,0,0,0,1,1,1,0,1,1,0,rainy,1,1
2022-09-02 07:00:00,7,0,4,2,9,35,0.9659258262890683,-0.25881904510252063,-0.433883739117558,-0.9009688679024191,-1.0,-1.8369701987210297e-16,420,0.9659258262890683,-0.25881904510252085,0,1,0,1,1,1,1,0,1,1,0,rainy,1,1
2022-09-02 07:05:00,7,5,4,2,9,35,0.9659258262890683,-0.25881904510252063,-0.433883739117558,-0.9009688679024191,-1.0,-1.8369701987210297e-16,425,0.9600498543859287,-0.2798290140309919,0,1,0,1,1,1,1,0,1,1,0,rainy,1,1
2022-09-02 07:10:00,7,10,4,2,9,35,0.9659258262890683,-0.25881904510252063,-0.433883739117558,-0.9009688679024191,-1.0,-1.8369701987210297e-16,430,0.9537169507482269,-0.30070579950427295,0,1,0,1,1,1,1,0,1,1,0,rainy,1,1
2022-09-02 07:15:00,7,15,4,2,9,35,0.9659258262890683,-0.25881904510252063,-0.433883739117558,-0.9009688679024191,-1.0,-1.8369701987210297e-16,435,0.9469301294951057,-0.3214394653031616,0,1,0,1,1,1,1,0,1,1,0,rainy,1,1
2022-09-02 07:20:00,7,20,4,2,9,35,0.9659258262890683,-0.25881904510252063,-0.433883739117558,-0.9009688679024191,-1.0,-1.8369701987210297e-16,440,0.9396926207859084,-0.3420201433256687,0,1,0,1,1,1,1,0,1,1,0,rainy,1,1
2022-09-02 07:25:00,7,25,4,2,9,35,0.9659258262890683,-0.25881904510252063,-0.433883739117558,-0.9009688679024191,-1.0,-1.8369701987210297e-16,445,0.9320078692827986,-0.3624380382837014,0,1,0,1,1,1,1,0,1,1,0,rainy,1,1
2022-09-02 07:30:00,7,30,4,2,9,35,0.9659258262890683,-0.25881904510252063,-0.433883739117558,-0.9009688679024191,-1.0,-1.8369701987210297e-16,450,0.9238795325112867,-0.3826834323650897,0,1,0,1,1,1,1,0,1,1,0,rainy,1,1
2022-09-02 07:35:00,7,35,4,2,9,35,0.9659258262890683,-0.25881904510252063,-0.433883739117558,-0.9009688679024191,-1.0,-1.8369701987210297e-16,455,0.9153114791194472,-0.40274668985873713,0,1,0,1,1,1,1,0,1,1,0,rainy,1,1
2022-09-02 07:40:00,7,40,4,2,9,35,0.9659258262890683,-0.25881904510252063,-0.433883739117558,-0.9009688679024191,-1.0,-1.8369701987210297e-16,460,0.90630778703665,-0.42261826174069933,0,1,0,1,1,1,1,0,1,1,0,rainy,1,1
2022-09-02 07:45:00,7,45,4,2,9,35,0.9659258262890683,-0.25881904510252063,-0.433883739117558,-0.9009688679024191,-1.0,-1.8369701987210297e-16,465,0.8968727415326884,-0.44228869021900113,0,1,0,1,1,1,1,0,1,1,0,rainy,1,1
2022-09-02 07:50:00,7,50,4,2,9,35,0.9659258262890683,-0.25881904510252063,-0.433883739117558,-0.9009688679024191,-1.0,-1.8369701987210297e-16,470,0.8870108331782218,-0.4617486132350338,0,1,0,1,1,1,1,0,1,1,0,rainy,1,1
2022-09-02 07:55:00,7,55,4,2,9,35,0.9659258262890683,-0.25881904510252063,-0.433883739117558,-0.9009688679024191,-1.0,-1.8369701987210297e-16,475,0.8767267557075078,-0.48098876891938747,0,1,0,1,1,1,1,0,1,1,0,rainy,1,1
2022-09-02 08:00:00,8,0,4,2,9,35,0.8660254037844387,-0.4999999999999998,-0.433883739117558,-0.9009688679024191,-1.0,-1.8369701987210297e-16,480,0.8660254037844387,-0.4999999999999998,0,1,0,1,1,1,1,0,1,1,0,rainy,1,1
2022-09-02 08:05:00,8,5,4,2,9,35,0.8660254037844387,-0.4999999999999998,-0.433883739117558,-0.9009688679024191,-1.0,-1.8369701987210297e-16,485,0.8549118706729467,-0.5187732581605212,0,1,0,1,1,1,1,0,1,1,0,rainy,1,1
2022-09-02 08:10:00,8,10,4,2,9,35,0.8660254037844387,-0.4999999999999998,-0.433883739117558,-0.9009688679024191,-1.0,-1.8369701987210297e-16,490,0.8433914458128858,-0.5372996083468236,0,1,0,1,1,1,1,0,1,1,0,rainy,1,1
2022-09-02 08:15:00,8,15,4,2,9,35,0.8660254037844387,-0.4999999999999998,-0.433883739117558,-0.9009688679024191,-1.0,-1.8369701987210297e-16,495,0.8314696123025451,-0.5555702330196023,0,1,0,1,1,1,1,0,1,1,0,rainy,1,1
2022-09-02 08:20:00,8,20,4,2,9,35,0.8660254037844387,-0.4999999999999998,-0.433883739117558,-0.9009688679024191,-1.0,-1.8369701987210297e-16,500,0.819152044288992,-0.5735764363510458,0,1,0,1,1,1,1,0,1,1,0,rainy,1,1
2022-09-02 08:25:00,8,25,4,2,9,35,0.8660254037844387,-0.4999999999999998,-0.433883739117558,-0.9009688679024191,-1.0,-1.8369701987210297e-16,505,0.8064446042674828,-0.5913096483635821,0,1,0,1,1,1,1,0,1,1,0,rainy,1,1
2022-09-02 08:30:00,8,30,4,2,9,35,0.8660254037844387,-0.4999999999999998,-0.433883739117558,-0.9009688679024191,-1.0,-1.8369701987210297e-16,510,0.7933533402912352,-0.6087614290087207,0,1,0,1,1,1,1,0,1,1,0,rainy,1,1
2022-09-02 08:35:00,8,35,4,2,9,35,0.8660254037844387,-0.4999999999999998,-0.433883739117558,-0.9009688679024191,-1.0,-1.8369701987210297e-16,515,0.7798844830928817,-0.6259234721840591,0,1,0,1,1,1,1,0,1,1,0,rainy,1,1
2022-09-02 08:40:00,8,40,4,2,9,35,0.8660254037844387,-0.4999999999999998,-0.433883739117558,-0.9009688679024191,-1.0,-1.8369701987210297e-16,520,0.766044443118978,-0.6427876096865394,0,1,0,1,1,1,1,0,1,1,0,rainy,1,1
2022-09-02 08:45:00,8,45,4,2,9,35,0.8660254037844387,-0.4999999999999998,-0.433883739117558,-0.9009688679024191,-1.0,-1.8369701987210297e-16,525,0.7518398074789774,-0.6593458151000688,0,1,0,1,1,1,1,0,1,1,0,rainy,1,1
2022-09-02 08:50:00,8,50,4,2,9,35,0.8660254037844387,-0.4999999999999998,-0.433883739117558,-0.9009688679024191,-1.0,-1.8369701987210297e-16,530,0.7372773368101241,-0.6755902076156602,0,1,0,1,1,1,1,0,1,1,0,rainy,1,1
2022-09-02 08:55:00,8,55,4,2,9,35,0.8660254037844387,-0.4999999999999998,-0.433883739117558,-0.9009688679024191,-1.0,-1.8369701987210297e-16,535,0.7223639620597556,-0.6915130557822693,0,1,0,1,1,1,1,0,1,1,0,rainy,1,1
2022-09-02 09:00:00,9,0,4,2,9,35,0.7071067811865476,-0.7071067811865475,-0.433883739117558,-0.9009688679024191,-1.0,-1.8369701987210297e-16,540,0.7071067811865476,-0.7071067811865475,0,1,0,1,1,1,1,0,1,1,0,rainy,1,1
2022-09-02 09:05:00,9,5,4,2,9,35,0.7071067811865476,-0.7071067811865475,-0.433883739117558,-0.9009688679024191,-1.0,-1.8369701987210297e-16,545,0.6915130557822694,-0.7223639620597555,0,1,0,1,1,1,1,0,1,1,0,rainy,1,1
2022-09-02 09:10:00,9,10,4,2,9,35,0.7071067811865476,-0.7071067811865475,-0.433883739117558,-0.9009688679024191,-1.0,-1.8369701987210297e-16,550,0.6755902076156604,-0.737277336810124,0,1,0,1,1,1,1,0,1,1,0,rainy,1,1
2022-09-02 09:15:00,9,15,4,2,9,35,0.7071067811865476,-0.7071067811865475,-0.433883739117558,-0.9009688679024191,-1.0,-1.8369701987210297e-16,555,0.6593458151000686,-0.7518398074789776,0,1,0,1,1,1,1,0,1,1,0,rainy,1,1
2022-09-02 09:20:00,9,20,4,2,9,35,0.7071067811865476,-0.7071067811865475,-0.433883739117558,-0.9009688679024191,-1.0,-1.8369701987210297e-16,560,0.6427876096865395,-0.7660444431189779,0,1,0,1,1,1,1,0,1,1,0,rainy,1,1
2022-09-02 09:25:00,9,25,4,2,9,35,0.7071067811865476,-0.7071067811865475,-0.433883739117558,-0.9009688679024191,-1.0,-1.8369701987210297e-16,565,0.6259234721840592,-0.7798844830928817,0,1,0,1,1,1,1,0,1,1,0,rainy,1,1
2022-09-02 09:30:00,9,30,4,2,9,35,0.7071067811865476,-0.7071067811865475,-0.433883739117558,-0.9009688679024191,-1.0,-1.8369701987210297e-16,570,0.6087614290087204,-0.7933533402912353,0,1,0,1,1,1,1,0,1,1,0,rainy,1,1
2022-09-02 09:35:00,9,35,4,2,9,35,0.7071067811865476,-0.7071067811865475,-0.433883739117558,-0.9009688679024191,-1.0,-1.8369701987210297e-16,575,0.5913096483635826,-0.8064446042674824,0,1,0,1,1,1,1,0,1,1,0,rainy,1,1
2022-09-02 09:40:00,9,40,4,2,9,35,0.7071067811865476,-0.7071067811865475,-0.433883739117558,-0.9009688679024191,-1.0,-1.8369701987210297e-16,580,0.5735764363510464,-0.8191520442889916,0,1,0,1,1,1,1,0,1,1,0,rainy,1,1
2022-09-02 09:45:00,9,45,4,2,9,35,0.7071067811865476,-0.7071067811865475,-0.433883739117558,-0.9009688679024191,-1.0,-1.8369701987210297e-16,585,0.5555702330196022,-0.8314696123025453,0,1,0,1,1,1,1,0,1,1,0,rainy,1,1
2022-09-02 09:50:00,9,50,4,2,9,35,0.7071067811865476,-0.7071067811865475,-0.433883739117558,-0.9009688679024191,-1.0,-1.8369701987210297e-16,590,0.5372996083468238,-0.8433914458128857,0,1,0,1,1,1,1,0,1,1,0,rainy,1,1
2022-09-02 09:55:00,9,55,4,2,9,35,0.7071067811865476,-0.7071067811865475,-0.433883739117558,-0.9009688679024191,-1.0,-1.8369701987210297e-16,595,0.5187732581605218,-0.8549118706729464,0,1,0,1,1,1,1,0,1,1,0,rainy,1,1
2022-09-02 10:00:00,10,0,4,2,9,35,0.49999999999999994,-0.8660254037844387,-0.433883739117558,-0.9009688679024191,-1.0,-1.8369701987210297e-16,600,0.49999999999999994,-0.8660254037844387,0,0,0,0,1,1,1,0,1,1,0,rainy,1,1
2022-09-02 10:05:00,10,5,4,2,9,35,0.49999999999999994,-0.8660254037844387,-0.433883739117558,-0.9009688679024191,-1.0,-1.8369701987210297e-16,605,0.48098876891938763,-0.8767267557075077,0,0,0,0,1,1,1,0,1,1,0,rainy,1,1
2022-09-02 10:10:00,10,10,4,2,9,35,0.49999999999999994,-0.8660254037844387,-0.433883739117558,-0.9009688679024191,-1.0,-1.8369701987210297e-16,610,0.4617486132350339,-0.8870108331782217,0,0,0,0,1,1,1,0,1,1,0,rainy,1,1
2022-09-02 10:15:00,10,15,4,2,9,35,0.49999999999999994,-0.8660254037844387,-0.433883739117558,-0.9009688679024191,-1.0,-1.8369701987210297e-16,615,0.4422886902190013,-0.8968727415326883,0,0,0,0,1,1,1,0,1,1,0,rainy,1,1
2022-09-02 10:20:00,10,20,4,2,9,35,0.49999999999999994,-0.8660254037844387,-0.433883739117558,-0.9009688679024191,-1.0,-1.8369701987210297e-16,620,0.4226182617406995,-0.9063077870366499,0,0,0,0,1,1,1,0,1,1,0,rainy,1,1
2022-09-02 10:25:00,10,25,4,2,9,35,0.49999999999999994,-0.8660254037844387,-0.433883739117558,-0.9009688679024191,-1.0,-1.8369701987210297e-16,625,0.4027466898587373,-0.9153114791194471,0,0,0,0,1,1,1,0,1,1,0,rainy,1,1
2022-09-02 10:30:00,10,30,4,2,9,35,0.49999999999999994,-0.8660254037844387,-0.433883739117558,-0.9009688679024191,-1.0,-1.8369701987210297e-16,630,0.3826834323650899,-0.9238795325112867,0,0,0,0,1,1,1,0,1,1,0,rainy,1,1
2022-09-02 10:35:00,10,35,4,2,9,35,0.49999999999999994,-0.8660254037844387,-0.433883739117558,-0.9009688679024191,-1.0,-1.8369701987210297e-16,635,0.36243803828370175,-0.9320078692827984,0,0,0,0,1,1,1,0,1,1,0,rainy,1,1
2022-09-02 10:40:00,10,40,4,2,9,35,0.49999999999999994,-0.8660254037844387,-0.433883739117558,-0.9009688679024191,-1.0,-1.8369701987210297e-16,640,0.3420201433256689,-0.9396926207859083,0,0,0,0,1,1,1,0,1,1,0,rainy,1,1
2022-09-02 10:45:00,10,45,4,2,9,35,0.49999999999999994,-0.8660254037844387,-0.433883739117558,-0.9009688679024191,-1.0,-1.8369701987210297e-16,645,0.32143946530316175,-0.9469301294951056,0,0,0,0,1,1,1,0,1,1,0,rainy,1,1
2022-09-02 10:50:00,10,50,4,2,9,35,0.49999999999999994,-0.8660254037844387,-0.433883739117558,-0.9009688679024191,-1.0,-1.8369701987210297e-16,650,0.30070579950427334,-0.9537169507482268,0,0,0,0,1,1,1,0,1,1,0,rainy,1,1
2022-09-02 10:55:00,10,55,4,2,9,35,0.49999999999999994,-0.8660254037844387,-0.433883739117558,-0.9009688679024191,-1.0,-1.8369701987210297e-16,655,0.2798290140309923,-0.9600498543859286,0,0,0,0,1,1,1,0,1,1,0,rainy,1,1
2022-09-02 11:00:00,11,0,4,2,9,35,0.258819045102521,-0.9659258262890682,-0.433883739117558,-0.9009688679024191,-1.0,-1.8369701987210297e-16,660,0.258819045102521,-0.9659258262890682,0,0,0,0,1,1,1,0,1,1,0,rainy,1,1
2022-09-02 11:05:00,11,5,4,2,9,35,0.258819045102521,-0.9659258262890682,-0.433883739117558,-0.9009688679024191,-1.0,-1.8369701987210297e-16,665,0.23768589232617293,-0.9713420698132614,0,0,0,0,1,1,1,0,1,1,0,rainy,1,1
2022-09-02 11:10:00,11,10,4,2,9,35,0.258819045102521,-0.9659258262890682,-0.433883739117558,-0.9009688679024191,-1.0,-1.8369701987210297e-16,670,0.21643961393810318,-0.9762960071199333,0,0,0,0,1,1,1,0,1,1,0,rainy,1,1
2022-09-02 11:15:00,11,15,4,2,9,35,0.258819045102521,-0.9659258262890682,-0.433883739117558,-0.9009688679024191,-1.0,-1.8369701987210297e-16,675,0.19509032201612816,-0.9807852804032304,0,0,0,0,1,1,1,0,1,1,0,rainy,1,1
2022-09-02 11:20:00,11,20,4,2,9,35,0.258819045102521,-0.9659258262890682,-0.433883739117558,-0.9009688679024191,-1.0,-1.8369701987210297e-16,680,0.17364817766693028,-0.984807753012208,0,0,0,0,1,1,1,0,1,1,0,rainy,1,1
2022-09-02 11:25:00,11,25,4,2,9,35,0.258819045102521,-0.9659258262890682,-0.433883739117558,-0.9009688679024191,-1.0,-1.8369701987210297e-16,685,0.15212338618991708,-0.9883615104677607,0,0,0,0,1,1,1,0,1,1,0,rainy,1,1
2022-09-02 11:30:00,11,30,4,2,9,35,0.258819045102521,-0.9659258262890682,-0.433883739117558,-0.9009688679024191,-1.0,-1.8369701987210297e-16,690,0.13052619222005157,-0.9914448613738104,0,0,0,0,1,1,1,0,1,1,0,rainy,1,1
2022-09-02 11:35:00,11,35,4,2,9,35,0.258819045102521,-0.9659258262890682,-0.433883739117558,-0.9009688679024191,-1.0,-1.8369701987210297e-16,695,0.10886687485196457,-0.9940563382223196,0,0,0,0,1,1,1,0,1,1,0,rainy,1,1
2022-09-02 11:40:00,11,40,4,2,9,35,0.258819045102521,-0.9659258262890682,-0.433883739117558,-0.9009688679024191,-1.0,-1.8369701987210297e-16,700,0.08715574274765864,-0.9961946980917455,0,0,0,0,1,1,1,0,1,1,0,rainy,1,1
2022-09-02 11:45:00,11,45,4,2,9,35,0.258819045102521,-0.9659258262890682,-0.433883739117558,-0.9009688679024191,-1.0,-1.8369701987210297e-16,705,0.06540312923014312,-0.9978589232386035,0,0,0,0,1,1,1,0,1,1,0,rainy,1,1
2022-09-02 11:50:00,11,50,4,2,9,35,0.258819045102521,-0.9659258262890682,-0.433883739117558,-0.9009688679024191,-1.0,-1.8369701987210297e-16,710,0.04361938736533607,-0.9990482215818578,0,0,0,0,1,1,1,0,1,1,0,rainy,1,1
2022-09-02 11:55:00,11,55,4,2,9,35,0.258819045102521,-0.9659258262890682,-0.433883739117558,-0.9009688679024191,-1.0,-1.8369701987210297e-16,715,0.021814885034560774,-0.9997620270799091,0,0,0,0,1,1,1,0,1,1,0,rainy,1,1
2022-09-02 12:00:00,12,0,4,2,9,35,1.2246467991473532e-16,-1.0,-0.433883739117558,-0.9009688679024191,-1.0,-1.8369701987210297e-16,720,1.2246467991473532e-16,-1.0,0,0,0,0,2,1,1,0,1,1,0,rainy,1,1
2022-09-02 12:05:00,12,5,4,2,9,35,1.2246467991473532e-16,-1.0,-0.433883739117558,-0.9009688679024191,-1.0,-1.8369701987210297e-16,725,-0.021814885034560975,-0.9997620270799091,0,0,0,0,2,1,1,0,1,1,0,rainy,1,1
2022-09-02 12:10:00,12,10,4,2,9,35,1.2246467991473532e-16,-1.0,-0.433883739117558,-0.9009688679024191,-1.0,-1.8369701987210297e-16,730,-0.04361938736533627,-0.9990482215818578,0,0,0,0,2,1,1,0,1,1,0,rainy,1,1
2022-09-02 12:15:00,12,15,4,2,9,35,1.2246467991473532e-16,-1.0,-0.433883739117558,-0.9009688679024191,-1.0,-1.8369701987210297e-16,735,-0.06540312923014287,-0.9978589232386035,0,0,0,0,2,1,1,0,1,1,0,rainy,1,1
2022-09-02 12:20:00,12,20,4,2,9,35,1.2246467991473532e-16,-1.0,-0.433883739117558,-0.9009688679024191,-1.0,-1.8369701987210297e-16,740,-0.08715574274765794,-0.9961946980917455,0,0,0,0,2,1,1,0,1,1,0,rainy,1,1
2022-09-02 12:25:00,12,25,4,2,9,35,1.2246467991473532e-16,-1.0,-0.433883739117558,-0.9009688679024191,-1.0,-1.8369701987210297e-16,745,-0.10886687485196476,-0.9940563382223196,0,0,0,0,2,1,1,0,1,1,0,rainy,1,1
2022-09-02 12:30:00,12,30,4,2,9,35,1.2246467991473532e-16,-1.0,-0.433883739117558,-0.9009688679024191,-1.0,-1.8369701987210297e-16,750,-0.13052619222005132,-0.9914448613738105,0,0,0,0,2,1,1,0,1,1,0,rainy,1,1
2022-09-02 12:35:00,12,35,4,2,9,35,1.2246467991473532e-16,-1.0,-0.433883739117558,-0.9009688679024191,-1.0,-1.8369701987210297e-16,755,-0.15212338618991642,-0.9883615104677608,0,0,0,0,2,1,1,0,1,1,0,rainy,1,1
2022-09-02 12:40:00,12,40,4,2,9,35,1.2246467991473532e-16,-1.0,-0.433883739117558,-0.9009688679024191,-1.0,-1.8369701987210297e-16,760,-0.17364817766693047,-0.984807753012208,0,0,0,0,2,1,1,0,1,1,0,rainy,1,1
2022-09-02 12:45:00,12,45,4,2,9,35,1.2246467991473532e-16,-1.0,-0.433883739117558,-0.9009688679024191,-1.0,-1.8369701987210297e-16,765,-0.19509032201612792,-0.9807852804032305,0,0,0,0,2,1,1,0,1,1,0,rainy,1,1
2022-09-02 12:50:00,12,50,4,2,9,35,1.2246467991473532e-16,-1.0,-0.433883739117558,-0.9009688679024191,-1.0,-1.8369701987210297e-16,770,-0.21643961393810293,-0.9762960071199334,0,0,0,0,2,1,1,0,1,1,0,rainy,1,1
2022-09-02 12:55:00,12,55,4,2,9,35,1.2246467991473532e-16,-1.0,-0.433883739117558,-0.9009688679024191,-1.0,-1.8369701987210297e-16,775,-0.23768589232617313,-0.9713420698132614,0,0,0,0,2,1,1,0,1,1,0,rainy,1,1
2022-09-02 13:00:00,13,0,4,2,9,35,-0.2588190451025208,-0.9659258262890683,-0.433883739117558,-0.9009688679024191,-1.0,-1.8369701987210297e-16,780,-0.25881904510252035,-0.9659258262890684,0,0,0,0,2,1,1,0,1,1,0,rainy,1,1
2022-09-02 13:05:00,13,5,4,2,9,35,-0.2588190451025208,-0.9659258262890683,-0.433883739117558,-0.9009688679024191,-1.0,-1.8369701987210297e-16,785,-0.27982901403099203,-0.9600498543859287,0,0,0,0,2,1,1,0,1,1,0,rainy,1,1
2022-09-02 13:10:00,13,10,4,2,9,35,-0.2588190451025208,-0.9659258262890683,-0.433883739117558,-0.9009688679024191,-1.0,-1.8369701987210297e-16,790,-0.30070579950427306,-0.9537169507482269,0,0,0,0,2,1,1,0,1,1,0,rainy,1,1
2022-09-02 13:15:00,13,15,4,2,9,35,-0.2588190451025208,-0.9659258262890683,-0.433883739117558,-0.9009688679024191,-1.0,-1.8369701987210297e-16,795,-0.3214394653031611,-0.9469301294951058,0,0,0,0,2,1,1,0,1,1,0,rainy,1,1
2022-09-02 13:20:00,13,20,4,2,9,35,-0.2588190451025208,-0.9659258262890683,-0.433883739117558,-0.9009688679024191,-1.0,-1.8369701987210297e-16,800,-0.34202014332566866,-0.9396926207859084,0,0,0,0,2,1,1,0,1,1,0,rainy,1,1
2022-09-02 13:25:00,13,25,4,2,9,35,-0.2588190451025208,-0.9659258262890683,-0.433883739117558,-0.9009688679024191,-1.0,-1.8369701987210297e-16,805,-0.3624380382837015,-0.9320078692827986,0,0,0,0,2,1,1,0,1,1,0,rainy,1,1
2022-09-02 13:30:00,13,30,4,2,9,35,-0.2588190451025208,-0.9659258262890683,-0.433883739117558,-0.9009688679024191,-1.0,-1.8369701987210297e-16,810,-0.3826834323650892,-0.923879532511287,0,0,0,0,2,1,1,0,1,1,0,rainy,1,1
2022-09-02 13:35:00,13,35,4,2,9,35,-0.2588190451025208,-0.9659258262890683,-0.433883739117558,-0.9009688679024191,-1.0,-1.8369701987210297e-16,815,-0.4027466898587371,-0.9153114791194472,0,0,0,0,2,1,1,0,1,1,0,rainy,1,1
2022-09-02 13:40:00,13,40,4,2,9,35,-0.2588190451025208,-0.9659258262890683,-0.433883739117558,-0.9009688679024191,-1.0,-1.8369701987210297e-16,820,-0.4226182617406993,-0.90630778703665,0,0,0,0,2,1,1,0,1,1,0,rainy,1,1
2022-09-02 13:45:00,13,45,4,2,9,35,-0.2588190451025208,-0.9659258262890683,-0.433883739117558,-0.9009688679024191,-1.0,-1.8369701987210297e-16,825,-0.44228869021900147,-0.8968727415326883,0,0,0,0,2,1,1,0,1,1,0,rainy,1,1
2022-09-02 13:50:00,13,50,4,2,9,35,-0.2588190451025208,-0.9659258262890683,-0.433883739117558,-0.9009688679024191,-1.0,-1.8369701987210297e-16,830,-0.4617486132350337,-0.8870108331782218,0,0,0,0,2,1,1,0,1,1,0,rainy,1,1
2022-09-02 13:55:00,13,55,4,2,9,35,-0.2588190451025208,-0.9659258262890683,-0.433883739117558,-0.9009688679024191,-1.0,-1.8369701987210297e-16,835,-0.4809887689193874,-0.8767267557075078,0,0,0,0,2,1,1,0,1,1,0,rainy,1,1
2022-09-02 14:00:00,14,0,4,2,9,35,-0.4999999999999997,-0.8660254037844388,-0.433883739117558,-0.9009688679024191,-1.0,-1.8369701987210297e-16,840,-0.5000000000000001,-0.8660254037844386,0,0,0,0,2,1,1,0,1,1,0,rainy,1,1
2022-09-02 14:05:00,14,5,4,2,9,35,-0.4999999999999997,-0.8660254037844388,-0.433883739117558,-0.9009688679024191,-1.0,-1.8369701987210297e-16,845,-0.5187732581605212,-0.8549118706729467,0,0,0,0,2,1,1,0,1,1,0,rainy,1,1
2022-09-02 14:10:00,14,10,4,2,9,35,-0.4999999999999997,-0.8660254037844388,-0.433883739117558,-0.9009688679024191,-1.0,-1.8369701987210297e-16,850,-0.5372996083468236,-0.8433914458128858,0,0,0,0,2,1,1,0,1,1,0,rainy,1,1
2022-09-02 14:15:00,14,15,4,2,9,35,-0.4999999999999997,-0.8660254037844388,-0.433883739117558,-0.9009688679024191,-1.0,-1.8369701987210297e-16,855,-0.5555702330196023,-0.8314696123025452,0,0,0,0,2,1,1,0,1,1,0,rainy,1,1
2022-09-02 14:20:00,14,20,4,2,9,35,-0.4999999999999997,-0.8660254037844388,-0.433883739117558,-0.9009688679024191,-1.0,-1.8369701987210297e-16,860,-0.5735764363510458,-0.819152044288992,0,0,0,0,2,1,1,0,1,1,0,rainy,1,1
2022-09-02 14:25:00,14,25,4,2,9,35,-0.4999999999999997,-0.8660254037844388,-0.433883739117558,-0.9009688679024191,-1.0,-1.8369701987210297e-16,865,-0.5913096483635824,-0.8064446042674825,0,0,0,0,2,1,1,0,1,1,0,rainy,1,1
2022-09-02 14:30:00,14,30,4,2,9,35,-0.4999999999999997,-0.8660254037844388,-0.433883739117558,-0.9009688679024191,-1.0,-1.8369701987210297e-16,870,-0.6087614290087207,-0.7933533402912352,0,0,0,0,2,1,1,0,1,1,0,rainy,1,1
2022-09-02 14:35:00,14,35,4,2,9,35,-0.4999999999999997,-0.8660254037844388,-0.433883739117558,-0.9009688679024191,-1.0,-1.8369701987210297e-16,875,-0.6259234721840587,-0.779884483092882,0,0,0,0,2,1,1,0,1,1,0,rainy,1,1
2022-09-02 14:40:00,14,40,4,2,9,35,-0.4999999999999997,-0.8660254037844388,-0.433883739117558,-0.9009688679024191,-1.0,-1.8369701987210297e-16,880,-0.6427876096865393,-0.766044443118978,0,0,0,0,2,1,1,0,1,1,0,rainy,1,1
2022-09-02 14:45:00,14,45,4,2,9,35,-0.4999999999999997,-0.8660254037844388,-0.433883739117558,-0.9009688679024191,-1.0,-1.8369701987210297e-16,885,-0.6593458151000688,-0.7518398074789774,0,0,0,0,2,1,1,0,1,1,0,rainy,1,1
2022-09-02 14:50:00,14,50,4,2,9,35,-0.4999999999999997,-0.8660254037844388,-0.433883739117558,-0.9009688679024191,-1.0,-1.8369701987210297e-16,890,-0.6755902076156598,-0.7372773368101244,0,0,0,0,2,1,1,0,1,1,0,rainy,1,1
2022-09-02 14:55:00,14,55,4,2,9,35,-0.4999999999999997,-0.8660254037844388,-0.433883739117558,-0.9009688679024191,-1.0,-1.8369701987210297e-16,895,-0.6915130557822693,-0.7223639620597556,0,0,0,0,2,1,1,0,1,1,0,rainy,1,1
2022-09-02 15:00:00,15,0,4,2,9,35,-0.7071067811865471,-0.7071067811865479,-0.433883739117558,-0.9009688679024191,-1.0,-1.8369701987210297e-16,900,-0.7071067811865475,-0.7071067811865477,0,0,0,0,2,1,1,0,1,1,0,rainy,1,1
2022-09-02 15:05:00,15,5,4,2,9,35,-0.7071067811865471,-0.7071067811865479,-0.433883739117558,-0.9009688679024191,-1.0,-1.8369701987210297e-16,905,-0.7223639620597552,-0.6915130557822698,0,0,0,0,2,1,1,0,1,1,0,rainy,1,1
2022-09-02 15:10:00,15,10,4,2,9,35,-0.7071067811865471,-0.7071067811865479,-0.433883739117558,-0.9009688679024191,-1.0,-1.8369701987210297e-16,910,-0.7372773368101239,-0.6755902076156604,0,0,0,0,2,1,1,0,1,1,0,rainy,1,1
2022-09-02 15:15:00,15,15,4,2,9,35,-0.7071067811865471,-0.7071067811865479,-0.433883739117558,-0.9009688679024191,-1.0,-1.8369701987210297e-16,915,-0.7518398074789773,-0.6593458151000691,0,0,0,0,2,1,1,0,1,1,0,rainy,1,1
2022-09-02 15:20:00,15,20,4,2,9,35,-0.7071067811865471,-0.7071067811865479,-0.433883739117558,-0.9009688679024191,-1.0,-1.8369701987210297e-16,920,-0.7660444431189779,-0.6427876096865395,0,0,0,0,2,1,1,0,1,1,0,rainy,1,1
2022-09-02 15:25:00,15,25,4,2,9,35,-0.7071067811865471,-0.7071067811865479,-0.433883739117558,-0.9009688679024191,-1.0,-1.8369701987210297e-16,925,-0.7798844830928819,-0.625923472184059,0,0,0,0,2,1,1,0,1,1,0,rainy,1,1
2022-09-02 15:30:00,15,30,4,2,9,35,-0.7071067811865471,-0.7071067811865479,-0.433883739117558,-0.9009688679024191,-1.0,-1.8369701987210297e-16,930,-0.7933533402912349,-0.6087614290087209,0,0,0,0,2,1,1,0,1,1,0,rainy,1,1
2022-09-02 15:35:00,15,35,4,2,9,35,-0.7071067811865471,-0.7071067811865479,-0.433883739117558,-0.9009688679024191,-1.0,-1.8369701987210297e-16,935,-0.8064446042674827,-0.5913096483635822,0,0,0,0,2,1,1,0,1,1,0,rainy,1,1
2022-09-02 15:40:00,15,40,4,2,9,35,-0.7071067811865471,-0.7071067811865479,-0.433883739117558,-0.9009688679024191,-1.0,-1.8369701987210297e-16,940,-0.8191520442889916,-0.5735764363510464,0,0,0,0,2,1,1,0,1,1,0,rainy,1,1
2022-09-02 15:45:00,15,45,4,2,9,35,-0.7071067811865471,-0.7071067811865479,-0.433883739117558,-0.9009688679024191,-1.0,-1.8369701987210297e-16,945,-0.8314696123025448,-0.555570233019603,0,0,0,0,2,1,1,0,1,1,0,rainy,1,1
2022-09-02 15:50:00,15,50,4,2,9,35,-0.7071067811865471,-0.7071067811865479,-0.433883739117558,-0.9009688679024191,-1.0,-1.8369701987210297e-16,950,-0.8433914458128855,-0.5372996083468242,0,0,0,0,2,1,1,0,1,1,0,rainy,1,1
2022-09-02 15:55:00,15,55,4,2,9,35,-0.7071067811865471,-0.7071067811865479,-0.433883739117558,-0.9009688679024191,-1.0,-1.8369701987210297e-16,955,-0.8549118706729466,-0.5187732581605214,0,0,0,0,2,1,1,0,1,1,0,rainy,1,1
2022-09-02 16:00:00,16,0,4,2,9,35,-0.8660254037844385,-0.5000000000000004,-0.433883739117558,-0.9009688679024191,-1.0,-1.8369701987210297e-16,960,-0.8660254037844385,-0.5000000000000004,0,0,0,0,2,1,1,0,1,1,0,rainy,1,1
2022-09-02 16:05:00,16,5,4,2,9,35,-0.8660254037844385,-0.5000000000000004,-0.433883739117558,-0.9009688679024191,-1.0,-1.8369701987210297e-16,965,-0.8767267557075077,-0.4809887689193877,0,0,0,0,2,1,1,0,1,1,0,rainy,1,1
2022-09-02 16:10:00,16,10,4,2,9,35,-0.8660254037844385,-0.5000000000000004,-0.433883739117558,-0.9009688679024191,-1.0,-1.8369701987210297e-16,970,-0.8870108331782215,-0.46174861323503436,0,0,0,0,2,1,1,0,1,1,0,rainy,1,1
2022-09-02 16:15:00,16,15,4,2,9,35,-0.8660254037844385,-0.5000000000000004,-0.433883739117558,-0.9009688679024191,-1.0,-1.8369701987210297e-16,975,-0.8968727415326883,-0.44228869021900136,0,0,0,0,2,1,1,0,1,1,0,rainy,1,1
2022-09-02 16:20:00,16,20,4,2,9,35,-0.8660254037844385,-0.5000000000000004,-0.433883739117558,-0.9009688679024191,-1.0,-1.8369701987210297e-16,980,-0.9063077870366497,-0.42261826174069994,0,0,0,0,2,1,1,0,1,1,0,rainy,1,1
2022-09-02 16:25:00,16,25,4,2,9,35,-0.8660254037844385,-0.5000000000000004,-0.433883739117558,-0.9009688679024191,-1.0,-1.8369701987210297e-16,985,-0.9153114791194471,-0.40274668985873735,0,0,0,0,2,1,1,0,1,1,0,rainy,1,1
2022-09-02 16:30:00,16,30,4,2,9,35,-0.8660254037844385,-0.5000000000000004,-0.433883739117558,-0.9009688679024191,-1.0,-1.8369701987210297e-16,990,-0.9238795325112868,-0.3826834323650895,0,0,0,0,2,1,1,0,1,1,0,rainy,1,1
2022-09-02 16:35:00,16,35,4,2,9,35,-0.8660254037844385,-0.5000000000000004,-0.433883739117558,-0.9009688679024191,-1.0,-1.8369701987210297e-16,995,-0.9320078692827984,-0.3624380382837018,0,0,0,0,2,1,1,0,1,1,0,rainy,1,1
2022-09-02 16:40:00,16,40,4,2,9,35,-0.8660254037844385,-0.5000000000000004,-0.433883739117558,-0.9009688679024191,-1.0,-1.8369701987210297e-16,1000,-0.9396926207859082,-0.3420201433256694,0,0,0,0,2,1,1,0,1,1,0,rainy,1,1
2022-09-02 16:45:00,16,45,4,2,9,35,-0.8660254037844385,-0.5000000000000004,-0.433883739117558,-0.9009688679024191,-1.0,-1.8369701987210297e-16,1005,-0.9469301294951056,-0.3214394653031618,0,0,0,0,2,1,1,0,1,1,0,rainy,1,1
2022-09-02 16:50:00,16,50,4,2,9,35,-0.8660254037844385,-0.5000000000000004,-0.433883739117558,-0.9009688679024191,-1.0,-1.8369701987210297e-16,1010,-0.9537169507482267,-0.3007057995042738,0,0,0,0,2,1,1,0,1,1,0,rainy,1,1
2022-09-02 16:55:00,16,55,4,2,9,35,-0.8660254037844385,-0.5000000000000004,-0.433883739117558,-0.9009688679024191,-1.0,-1.8369701987210297e-16,1015,-0.9600498543859286,-0.27982901403099236,0,0,0,0,2,1,1,0,1,1,0,rainy,1,1
2022-09-02 17:00:00,17,0,4,2,9,35,-0.9659258262890683,-0.25881904510252063,-0.433883739117558,-0.9009688679024191,-1.0,-1.8369701987210297e-16,1020,-0.9659258262890683,-0.25881904510252063,0,0,1,1,2,1,1,0,1,1,0,rainy,1,1
2022-09-02 17:05:00,17,5,4,2,9,35,-0.9659258262890683,-0.25881904510252063,-0.433883739117558,-0.9009688679024191,-1.0,-1.8369701987210297e-16,1025,-0.9713420698132613,-0.23768589232617343,0,0,1,1,2,1,1,0,1,1,0,rainy,1,1
2022-09-02 17:10:00,17,10,4,2,9,35,-0.9659258262890683,-0.25881904510252063,-0.433883739117558,-0.9009688679024191,-1.0,-1.8369701987210297e-16,1030,-0.9762960071199334,-0.21643961393810282,0,0,1,1,2,1,1,0,1,1,0,rainy,1,1
2022-09-02 17:15:00,17,15,4,2,9,35,-0.9659258262890683,-0.25881904510252063,-0.433883739117558,-0.9009688679024191,-1.0,-1.8369701987210297e-16,1035,-0.9807852804032303,-0.19509032201612866,0,0,1,1,2,1,1,0,1,1,0,rainy,1,1
2022-09-02 17:20:00,17,20,4,2,9,35,-0.9659258262890683,-0.25881904510252063,-0.433883739117558,-0.9009688679024191,-1.0,-1.8369701987210297e-16,1040,-0.984807753012208,-0.17364817766693033,0,0,1,1,2,1,1,0,1,1,0,rainy,1,1
2022-09-02 17:25:00,17,25,4,2,9,35,-0.9659258262890683,-0.25881904510252063,-0.433883739117558,-0.9009688679024191,-1.0,-1.8369701987210297e-16,1045,-0.9883615104677607,-0.15212338618991714,0,0,1,1,2,1,1,0,1,1,0,rainy,1,1
2022-09-02 17:30:00,17,30,4,2,9,35,-0.9659258262890683,-0.25881904510252063,-0.433883739117558,-0.9009688679024191,-1.0,-1.8369701987210297e-16,1050,-0.9914448613738104,-0.13052619222005163,0,0,1,1,2,1,1,0,1,1,0,rainy,1,1
2022-09-02 17:35:00,17,35,4,2,9,35,-0.9659258262890683,-0.25881904510252063,-0.433883739117558,-0.9009688679024191,-1.0,-1.8369701987210297e-16,1055,-0.9940563382223195,-0.10886687485196507,0,0,1,1,2,1,1,0,1,1,0,rainy,1,1
