arrival_id,station_id,t_arrival,queue_len_on_arrival,wait_min,outcome,port_id
ARR_000001,ST_EVO_AUDI_HCM,2026-08-01T01:38:39+07:00,0,0.0,served,ST_EVO_AUDI_HCM_P1
ARR_000002,ST_EVO_AUDI_HCM,2026-08-01T05:01:05+07:00,0,0.0,served,ST_EVO_AUDI_HCM_P1
ARR_000003,ST_EVO_DEUTSCHES_HAUS,2026-08-01T05:53:10+07:00,0,0.0,served,ST_EVO_DEUTSCHES_HAUS_P1
ARR_000004,ST_EVO_LAVIDA_Q7,2026-08-01T08:24:43+07:00,0,0.0,served,ST_EVO_LAVIDA_Q7_P1
ARR_000005,ST_EVO_AUDI_HCM,2026-08-01T08:25:39+07:00,0,0.0,served,ST_EVO_AUDI_HCM_P1
ARR_000006,ST_EVO_AUDI_HCM,2026-08-01T09:14:15+07:00,0,0.0,served,ST_EVO_AUDI_HCM_P1
ARR_000007,ST_EVO_LAVIDA_Q7,2026-08-01T09:21:39+07:00,0,0.0,served,ST_EVO_LAVIDA_Q7_P1
ARR_000008,ST_EVO_LAVIDA_Q7,2026-08-01T09:30:13+07:00,0,32.72,served,ST_EVO_LAVIDA_Q7_P1
ARR_000009,ST_EVO_AUDI_HCM,2026-08-01T09:30:47+07:00,0,0.0,served,ST_EVO_AUDI_HCM_P1
ARR_000010,ST_EVO_AUDI_HCM,2026-08-01T09:45:17+07:00,0,0.0,served,ST_EVO_AUDI_HCM_P2
ARR_000011,ST_EVO_AUDI_HCM,2026-08-01T09:56:06+07:00,0,0.0,served,ST_EVO_AUDI_HCM_P1
ARR_000012,ST_EVO_AUDI_HCM,2026-08-01T10:19:00+07:00,0,0.0,served,ST_EVO_AUDI_HCM_P2
ARR_000013,ST_EVO_AUDI_HCM,2026-08-01T10:20:05+07:00,0,0.0,served,ST_EVO_AUDI_HCM_P3
ARR_000014,ST_EVO_LAVIDA_Q7,2026-08-01T10:21:33+07:00,0,1.82,served,ST_EVO_LAVIDA_Q7_P1
ARR_000015,ST_EVO_AUDI_HCM,2026-08-01T10:35:36+07:00,0,0.0,served,ST_EVO_AUDI_HCM_P1
ARR_000016,ST_EVO_DEUTSCHES_HAUS,2026-08-01T10:36:20+07:00,0,0.0,served,ST_EVO_DEUTSCHES_HAUS_P1
ARR_000017,ST_EVO_AUDI_HCM,2026-08-01T10:40:02+07:00,0,0.0,served,ST_EVO_AUDI_HCM_P4
ARR_000018,ST_EVO_AUDI_HCM,2026-08-01T10:52:48+07:00,0,3.52,served,ST_EVO_AUDI_HCM_P2
ARR_000019,ST_EVO_AUDI_HCM,2026-08-01T10:57:40+07:00,0,16.1,reneged,
ARR_000020,ST_EVO_AUDI_HCM,2026-08-01T11:01:42+07:00,1,16.72,served,ST_EVO_AUDI_HCM_P2
ARR_000021,ST_EVO_AUDI_HCM,2026-08-01T11:01:53+07:00,2,16.63,served,ST_EVO_AUDI_HCM_P1
ARR_000022,ST_EVO_AUDI_HCM,2026-08-01T11:10:19+07:00,3,6.3,reneged,
ARR_000023,ST_EVO_DEUTSCHES_HAUS,2026-08-01T11:13:14+07:00,0,0.0,served,ST_EVO_DEUTSCHES_HAUS_P2
ARR_000024,ST_EVO_AUDI_HCM,2026-08-01T11:18:37+07:00,0,15.9,reneged,
ARR_000025,ST_EVO_LAVIDA_Q7,2026-08-01T11:20:06+07:00,0,0.0,served,ST_EVO_LAVIDA_Q7_P1
ARR_000026,ST_EVO_DEUTSCHES_HAUS,2026-08-01T11:24:49+07:00,0,0.0,served,ST_EVO_DEUTSCHES_HAUS_P3
ARR_000027,ST_EVO_AUDI_HCM,2026-08-01T11:29:27+07:00,1,22.3,reneged,
ARR_000028,ST_EVO_LAVIDA_Q7,2026-08-01T11:35:22+07:00,0,3.5,served,ST_EVO_LAVIDA_Q7_P1
ARR_000029,ST_EVO_AUDI_HCM,2026-08-01T11:59:38+07:00,0,0.0,served,ST_EVO_AUDI_HCM_P1
ARR_000030,ST_EVO_AUDI_HCM,2026-08-01T12:22:08+07:00,0,0.0,served,ST_EVO_AUDI_HCM_P2
ARR_000031,ST_EVO_LAVIDA_Q7,2026-08-01T12:23:29+07:00,0,0.0,served,ST_EVO_LAVIDA_Q7_P1
ARR_000032,ST_EVO_AUDI_HCM,2026-08-01T12:34:48+07:00,0,20.9,reneged,
ARR_000033,ST_EVO_AUDI_HCM,2026-08-01T12:39:57+07:00,1,13.1,reneged,
ARR_000034,ST_EVO_AUDI_HCM,2026-08-01T12:47:03+07:00,2,17.65,served,ST_EVO_AUDI_HCM_P2
ARR_000035,ST_EVO_LAVIDA_Q7,2026-08-01T12:54:39+07:00,0,34.6,reneged,
ARR_000036,ST_EVO_DEUTSCHES_HAUS,2026-08-01T12:58:50+07:00,0,0.0,served,ST_EVO_DEUTSCHES_HAUS_P4
ARR_000037,ST_EVO_AUDI_HCM,2026-08-01T13:20:16+07:00,0,12.08,served,ST_EVO_AUDI_HCM_P2
ARR_000038,ST_EVO_AUDI_HCM,2026-08-01T13:21:53+07:00,1,15.52,served,ST_EVO_AUDI_HCM_P1
ARR_000039,ST_EVO_AUDI_HCM,2026-08-01T13:33:18+07:00,1,3.7,reneged,
ARR_000040,ST_EVO_AUDI_HCM,2026-08-01T13:40:30+07:00,0,1.87,served,ST_EVO_AUDI_HCM_P2
ARR_000041,ST_EVO_AUDI_HCM,2026-08-01T13:41:01+07:00,1,15.0,reneged,
ARR_000042,ST_EVO_DEUTSCHES_HAUS,2026-08-01T13:49:30+07:00,0,7.5,reneged,
ARR_000043,ST_EVO_AUDI_HCM,2026-08-01T13:52:09+07:00,1,9.7,reneged,
ARR_000044,ST_EVO_DEUTSCHES_HAUS,2026-08-01T13:54:41+07:00,1,17.2,reneged,
ARR_000045,ST_EVO_DEUTSCHES_HAUS,2026-08-01T13:58:05+07:00,1,25.2,reneged,
ARR_000046,ST_EVO_DEUTSCHES_HAUS,2026-08-01T13:59:30+07:00,2,13.4,reneged,
ARR_000047,ST_EVO_AUDI_HCM,2026-08-01T14:05:59+07:00,0,1.95,served,ST_EVO_AUDI_HCM_P2
ARR_000048,ST_EVO_LAVIDA_Q7,2026-08-01T14:29:55+07:00,0,0.0,served,ST_EVO_LAVIDA_Q7_P1
ARR_000049,ST_EVO_DEUTSCHES_HAUS,2026-08-01T15:16:01+07:00,0,0.0,served,ST_EVO_DEUTSCHES_HAUS_P1
ARR_000050,ST_EVO_AUDI_HCM,2026-08-01T15:22:53+07:00,0,0.0,served,ST_EVO_AUDI_HCM_P1
ARR_000051,ST_EVO_LAVIDA_Q7,2026-08-01T15:25:54+07:00,0,0.0,served,ST_EVO_LAVIDA_Q7_P1
ARR_000052,ST_EVO_AUDI_HCM,2026-08-01T15:30:00+07:00,0,0.0,served,ST_EVO_AUDI_HCM_P2
ARR_000053,ST_EVO_LAVIDA_Q7,2026-08-01T15:34:42+07:00,0,13.83,served,ST_EVO_LAVIDA_Q7_P1
ARR_000054,ST_EVO_AUDI_HCM,2026-08-01T15:37:20+07:00,0,0.0,served,ST_EVO_AUDI_HCM_P4
ARR_000055,ST_EVO_AUDI_HCM,2026-08-01T15:40:24+07:00,0,16.15,served,ST_EVO_AUDI_HCM_P1
ARR_000056,ST_EVO_AUDI_HCM,2026-08-01T16:18:43+07:00,0,8.1,reneged,
ARR_000057,ST_EVO_DEUTSCHES_HAUS,2026-08-01T16:25:54+07:00,0,0.0,served,ST_EVO_DEUTSCHES_HAUS_P3
ARR_000058,ST_EVO_AUDI_HCM,2026-08-01T16:34:25+07:00,0,0.0,served,ST_EVO_AUDI_HCM_P1
ARR_000059,ST_EVO_DEUTSCHES_HAUS,2026-08-01T16:36:55+07:00,0,9.0,reneged,
ARR_000060,ST_EVO_DEUTSCHES_HAUS,2026-08-01T17:00:41+07:00,0,13.6,reneged,
ARR_000061,ST_EVO_LAVIDA_Q7,2026-08-01T17:02:14+07:00,0,1.12,served,ST_EVO_LAVIDA_Q7_P1
ARR_000062,ST_EVO_DEUTSCHES_HAUS,2026-08-01T17:08:01+07:00,1,16.2,reneged,
ARR_000063,ST_EVO_AUDI_HCM,2026-08-01T17:12:04+07:00,0,0.0,served,ST_EVO_AUDI_HCM_P1
ARR_000064,ST_EVO_DEUTSCHES_HAUS,2026-08-01T17:21:29+07:00,1,17.4,reneged,
ARR_000065,ST_EVO_AUDI_HCM,2026-08-01T17:21:35+07:00,0,0.0,served,ST_EVO_AUDI_HCM_P2
ARR_000066,ST_EVO_DEUTSCHES_HAUS,2026-08-01T17:25:57+07:00,1,15.9,reneged,
ARR_000067,ST_EVO_AUDI_HCM,2026-08-01T17:33:06+07:00,0,0.0,served,ST_EVO_AUDI_HCM_P3
ARR_000068,ST_EVO_AUDI_HCM,2026-08-01T17:36:07+07:00,0,14.6,reneged,
ARR_000069,ST_EVO_LAVIDA_Q7,2026-08-01T18:09:09+07:00,0,0.0,served,ST_EVO_LAVIDA_Q7_P1
ARR_000070,ST_EVO_AUDI_HCM,2026-08-01T18:19:06+07:00,0,0.0,served,ST_EVO_AUDI_HCM_P1
ARR_000071,ST_EVO_AUDI_HCM,2026-08-01T18:24:44+07:00,0,0.0,served,ST_EVO_AUDI_HCM_P2
ARR_000072,ST_EVO_AUDI_HCM,2026-08-01T18:30:11+07:00,0,22.67,served,ST_EVO_AUDI_HCM_P2
ARR_000073,ST_EVO_AUDI_HCM,2026-08-01T18:38:12+07:00,1,12.9,reneged,
ARR_000074,ST_EVO_DEUTSCHES_HAUS,2026-08-01T18:43:58+07:00,0,0.0,served,ST_EVO_DEUTSCHES_HAUS_P2
ARR_000075,ST_EVO_AUDI_HCM,2026-08-01T18:50:16+07:00,2,13.83,served,ST_EVO_AUDI_HCM_P1
ARR_000076,ST_EVO_AUDI_HCM,2026-08-01T18:57:02+07:00,1,37.27,served,ST_EVO_AUDI_HCM_P2
ARR_000077,ST_EVO_DEUTSCHES_HAUS,2026-08-01T19:22:47+07:00,0,0.0,served,ST_EVO_DEUTSCHES_HAUS_P1
ARR_000078,ST_EVO_AUDI_HCM,2026-08-01T19:29:58+07:00,1,10.9,reneged,
ARR_000079,ST_EVO_LAVIDA_Q7,2026-08-01T19:34:58+07:00,0,0.0,served,ST_EVO_LAVIDA_Q7_P1
ARR_000080,ST_EVO_AUDI_HCM,2026-08-01T19:38:47+07:00,1,11.8,reneged,
ARR_000081,ST_EVO_LAVIDA_Q7,2026-08-01T19:54:01+07:00,0,30.3,reneged,
ARR_000082,ST_EVO_AUDI_HCM,2026-08-01T19:54:41+07:00,0,0.05,served,ST_EVO_AUDI_HCM_P1
ARR_000083,ST_EVO_DEUTSCHES_HAUS,2026-08-01T20:16:02+07:00,0,0.0,served,ST_EVO_DEUTSCHES_HAUS_P2
ARR_000084,ST_EVO_AUDI_HCM,2026-08-01T20:28:50+07:00,0,0.0,served,ST_EVO_AUDI_HCM_P1
ARR_000085,ST_EVO_AUDI_HCM,2026-08-01T20:33:06+07:00,0,0.0,served,ST_EVO_AUDI_HCM_P2
ARR_000086,ST_EVO_LAVIDA_Q7,2026-08-01T20:53:38+07:00,0,0.0,served,ST_EVO_LAVIDA_Q7_P1
ARR_000087,ST_EVO_DEUTSCHES_HAUS,2026-08-01T20:54:05+07:00,0,0.0,served,ST_EVO_DEUTSCHES_HAUS_P3
ARR_000088,ST_EVO_DEUTSCHES_HAUS,2026-08-01T20:57:56+07:00,0,0.0,served,ST_EVO_DEUTSCHES_HAUS_P4
ARR_000089,ST_EVO_AUDI_HCM,2026-08-01T21:35:16+07:00,0,0.0,served,ST_EVO_AUDI_HCM_P1
ARR_000090,ST_EVO_LAVIDA_Q7,2026-08-01T21:37:32+07:00,0,0.0,served,ST_EVO_LAVIDA_Q7_P1
ARR_000091,ST_EVO_AUDI_HCM,2026-08-01T21:59:34+07:00,0,0.0,served,ST_EVO_AUDI_HCM_P2
ARR_000092,ST_EVO_DEUTSCHES_HAUS,2026-08-02T01:57:44+07:00,0,0.0,served,ST_EVO_DEUTSCHES_HAUS_P1
ARR_000093,ST_EVO_DEUTSCHES_HAUS,2026-08-02T01:58:46+07:00,0,0.0,served,ST_EVO_DEUTSCHES_HAUS_P2
ARR_000094,ST_EVO_DEUTSCHES_HAUS,2026-08-02T07:16:32+07:00,0,0.0,served,ST_EVO_DEUTSCHES_HAUS_P2
ARR_000095,ST_EVO_DEUTSCHES_HAUS,2026-08-02T07:28:09+07:00,0,0.0,served,ST_EVO_DEUTSCHES_HAUS_P3
ARR_000096,ST_EVO_AUDI_HCM,2026-08-02T07:36:46+07:00,0,0.0,served,ST_EVO_AUDI_HCM_P1
ARR_000097,ST_EVO_AUDI_HCM,2026-08-02T07:37:02+07:00,0,0.0,served,ST_EVO_AUDI_HCM_P2
ARR_000098,ST_EVO_LAVIDA_Q7,2026-08-02T08:08:56+07:00,0,0.0,served,ST_EVO_LAVIDA_Q7_P1
ARR_000099,ST_EVO_AUDI_HCM,2026-08-02T08:49:31+07:00,0,0.0,served,ST_EVO_AUDI_HCM_P1
ARR_000100,ST_EVO_AUDI_HCM,2026-08-02T09:08:14+07:00,0,0.0,served,ST_EVO_AUDI_HCM_P2
ARR_000101,ST_EVO_AUDI_HCM,2026-08-02T09:16:37+07:00,0,0.0,served,ST_EVO_AUDI_HCM_P3
ARR_000102,ST_EVO_DEUTSCHES_HAUS,2026-08-02T09:18:28+07:00,0,0.0,served,ST_EVO_DEUTSCHES_HAUS_P1
ARR_000103,ST_EVO_AUDI_HCM,2026-08-02T10:02:23+07:00,0,0.0,served,ST_EVO_AUDI_HCM_P1
ARR_000104,ST_EVO_AUDI_HCM,2026-08-02T10:15:04+07:00,0,0.0,served,ST_EVO_AUDI_HCM_P2
ARR_000105,ST_EVO_LAVIDA_Q7,2026-08-02T10:44:13+07:00,0,0.0,served,ST_EVO_LAVIDA_Q7_P1
ARR_000106,ST_EVO_LAVIDA_Q7,2026-08-02T10:54:04+07:00,0,21.0,reneged,
ARR_000107,ST_EVO_DEUTSCHES_HAUS,2026-08-02T10:57:31+07:00,0,0.0,served,ST_EVO_DEUTSCHES_HAUS_P2
ARR_000108,ST_EVO_AUDI_HCM,2026-08-02T11:09:27+07:00,0,0.0,served,ST_EVO_AUDI_HCM_P1
ARR_000109,ST_EVO_LAVIDA_Q7,2026-08-02T11:10:44+07:00,1,9.05,served,ST_EVO_LAVIDA_Q7_P1
ARR_000110,ST_EVO_LAVIDA_Q7,2026-08-02T11:46:26+07:00,0,0.0,served,ST_EVO_LAVIDA_Q7_P1
ARR_000111,ST_EVO_AUDI_HCM,2026-08-02T11:48:17+07:00,0,0.0,served,ST_EVO_AUDI_HCM_P1
ARR_000112,ST_EVO_AUDI_HCM,2026-08-02T11:51:25+07:00,0,0.0,served,ST_EVO_AUDI_HCM_P2
ARR_000113,ST_EVO_AUDI_HCM,2026-08-02T11:53:37+07:00,0,0.0,served,ST_EVO_AUDI_HCM_P3
ARR_000114,ST_EVO_AUDI_HCM,2026-08-02T12:05:05+07:00,0,0.0,served,ST_EVO_AUDI_HCM_P4
ARR_000115,ST_EVO_DEUTSCHES_HAUS,2026-08-02T12:10:07+07:00,0,0.0,served,ST_EVO_DEUTSCHES_HAUS_P3
ARR_000116,ST_EVO_AUDI_HCM,2026-08-02T12:14:05+07:00,0,0.0,served,ST_EVO_AUDI_HCM_P2
ARR_000117,ST_EVO_DEUTSCHES_HAUS,2026-08-02T12:22:34+07:00,0,0.0,served,ST_EVO_DEUTSCHES_HAUS_P4
ARR_000118,ST_EVO_AUDI_HCM,2026-08-02T12:37:50+07:00,0,0.0,served,ST_EVO_AUDI_HCM_P1
ARR_000119,ST_EVO_DEUTSCHES_HAUS,2026-08-02T12:48:15+07:00,0,50.23,served,ST_EVO_DEUTSCHES_HAUS_P3
ARR_000120,ST_EVO_AUDI_HCM,2026-08-02T12:49:38+07:00,0,2.02,served,ST_EVO_AUDI_HCM_P3
ARR_000121,ST_EVO_AUDI_HCM,2026-08-02T12:57:48+07:00,0,0.32,served,ST_EVO_AUDI_HCM_P2
ARR_000122,ST_EVO_AUDI_HCM,2026-08-02T13:13:34+07:00,0,0.0,served,ST_EVO_AUDI_HCM_P1
ARR_000123,ST_EVO_AUDI_HCM,2026-08-02T13:15:59+07:00,0,0.0,served,ST_EVO_AUDI_HCM_P2
ARR_000124,ST_EVO_LAVIDA_Q7,2026-08-02T13:27:49+07:00,0,0.0,served,ST_EVO_LAVIDA_Q7_P1
ARR_000125,ST_EVO_AUDI_HCM,2026-08-02T13:29:41+07:00,0,6.53,served,ST_EVO_AUDI_HCM_P4
ARR_000126,ST_EVO_AUDI_HCM,2026-08-02T13:45:18+07:00,0,4.1,served,ST_EVO_AUDI_HCM_P2
ARR_000127,ST_EVO_AUDI_HCM,2026-08-02T14:27:28+07:00,0,0.0,served,ST_EVO_AUDI_HCM_P1
ARR_000128,ST_EVO_AUDI_HCM,2026-08-02T14:40:55+07:00,0,0.0,served,ST_EVO_AUDI_HCM_P2
ARR_000129,ST_EVO_LAVIDA_Q7,2026-08-02T14:46:33+07:00,0,0.0,served,ST_EVO_LAVIDA_Q7_P1
ARR_000130,ST_EVO_AUDI_HCM,2026-08-02T14:47:06+07:00,0,0.0,served,ST_EVO_AUDI_HCM_P1
ARR_000131,ST_EVO_AUDI_HCM,2026-08-02T15:08:43+07:00,0,20.8,served,ST_EVO_AUDI_HCM_P2
ARR_000132,ST_EVO_DEUTSCHES_HAUS,2026-08-02T15:54:49+07:00,0,0.0,served,ST_EVO_DEUTSCHES_HAUS_P1
ARR_000133,ST_EVO_DEUTSCHES_HAUS,2026-08-02T16:12:06+07:00,0,0.0,served,ST_EVO_DEUTSCHES_HAUS_P3
ARR_000134,ST_EVO_DEUTSCHES_HAUS,2026-08-02T16:18:28+07:00,0,1.13,served,ST_EVO_DEUTSCHES_HAUS_P2
ARR_000135,ST_EVO_LAVIDA_Q7,2026-08-02T16:19:35+07:00,0,0.0,served,ST_EVO_LAVIDA_Q7_P1
ARR_000136,ST_EVO_LAVIDA_Q7,2026-08-02T16:37:59+07:00,0,10.32,served,ST_EVO_LAVIDA_Q7_P1
ARR_000137,ST_EVO_LAVIDA_Q7,2026-08-02T17:08:47+07:00,0,0.0,served,ST_EVO_LAVIDA_Q7_P1
ARR_000138,ST_EVO_AUDI_HCM,2026-08-02T17:12:54+07:00,0,0.0,served,ST_EVO_AUDI_HCM_P1
ARR_000139,ST_EVO_AUDI_HCM,2026-08-02T17:20:24+07:00,0,0.0,served,ST_EVO_AUDI_HCM_P2
ARR_000140,ST_EVO_AUDI_HCM,2026-08-02T17:36:41+07:00,0,2.25,served,ST_EVO_AUDI_HCM_P1
ARR_000141,ST_EVO_DEUTSCHES_HAUS,2026-08-02T17:40:43+07:00,0,0.0,served,ST_EVO_DEUTSCHES_HAUS_P4
ARR_000142,ST_EVO_AUDI_HCM,2026-08-02T17:44:18+07:00,0,0.0,served,ST_EVO_AUDI_HCM_P2
ARR_000143,ST_EVO_AUDI_HCM,2026-08-02T17:44:45+07:00,0,7.9,reneged,
ARR_000144,ST_EVO_DEUTSCHES_HAUS,2026-08-02T17:46:03+07:00,0,21.8,reneged,
ARR_000145,ST_EVO_AUDI_HCM,2026-08-02T17:51:10+07:00,1,11.5,reneged,
ARR_000146,ST_EVO_AUDI_HCM,2026-08-02T18:04:17+07:00,0,6.23,served,ST_EVO_AUDI_HCM_P1
ARR_000147,ST_EVO_AUDI_HCM,2026-08-02T18:22:24+07:00,0,0.0,served,ST_EVO_AUDI_HCM_P2
ARR_000148,ST_EVO_LAVIDA_Q7,2026-08-02T18:27:34+07:00,0,0.0,served,ST_EVO_LAVIDA_Q7_P1
ARR_000149,ST_EVO_DEUTSCHES_HAUS,2026-08-02T18:30:50+07:00,0,39.3,reneged,
ARR_000150,ST_EVO_AUDI_HCM,2026-08-02T18:32:17+07:00,0,16.63,served,ST_EVO_AUDI_HCM_P4
ARR_000151,ST_EVO_AUDI_HCM,2026-08-02T18:43:46+07:00,1,7.6,reneged,
ARR_000152,ST_EVO_AUDI_HCM,2026-08-02T18:48:25+07:00,2,8.0,served,ST_EVO_AUDI_HCM_P2
ARR_000153,ST_EVO_DEUTSCHES_HAUS,2026-08-02T18:53:06+07:00,1,18.38,served,ST_EVO_DEUTSCHES_HAUS_P3
ARR_000154,ST_EVO_AUDI_HCM,2026-08-02T18:56:10+07:00,1,12.02,served,ST_EVO_AUDI_HCM_P1
ARR_000155,ST_EVO_AUDI_HCM,2026-08-02T19:26:40+07:00,0,0.0,served,ST_EVO_AUDI_HCM_P2
ARR_000156,ST_EVO_AUDI_HCM,2026-08-02T19:40:07+07:00,0,0.0,served,ST_EVO_AUDI_HCM_P1
ARR_000157,ST_EVO_DEUTSCHES_HAUS,2026-08-02T19:48:41+07:00,0,0.0,served,ST_EVO_DEUTSCHES_HAUS_P2
ARR_000158,ST_EVO_DEUTSCHES_HAUS,2026-08-02T19:52:41+07:00,0,0.0,served,ST_EVO_DEUTSCHES_HAUS_P1
ARR_000159,ST_EVO_DEUTSCHES_HAUS,2026-08-02T19:59:03+07:00,0,32.95,served,ST_EVO_DEUTSCHES_HAUS_P4
ARR_000160,ST_EVO_DEUTSCHES_HAUS,2026-08-02T20:16:24+07:00,1,29.7,reneged,
ARR_000161,ST_EVO_AUDI_HCM,2026-08-02T20:30:31+07:00,0,0.0,served,ST_EVO_AUDI_HCM_P1
ARR_000162,ST_EVO_AUDI_HCM,2026-08-02T21:54:33+07:00,0,0.0,served,ST_EVO_AUDI_HCM_P1
ARR_000163,ST_EVO_AUDI_HCM,2026-08-02T21:54:42+07:00,0,0.0,served,ST_EVO_AUDI_HCM_P2
ARR_000164,ST_EVO_AUDI_HCM,2026-08-02T22:33:14+07:00,0,0.0,served,ST_EVO_AUDI_HCM_P3
ARR_000165,ST_EVO_AUDI_HCM,2026-08-02T22:57:15+07:00,0,34.9,reneged,
ARR_000166,ST_EVO_DEUTSCHES_HAUS,2026-08-02T22:59:18+07:00,0,33.5,reneged,
ARR_000167,ST_EVO_AUDI_HCM,2026-08-03T00:19:39+07:00,0,0.0,served,ST_EVO_AUDI_HCM_P1
ARR_000168,ST_EVO_AUDI_HCM,2026-08-03T05:22:26+07:00,0,0.0,served,ST_EVO_AUDI_HCM_P1
ARR_000169,ST_EVO_AUDI_HCM,2026-08-03T07:20:28+07:00,0,0.0,served,ST_EVO_AUDI_HCM_P2
ARR_000170,ST_EVO_DEUTSCHES_HAUS,2026-08-03T08:01:38+07:00,0,0.0,served,ST_EVO_DEUTSCHES_HAUS_P1
ARR_000171,ST_EVO_DEUTSCHES_HAUS,2026-08-03T08:18:23+07:00,0,0.0,served,ST_EVO_DEUTSCHES_HAUS_P2
ARR_000172,ST_EVO_LAVIDA_Q7,2026-08-03T08:22:40+07:00,0,0.0,served,ST_EVO_LAVIDA_Q7_P1
ARR_000173,ST_EVO_DEUTSCHES_HAUS,2026-08-03T09:02:20+07:00,0,0.0,served,ST_EVO_DEUTSCHES_HAUS_P4
ARR_000174,ST_EVO_DEUTSCHES_HAUS,2026-08-03T09:03:49+07:00,0,36.3,reneged,
ARR_000175,ST_EVO_AUDI_HCM,2026-08-03T09:21:34+07:00,0,0.0,served,ST_EVO_AUDI_HCM_P2
ARR_000176,ST_EVO_AUDI_HCM,2026-08-03T09:22:29+07:00,0,0.0,served,ST_EVO_AUDI_HCM_P3
ARR_000177,ST_EVO_LAVIDA_Q7,2026-08-03T09:27:30+07:00,0,0.0,served,ST_EVO_LAVIDA_Q7_P1
ARR_000178,ST_EVO_AUDI_HCM,2026-08-03T09:36:06+07:00,0,0.0,served,ST_EVO_AUDI_HCM_P4
ARR_000179,ST_EVO_AUDI_HCM,2026-08-03T10:25:05+07:00,0,0.0,served,ST_EVO_AUDI_HCM_P2
ARR_000180,ST_EVO_LAVIDA_Q7,2026-08-03T10:26:50+07:00,0,5.2,served,ST_EVO_LAVIDA_Q7_P1
ARR_000181,ST_EVO_DEUTSCHES_HAUS,2026-08-03T10:53:54+07:00,0,0.0,served,ST_EVO_DEUTSCHES_HAUS_P2
ARR_000182,ST_EVO_AUDI_HCM,2026-08-03T11:09:07+07:00,0,0.0,served,ST_EVO_AUDI_HCM_P1
ARR_000183,ST_EVO_AUDI_HCM,2026-08-03T11:21:56+07:00,0,0.0,served,ST_EVO_AUDI_HCM_P2
ARR_000184,ST_EVO_LAVIDA_Q7,2026-08-03T11:28:31+07:00,0,6.8,served,ST_EVO_LAVIDA_Q7_P1
ARR_000185,ST_EVO_AUDI_HCM,2026-08-03T11:29:48+07:00,0,0.0,served,ST_EVO_AUDI_HCM_P3
ARR_000186,ST_EVO_AUDI_HCM,2026-08-03T11:41:26+07:00,0,3.6,served,ST_EVO_AUDI_HCM_P1
ARR_000187,ST_EVO_LAVIDA_Q7,2026-08-03T11:47:35+07:00,0,22.8,reneged,
ARR_000188,ST_EVO_AUDI_HCM,2026-08-03T11:58:04+07:00,0,1.33,served,ST_EVO_AUDI_HCM_P2
ARR_000189,ST_EVO_DEUTSCHES_HAUS,2026-08-03T12:02:18+07:00,0,0.0,served,ST_EVO_DEUTSCHES_HAUS_P4
ARR_000190,ST_EVO_AUDI_HCM,2026-08-03T12:04:43+07:00,0,14.5,reneged,
ARR_000191,ST_EVO_DEUTSCHES_HAUS,2026-08-03T12:07:24+07:00,0,7.4,reneged,
ARR_000192,ST_EVO_LAVIDA_Q7,2026-08-03T12:07:41+07:00,1,2.77,served,ST_EVO_LAVIDA_Q7_P1
ARR_000193,ST_EVO_DEUTSCHES_HAUS,2026-08-03T12:09:19+07:00,1,7.68,served,ST_EVO_DEUTSCHES_HAUS_P3
ARR_000194,ST_EVO_AUDI_HCM,2026-08-03T12:14:46+07:00,1,6.3,served,ST_EVO_AUDI_HCM_P1
ARR_000195,ST_EVO_DEUTSCHES_HAUS,2026-08-03T12:24:40+07:00,0,17.2,reneged,
ARR_000196,ST_EVO_AUDI_HCM,2026-08-03T12:27:35+07:00,0,9.0,reneged,
ARR_000197,ST_EVO_DEUTSCHES_HAUS,2026-08-03T12:42:42+07:00,0,0.22,served,ST_EVO_DEUTSCHES_HAUS_P1
ARR_000198,ST_EVO_AUDI_HCM,2026-08-03T12:55:10+07:00,0,0.0,served,ST_EVO_AUDI_HCM_P1
ARR_000199,ST_EVO_DEUTSCHES_HAUS,2026-08-03T13:00:04+07:00,0,32.6,reneged,
ARR_000200,ST_EVO_DEUTSCHES_HAUS,2026-08-03T13:02:35+07:00,1,17.9,reneged,
ARR_000201,ST_EVO_AUDI_HCM,2026-08-03T13:07:39+07:00,0,0.0,served,ST_EVO_AUDI_HCM_P2
ARR_000202,ST_EVO_DEUTSCHES_HAUS,2026-08-03T13:13:07+07:00,2,18.6,reneged,
ARR_000203,ST_EVO_LAVIDA_Q7,2026-08-03T13:18:42+07:00,0,0.0,served,ST_EVO_LAVIDA_Q7_P1
ARR_000204,ST_EVO_AUDI_HCM,2026-08-03T13:23:30+07:00,0,0.0,served,ST_EVO_AUDI_HCM_P1
ARR_000205,ST_EVO_AUDI_HCM,2026-08-03T13:33:14+07:00,0,0.0,served,ST_EVO_AUDI_HCM_P2
ARR_000206,ST_EVO_LAVIDA_Q7,2026-08-03T13:37:29+07:00,0,10.4,reneged,
ARR_000207,ST_EVO_AUDI_HCM,2026-08-03T13:43:34+07:00,0,0.0,served,ST_EVO_AUDI_HCM_P4
ARR_000208,ST_EVO_AUDI_HCM,2026-08-03T13:43:39+07:00,0,17.03,served,ST_EVO_AUDI_HCM_P1
ARR_000209,ST_EVO_AUDI_HCM,2026-08-03T13:46:04+07:00,1,12.8,reneged,
ARR_000210,ST_EVO_DEUTSCHES_HAUS,2026-08-03T13:48:28+07:00,0,19.93,served,ST_EVO_DEUTSCHES_HAUS_P2
ARR_000211,ST_EVO_AUDI_HCM,2026-08-03T13:52:56+07:00,2,28.25,served,ST_EVO_AUDI_HCM_P2
ARR_000212,ST_EVO_AUDI_HCM,2026-08-03T13:57:37+07:00,3,32.97,served,ST_EVO_AUDI_HCM_P1
ARR_000213,ST_EVO_AUDI_HCM,2026-08-03T14:05:35+07:00,2,25.1,reneged,
ARR_000214,ST_EVO_AUDI_HCM,2026-08-03T14:11:25+07:00,3,23.4,reneged,
ARR_000215,ST_EVO_AUDI_HCM,2026-08-03T14:15:39+07:00,4,14.2,reneged,
ARR_000216,ST_EVO_AUDI_HCM,2026-08-03T14:48:24+07:00,0,6.97,served,ST_EVO_AUDI_HCM_P2
ARR_000217,ST_EVO_DEUTSCHES_HAUS,2026-08-03T15:26:47+07:00,0,0.0,served,ST_EVO_DEUTSCHES_HAUS_P3
ARR_000218,ST_EVO_LAVIDA_Q7,2026-08-03T16:21:57+07:00,0,0.0,served,ST_EVO_LAVIDA_Q7_P1
ARR_000219,ST_EVO_LAVIDA_Q7,2026-08-03T16:26:47+07:00,0,19.03,served,ST_EVO_LAVIDA_Q7_P1
ARR_000220,ST_EVO_AUDI_HCM,2026-08-03T16:34:08+07:00,0,0.0,served,ST_EVO_AUDI_HCM_P1
ARR_000221,ST_EVO_DEUTSCHES_HAUS,2026-08-03T16:38:15+07:00,0,0.0,served,ST_EVO_DEUTSCHES_HAUS_P4
ARR_000222,ST_EVO_AUDI_HCM,2026-08-03T16:46:41+07:00,0,0.0,served,ST_EVO_AUDI_HCM_P2
ARR_000223,ST_EVO_AUDI_HCM,2026-08-03T17:03:05+07:00,0,0.0,served,ST_EVO_AUDI_HCM_P1
ARR_000224,ST_EVO_DEUTSCHES_HAUS,2026-08-03T17:14:08+07:00,0,0.0,served,ST_EVO_DEUTSCHES_HAUS_P3
ARR_000225,ST_EVO_DEUTSCHES_HAUS,2026-08-03T17:21:16+07:00,0,9.3,reneged,
ARR_000226,ST_EVO_AUDI_HCM,2026-08-03T17:29:22+07:00,0,0.0,served,ST_EVO_AUDI_HCM_P1
ARR_000227,ST_EVO_AUDI_HCM,2026-08-03T17:56:46+07:00,0,0.0,served,ST_EVO_AUDI_HCM_P2
ARR_000228,ST_EVO_DEUTSCHES_HAUS,2026-08-03T18:03:52+07:00,0,4.1,reneged,
ARR_000229,ST_EVO_LAVIDA_Q7,2026-08-03T18:07:29+07:00,0,0.0,served,ST_EVO_LAVIDA_Q7_P1
ARR_000230,ST_EVO_LAVIDA_Q7,2026-08-03T18:08:11+07:00,0,8.4,reneged,
ARR_000231,ST_EVO_AUDI_HCM,2026-08-03T18:38:54+07:00,0,0.0,served,ST_EVO_AUDI_HCM_P1
ARR_000232,ST_EVO_DEUTSCHES_HAUS,2026-08-03T18:40:58+07:00,0,0.0,served,ST_EVO_DEUTSCHES_HAUS_P1
ARR_000233,ST_EVO_LAVIDA_Q7,2026-08-03T19:10:31+07:00,0,0.0,served,ST_EVO_LAVIDA_Q7_P1
ARR_000234,ST_EVO_AUDI_HCM,2026-08-03T19:20:30+07:00,0,0.0,served,ST_EVO_AUDI_HCM_P1
ARR_000235,ST_EVO_AUDI_HCM,2026-08-03T19:24:08+07:00,0,0.0,served,ST_EVO_AUDI_HCM_P2
ARR_000236,ST_EVO_DEUTSCHES_HAUS,2026-08-03T19:38:40+07:00,0,0.0,served,ST_EVO_DEUTSCHES_HAUS_P2
ARR_000237,ST_EVO_LAVIDA_Q7,2026-08-03T19:46:03+07:00,0,7.68,served,ST_EVO_LAVIDA_Q7_P1
ARR_000238,ST_EVO_AUDI_HCM,2026-08-03T20:07:42+07:00,0,0.0,served,ST_EVO_AUDI_HCM_P1
ARR_000239,ST_EVO_LAVIDA_Q7,2026-08-03T20:32:43+07:00,0,0.0,served,ST_EVO_LAVIDA_Q7_P1
ARR_000240,ST_EVO_DEUTSCHES_HAUS,2026-08-03T20:40:52+07:00,0,21.3,reneged,
ARR_000241,ST_EVO_AUDI_HCM,2026-08-03T21:10:37+07:00,0,0.0,served,ST_EVO_AUDI_HCM_P1
ARR_000242,ST_EVO_AUDI_HCM,2026-08-03T21:30:49+07:00,0,0.0,served,ST_EVO_AUDI_HCM_P2
ARR_000243,ST_EVO_DEUTSCHES_HAUS,2026-08-03T22:06:50+07:00,0,0.0,served,ST_EVO_DEUTSCHES_HAUS_P3
ARR_000244,ST_EVO_DEUTSCHES_HAUS,2026-08-03T22:26:45+07:00,0,0.0,served,ST_EVO_DEUTSCHES_HAUS_P4
ARR_000245,ST_EVO_LAVIDA_Q7,2026-08-03T22:32:23+07:00,0,0.0,served,ST_EVO_LAVIDA_Q7_P1
ARR_000246,ST_EVO_AUDI_HCM,2026-08-03T22:56:04+07:00,0,0.0,served,ST_EVO_AUDI_HCM_P1
ARR_000247,ST_EVO_LAVIDA_Q7,2026-08-03T23:36:43+07:00,0,42.0,reneged,
ARR_000248,ST_EVO_DEUTSCHES_HAUS,2026-08-04T05:59:23+07:00,0,0.0,served,ST_EVO_DEUTSCHES_HAUS_P1
ARR_000249,ST_EVO_AUDI_HCM,2026-08-04T06:47:29+07:00,0,0.0,served,ST_EVO_AUDI_HCM_P1
ARR_000250,ST_EVO_AUDI_HCM,2026-08-04T06:52:16+07:00,0,0.0,served,ST_EVO_AUDI_HCM_P2
ARR_000251,ST_EVO_LAVIDA_Q7,2026-08-04T07:13:53+07:00,0,0.0,served,ST_EVO_LAVIDA_Q7_P1
ARR_000252,ST_EVO_LAVIDA_Q7,2026-08-04T07:16:02+07:00,0,23.9,reneged,
ARR_000253,ST_EVO_DEUTSCHES_HAUS,2026-08-04T07:31:21+07:00,0,0.0,served,ST_EVO_DEUTSCHES_HAUS_P3
ARR_000254,ST_EVO_AUDI_HCM,2026-08-04T08:11:45+07:00,0,0.0,served,ST_EVO_AUDI_HCM_P1
ARR_000255,ST_EVO_AUDI_HCM,2026-08-04T08:12:49+07:00,0,0.0,served,ST_EVO_AUDI_HCM_P2
ARR_000256,ST_EVO_AUDI_HCM,2026-08-04T08:47:45+07:00,0,0.0,served,ST_EVO_AUDI_HCM_P3
ARR_000257,ST_EVO_AUDI_HCM,2026-08-04T09:14:23+07:00,0,0.0,served,ST_EVO_AUDI_HCM_P1
ARR_000258,ST_EVO_AUDI_HCM,2026-08-04T09:17:23+07:00,0,0.0,served,ST_EVO_AUDI_HCM_P2
ARR_000259,ST_EVO_AUDI_HCM,2026-08-04T09:27:52+07:00,0,0.0,served,ST_EVO_AUDI_HCM_P4
ARR_000260,ST_EVO_LAVIDA_Q7,2026-08-04T09:40:36+07:00,0,0.0,served,ST_EVO_LAVIDA_Q7_P1
ARR_000261,ST_EVO_AUDI_HCM,2026-08-04T09:49:02+07:00,0,1.65,served,ST_EVO_AUDI_HCM_P2
ARR_000262,ST_EVO_AUDI_HCM,2026-08-04T09:51:36+07:00,0,9.18,served,ST_EVO_AUDI_HCM_P1
ARR_000263,ST_EVO_AUDI_HCM,2026-08-04T10:09:26+07:00,0,18.42,served,ST_EVO_AUDI_HCM_P2
ARR_000264,ST_EVO_DEUTSCHES_HAUS,2026-08-04T10:13:42+07:00,0,0.0,served,ST_EVO_DEUTSCHES_HAUS_P1
ARR_000265,ST_EVO_LAVIDA_Q7,2026-08-04T10:24:36+07:00,0,0.0,served,ST_EVO_LAVIDA_Q7_P1
ARR_000266,ST_EVO_DEUTSCHES_HAUS,2026-08-04T10:53:51+07:00,0,0.0,served,ST_EVO_DEUTSCHES_HAUS_P2
ARR_000267,ST_EVO_DEUTSCHES_HAUS,2026-08-04T10:58:52+07:00,0,0.0,served,ST_EVO_DEUTSCHES_HAUS_P3
ARR_000268,ST_EVO_DEUTSCHES_HAUS,2026-08-04T11:24:27+07:00,0,0.0,served,ST_EVO_DEUTSCHES_HAUS_P4
ARR_000269,ST_EVO_LAVIDA_Q7,2026-08-04T11:48:49+07:00,0,0.0,served,ST_EVO_LAVIDA_Q7_P1
ARR_000270,ST_EVO_AUDI_HCM,2026-08-04T12:04:19+07:00,0,0.0,served,ST_EVO_AUDI_HCM_P1
ARR_000271,ST_EVO_AUDI_HCM,2026-08-04T12:05:49+07:00,0,0.0,served,ST_EVO_AUDI_HCM_P2
ARR_000272,ST_EVO_AUDI_HCM,2026-08-04T12:08:36+07:00,0,0.0,served,ST_EVO_AUDI_HCM_P3
ARR_000273,ST_EVO_AUDI_HCM,2026-08-04T12:20:25+07:00,0,0.0,served,ST_EVO_AUDI_HCM_P4
ARR_000274,ST_EVO_AUDI_HCM,2026-08-04T12:27:10+07:00,0,5.45,served,ST_EVO_AUDI_HCM_P2
ARR_000275,ST_EVO_AUDI_HCM,2026-08-04T12:27:30+07:00,1,13.18,served,ST_EVO_AUDI_HCM_P1
ARR_000276,ST_EVO_AUDI_HCM,2026-08-04T12:39:13+07:00,1,30.2,reneged,
ARR_000277,ST_EVO_AUDI_HCM,2026-08-04T12:51:13+07:00,1,26.78,served,ST_EVO_AUDI_HCM_P2
ARR_000278,ST_EVO_LAVIDA_Q7,2026-08-04T13:03:19+07:00,0,0.0,served,ST_EVO_LAVIDA_Q7_P1
ARR_000279,ST_EVO_AUDI_HCM,2026-08-04T13:34:34+07:00,0,0.0,served,ST_EVO_AUDI_HCM_P1
ARR_000280,ST_EVO_LAVIDA_Q7,2026-08-04T13:53:25+07:00,0,0.0,served,ST_EVO_LAVIDA_Q7_P1
ARR_000281,ST_EVO_LAVIDA_Q7,2026-08-04T14:00:02+07:00,0,6.93,served,ST_EVO_LAVIDA_Q7_P1
ARR_000282,ST_EVO_AUDI_HCM,2026-08-04T14:00:52+07:00,0,0.0,served,ST_EVO_AUDI_HCM_P2
ARR_000283,ST_EVO_AUDI_HCM,2026-08-04T14:03:47+07:00,0,15.62,served,ST_EVO_AUDI_HCM_P1
ARR_000284,ST_EVO_LAVIDA_Q7,2026-08-04T14:06:07+07:00,1,27.7,reneged,
ARR_000285,ST_EVO_DEUTSCHES_HAUS,2026-08-04T14:11:35+07:00,0,0.0,served,ST_EVO_DEUTSCHES_HAUS_P1
ARR_000286,ST_EVO_AUDI_HCM,2026-08-04T14:14:07+07:00,1,10.0,reneged,
ARR_000287,ST_EVO_DEUTSCHES_HAUS,2026-08-04T14:35:34+07:00,0,0.0,served,ST_EVO_DEUTSCHES_HAUS_P2
ARR_000288,ST_EVO_DEUTSCHES_HAUS,2026-08-04T15:04:53+07:00,0,0.0,served,ST_EVO_DEUTSCHES_HAUS_P4
ARR_000289,ST_EVO_LAVIDA_Q7,2026-08-04T15:15:59+07:00,0,0.55,served,ST_EVO_LAVIDA_Q7_P1
ARR_000290,ST_EVO_DEUTSCHES_HAUS,2026-08-04T15:20:47+07:00,0,16.1,reneged,
ARR_000291,ST_EVO_AUDI_HCM,2026-08-04T15:34:35+07:00,0,0.0,served,ST_EVO_AUDI_HCM_P1
ARR_000292,ST_EVO_AUDI_HCM,2026-08-04T15:35:48+07:00,0,0.0,served,ST_EVO_AUDI_HCM_P2
ARR_000293,ST_EVO_LAVIDA_Q7,2026-08-04T15:44:07+07:00,0,0.0,served,ST_EVO_LAVIDA_Q7_P1
ARR_000294,ST_EVO_AUDI_HCM,2026-08-04T15:48:59+07:00,0,0.0,served,ST_EVO_AUDI_HCM_P3
ARR_000295,ST_EVO_AUDI_HCM,2026-08-04T16:13:43+07:00,0,0.0,served,ST_EVO_AUDI_HCM_P1
ARR_000296,ST_EVO_AUDI_HCM,2026-08-04T16:22:31+07:00,0,0.0,served,ST_EVO_AUDI_HCM_P2
ARR_000297,ST_EVO_AUDI_HCM,2026-08-04T16:26:13+07:00,0,8.6,reneged,
ARR_000298,ST_EVO_LAVIDA_Q7,2026-08-04T16:47:33+07:00,0,0.0,served,ST_EVO_LAVIDA_Q7_P1
ARR_000299,ST_EVO_AUDI_HCM,2026-08-04T16:48:19+07:00,0,3.23,served,ST_EVO_AUDI_HCM_P1
ARR_000300,ST_EVO_AUDI_HCM,2026-08-04T16:54:38+07:00,0,0.0,served,ST_EVO_AUDI_HCM_P2
ARR_000301,ST_EVO_DEUTSCHES_HAUS,2026-08-04T17:01:17+07:00,0,0.0,served,ST_EVO_DEUTSCHES_HAUS_P1
ARR_000302,ST_EVO_AUDI_HCM,2026-08-04T17:25:09+07:00,0,0.0,served,ST_EVO_AUDI_HCM_P4
ARR_000303,ST_EVO_DEUTSCHES_HAUS,2026-08-04T17:26:34+07:00,0,0.0,served,ST_EVO_DEUTSCHES_HAUS_P2
ARR_000304,ST_EVO_AUDI_HCM,2026-08-04T17:30:25+07:00,0,0.0,served,ST_EVO_AUDI_HCM_P2
ARR_000305,ST_EVO_AUDI_HCM,2026-08-04T17:30:27+07:00,0,11.92,served,ST_EVO_AUDI_HCM_P1
ARR_000306,ST_EVO_LAVIDA_Q7,2026-08-04T17:30:53+07:00,0,0.0,served,ST_EVO_LAVIDA_Q7_P1
ARR_000307,ST_EVO_DEUTSCHES_HAUS,2026-08-04T17:31:14+07:00,0,0.0,served,ST_EVO_DEUTSCHES_HAUS_P3
ARR_000308,ST_EVO_AUDI_HCM,2026-08-04T17:38:25+07:00,1,12.35,served,ST_EVO_AUDI_HCM_P2
ARR_000309,ST_EVO_AUDI_HCM,2026-08-04T17:40:02+07:00,2,28.1,reneged,
ARR_000310,ST_EVO_AUDI_HCM,2026-08-04T17:45:53+07:00,2,8.9,reneged,
ARR_000311,ST_EVO_AUDI_HCM,2026-08-04T17:48:43+07:00,3,28.6,served,ST_EVO_AUDI_HCM_P1
ARR_000312,ST_EVO_AUDI_HCM,2026-08-04T18:10:27+07:00,1,15.9,reneged,
ARR_000313,ST_EVO_AUDI_HCM,2026-08-04T18:12:30+07:00,2,19.32,served,ST_EVO_AUDI_HCM_P1
ARR_000314,ST_EVO_DEUTSCHES_HAUS,2026-08-04T18:24:15+07:00,0,0.0,served,ST_EVO_DEUTSCHES_HAUS_P4
ARR_000315,ST_EVO_AUDI_HCM,2026-08-04T18:25:05+07:00,2,12.57,served,ST_EVO_AUDI_HCM_P2
ARR_000316,ST_EVO_AUDI_HCM,2026-08-04T18:26:33+07:00,2,12.8,reneged,
ARR_000317,ST_EVO_AUDI_HCM,2026-08-04T18:31:05+07:00,3,11.15,served,ST_EVO_AUDI_HCM_P1
ARR_000318,ST_EVO_AUDI_HCM,2026-08-04T18:33:22+07:00,3,8.5,reneged,
ARR_000319,ST_EVO_DEUTSCHES_HAUS,2026-08-04T19:08:49+07:00,0,9.2,reneged,
ARR_000320,ST_EVO_DEUTSCHES_HAUS,2026-08-04T19:12:37+07:00,1,10.3,reneged,
ARR_000321,ST_EVO_LAVIDA_Q7,2026-08-04T19:13:49+07:00,0,0.0,served,ST_EVO_LAVIDA_Q7_P1
ARR_000322,ST_EVO_AUDI_HCM,2026-08-04T19:17:05+07:00,0,0.0,served,ST_EVO_AUDI_HCM_P3
ARR_000323,ST_EVO_DEUTSCHES_HAUS,2026-08-04T19:18:43+07:00,1,9.2,served,ST_EVO_DEUTSCHES_HAUS_P3
ARR_000324,ST_EVO_AUDI_HCM,2026-08-04T19:35:41+07:00,0,0.0,served,ST_EVO_AUDI_HCM_P1
ARR_000325,ST_EVO_AUDI_HCM,2026-08-04T19:46:51+07:00,0,0.0,served,ST_EVO_AUDI_HCM_P2
ARR_000326,ST_EVO_LAVIDA_Q7,2026-08-04T20:32:31+07:00,0,0.0,served,ST_EVO_LAVIDA_Q7_P1
ARR_000327,ST_EVO_AUDI_HCM,2026-08-04T20:37:46+07:00,0,0.0,served,ST_EVO_AUDI_HCM_P1
ARR_000328,ST_EVO_DEUTSCHES_HAUS,2026-08-04T20:50:14+07:00,0,0.0,served,ST_EVO_DEUTSCHES_HAUS_P2
ARR_000329,ST_EVO_DEUTSCHES_HAUS,2026-08-04T21:05:16+07:00,0,12.03,served,ST_EVO_DEUTSCHES_HAUS_P4
ARR_000330,ST_EVO_DEUTSCHES_HAUS,2026-08-04T21:47:21+07:00,0,0.0,served,ST_EVO_DEUTSCHES_HAUS_P2
ARR_000331,ST_EVO_AUDI_HCM,2026-08-04T21:48:25+07:00,0,0.0,served,ST_EVO_AUDI_HCM_P1
ARR_000332,ST_EVO_AUDI_HCM,2026-08-04T22:28:21+07:00,0,0.0,served,ST_EVO_AUDI_HCM_P1
ARR_000333,ST_EVO_DEUTSCHES_HAUS,2026-08-04T22:28:58+07:00,0,0.0,served,ST_EVO_DEUTSCHES_HAUS_P1
ARR_000334,ST_EVO_AUDI_HCM,2026-08-04T22:34:14+07:00,0,0.0,served,ST_EVO_AUDI_HCM_P2
ARR_000335,ST_EVO_DEUTSCHES_HAUS,2026-08-04T23:48:27+07:00,0,0.0,served,ST_EVO_DEUTSCHES_HAUS_P3
ARR_000336,ST_EVO_AUDI_HCM,2026-08-05T00:44:23+07:00,0,0.0,served,ST_EVO_AUDI_HCM_P1
ARR_000337,ST_EVO_LAVIDA_Q7,2026-08-05T04:55:57+07:00,0,0.0,served,ST_EVO_LAVIDA_Q7_P1
ARR_000338,ST_EVO_DEUTSCHES_HAUS,2026-08-05T05:45:17+07:00,0,0.0,served,ST_EVO_DEUTSCHES_HAUS_P1
ARR_000339,ST_EVO_LAVIDA_Q7,2026-08-05T07:01:11+07:00,0,0.0,served,ST_EVO_LAVIDA_Q7_P1
ARR_000340,ST_EVO_DEUTSCHES_HAUS,2026-08-05T07:12:22+07:00,0,0.0,served,ST_EVO_DEUTSCHES_HAUS_P2
ARR_000341,ST_EVO_AUDI_HCM,2026-08-05T07:43:23+07:00,0,0.0,served,ST_EVO_AUDI_HCM_P1
ARR_000342,ST_EVO_AUDI_HCM,2026-08-05T08:07:50+07:00,0,0.0,served,ST_EVO_AUDI_HCM_P2
ARR_000343,ST_EVO_DEUTSCHES_HAUS,2026-08-05T08:21:40+07:00,0,0.0,served,ST_EVO_DEUTSCHES_HAUS_P3
ARR_000344,ST_EVO_DEUTSCHES_HAUS,2026-08-05T08:49:42+07:00,0,0.0,served,ST_EVO_DEUTSCHES_HAUS_P4
ARR_000345,ST_EVO_LAVIDA_Q7,2026-08-05T09:17:08+07:00,0,0.0,served,ST_EVO_LAVIDA_Q7_P1
ARR_000346,ST_EVO_AUDI_HCM,2026-08-05T09:39:44+07:00,0,0.0,served,ST_EVO_AUDI_HCM_P1
ARR_000347,ST_EVO_LAVIDA_Q7,2026-08-05T09:41:49+07:00,0,0.18,served,ST_EVO_LAVIDA_Q7_P1
ARR_000348,ST_EVO_DEUTSCHES_HAUS,2026-08-05T09:54:18+07:00,0,14.0,reneged,
ARR_000349,ST_EVO_AUDI_HCM,2026-08-05T10:34:27+07:00,0,0.0,served,ST_EVO_AUDI_HCM_P1
ARR_000350,ST_EVO_LAVIDA_Q7,2026-08-05T10:37:47+07:00,0,0.0,served,ST_EVO_LAVIDA_Q7_P1
ARR_000351,ST_EVO_AUDI_HCM,2026-08-05T10:43:07+07:00,0,0.0,served,ST_EVO_AUDI_HCM_P2
ARR_000352,ST_EVO_LAVIDA_Q7,2026-08-05T11:22:19+07:00,0,0.0,served,ST_EVO_LAVIDA_Q7_P1
ARR_000353,ST_EVO_AUDI_HCM,2026-08-05T11:23:23+07:00,0,0.0,served,ST_EVO_AUDI_HCM_P2
ARR_000354,ST_EVO_AUDI_HCM,2026-08-05T11:32:14+07:00,0,0.0,served,ST_EVO_AUDI_HCM_P1
ARR_000355,ST_EVO_DEUTSCHES_HAUS,2026-08-05T11:45:02+07:00,0,0.0,served,ST_EVO_DEUTSCHES_HAUS_P1
ARR_000356,ST_EVO_AUDI_HCM,2026-08-05T11:46:13+07:00,0,0.0,served,ST_EVO_AUDI_HCM_P2
ARR_000357,ST_EVO_DEUTSCHES_HAUS,2026-08-05T11:48:15+07:00,0,0.0,served,ST_EVO_DEUTSCHES_HAUS_P4
ARR_000358,ST_EVO_AUDI_HCM,2026-08-05T11:57:29+07:00,0,0.0,served,ST_EVO_AUDI_HCM_P3
ARR_000359,ST_EVO_DEUTSCHES_HAUS,2026-08-05T12:02:49+07:00,0,2.25,served,ST_EVO_DEUTSCHES_HAUS_P2
ARR_000360,ST_EVO_LAVIDA_Q7,2026-08-05T12:06:31+07:00,0,0.0,served,ST_EVO_LAVIDA_Q7_P1
ARR_000361,ST_EVO_DEUTSCHES_HAUS,2026-08-05T12:12:12+07:00,0,6.17,served,ST_EVO_DEUTSCHES_HAUS_P3
ARR_000362,ST_EVO_LAVIDA_Q7,2026-08-05T12:30:01+07:00,0,20.1,reneged,
ARR_000363,ST_EVO_AUDI_HCM,2026-08-05T12:33:00+07:00,0,0.0,served,ST_EVO_AUDI_HCM_P1
ARR_000364,ST_EVO_AUDI_HCM,2026-08-05T12:35:16+07:00,0,0.0,served,ST_EVO_AUDI_HCM_P2
ARR_000365,ST_EVO_LAVIDA_Q7,2026-08-05T12:39:23+07:00,1,12.25,served,ST_EVO_LAVIDA_Q7_P1
ARR_000366,ST_EVO_AUDI_HCM,2026-08-05T12:49:47+07:00,0,0.0,served,ST_EVO_AUDI_HCM_P1
ARR_000367,ST_EVO_LAVIDA_Q7,2026-08-05T12:54:51+07:00,0,33.1,served,ST_EVO_LAVIDA_Q7_P1
ARR_000368,ST_EVO_AUDI_HCM,2026-08-05T12:55:49+07:00,0,0.0,served,ST_EVO_AUDI_HCM_P4
ARR_000369,ST_EVO_AUDI_HCM,2026-08-05T12:57:50+07:00,0,0.48,served,ST_EVO_AUDI_HCM_P3
ARR_000370,ST_EVO_LAVIDA_Q7,2026-08-05T13:00:27+07:00,1,32.9,reneged,
ARR_000371,ST_EVO_AUDI_HCM,2026-08-05T13:07:33+07:00,0,8.18,served,ST_EVO_AUDI_HCM_P2
ARR_000372,ST_EVO_LAVIDA_Q7,2026-08-05T13:09:23+07:00,2,22.7,reneged,
ARR_000373,ST_EVO_AUDI_HCM,2026-08-05T13:18:48+07:00,0,1.8,served,ST_EVO_AUDI_HCM_P1
ARR_000374,ST_EVO_AUDI_HCM,2026-08-05T13:28:30+07:00,0,4.12,served,ST_EVO_AUDI_HCM_P2
ARR_000375,ST_EVO_AUDI_HCM,2026-08-05T13:37:13+07:00,0,28.53,served,ST_EVO_AUDI_HCM_P1
ARR_000376,ST_EVO_AUDI_HCM,2026-08-05T13:45:28+07:00,1,23.17,served,ST_EVO_AUDI_HCM_P2
ARR_000377,ST_EVO_AUDI_HCM,2026-08-05T13:52:11+07:00,2,13.3,reneged,
ARR_000378,ST_EVO_DEUTSCHES_HAUS,2026-08-05T14:03:02+07:00,0,78.6,reneged,
ARR_000379,ST_EVO_DEUTSCHES_HAUS,2026-08-05T14:30:28+07:00,1,5.7,reneged,
ARR_000380,ST_EVO_AUDI_HCM,2026-08-05T14:33:35+07:00,0,0.0,served,ST_EVO_AUDI_HCM_P1
ARR_000381,ST_EVO_AUDI_HCM,2026-08-05T14:38:59+07:00,0,0.0,served,ST_EVO_AUDI_HCM_P2
ARR_000382,ST_EVO_AUDI_HCM,2026-08-05T14:58:03+07:00,0,0.0,served,ST_EVO_AUDI_HCM_P4
ARR_000383,ST_EVO_AUDI_HCM,2026-08-05T15:16:37+07:00,0,0.0,served,ST_EVO_AUDI_HCM_P1
ARR_000384,ST_EVO_DEUTSCHES_HAUS,2026-08-05T15:44:26+07:00,0,12.1,reneged,
ARR_000385,ST_EVO_AUDI_HCM,2026-08-05T16:19:15+07:00,0,0.0,served,ST_EVO_AUDI_HCM_P1
ARR_000386,ST_EVO_LAVIDA_Q7,2026-08-05T16:53:43+07:00,0,0.0,served,ST_EVO_LAVIDA_Q7_P1
ARR_000387,ST_EVO_AUDI_HCM,2026-08-05T17:18:02+07:00,0,0.0,served,ST_EVO_AUDI_HCM_P1
ARR_000388,ST_EVO_AUDI_HCM,2026-08-05T17:28:57+07:00,0,0.0,served,ST_EVO_AUDI_HCM_P2
ARR_000389,ST_EVO_AUDI_HCM,2026-08-05T17:30:16+07:00,0,0.0,served,ST_EVO_AUDI_HCM_P3
ARR_000390,ST_EVO_DEUTSCHES_HAUS,2026-08-05T17:31:00+07:00,0,0.0,served,ST_EVO_DEUTSCHES_HAUS_P1
ARR_000391,ST_EVO_DEUTSCHES_HAUS,2026-08-05T17:32:18+07:00,0,0.0,served,ST_EVO_DEUTSCHES_HAUS_P2
ARR_000392,ST_EVO_AUDI_HCM,2026-08-05T17:33:49+07:00,0,10.32,served,ST_EVO_AUDI_HCM_P4
ARR_000393,ST_EVO_DEUTSCHES_HAUS,2026-08-05T17:38:28+07:00,0,0.0,served,ST_EVO_DEUTSCHES_HAUS_P3
ARR_000394,ST_EVO_AUDI_HCM,2026-08-05T17:55:46+07:00,0,0.0,served,ST_EVO_AUDI_HCM_P1
ARR_000395,ST_EVO_DEUTSCHES_HAUS,2026-08-05T18:00:15+07:00,0,0.0,served,ST_EVO_DEUTSCHES_HAUS_P4
ARR_000396,ST_EVO_AUDI_HCM,2026-08-05T18:06:27+07:00,0,0.0,served,ST_EVO_AUDI_HCM_P2
ARR_000397,ST_EVO_DEUTSCHES_HAUS,2026-08-05T18:07:12+07:00,0,15.7,reneged,
ARR_000398,ST_EVO_AUDI_HCM,2026-08-05T18:17:18+07:00,0,14.27,served,ST_EVO_AUDI_HCM_P1
ARR_000399,ST_EVO_AUDI_HCM,2026-08-05T18:19:24+07:00,1,22.07,served,ST_EVO_AUDI_HCM_P2
ARR_000400,ST_EVO_DEUTSCHES_HAUS,2026-08-05T18:23:33+07:00,0,21.0,reneged,
ARR_000401,ST_EVO_AUDI_HCM,2026-08-05T18:44:27+07:00,0,24.4,reneged,
ARR_000402,ST_EVO_AUDI_HCM,2026-08-05T19:08:28+07:00,1,1.23,served,ST_EVO_AUDI_HCM_P1
ARR_000403,ST_EVO_DEUTSCHES_HAUS,2026-08-05T19:17:23+07:00,0,23.9,reneged,
ARR_000404,ST_EVO_AUDI_HCM,2026-08-05T19:24:34+07:00,0,3.58,served,ST_EVO_AUDI_HCM_P2
ARR_000405,ST_EVO_AUDI_HCM,2026-08-05T19:27:43+07:00,1,10.82,served,ST_EVO_AUDI_HCM_P2
ARR_000406,ST_EVO_AUDI_HCM,2026-08-05T19:29:27+07:00,1,28.8,reneged,
ARR_000407,ST_EVO_DEUTSCHES_HAUS,2026-08-05T19:33:52+07:00,1,70.9,reneged,
ARR_000408,ST_EVO_LAVIDA_Q7,2026-08-05T19:44:46+07:00,0,0.0,served,ST_EVO_LAVIDA_Q7_P1
ARR_000409,ST_EVO_DEUTSCHES_HAUS,2026-08-05T19:46:55+07:00,1,25.4,reneged,
ARR_000410,ST_EVO_AUDI_HCM,2026-08-05T20:16:03+07:00,0,0.0,served,ST_EVO_AUDI_HCM_P1
ARR_000411,ST_EVO_DEUTSCHES_HAUS,2026-08-05T20:35:07+07:00,1,20.3,reneged,
ARR_000412,ST_EVO_AUDI_HCM,2026-08-05T20:35:54+07:00,0,0.0,served,ST_EVO_AUDI_HCM_P2
ARR_000413,ST_EVO_AUDI_HCM,2026-08-05T20:37:54+07:00,0,0.0,served,ST_EVO_AUDI_HCM_P4
ARR_000414,ST_EVO_LAVIDA_Q7,2026-08-05T20:48:52+07:00,0,0.0,served,ST_EVO_LAVIDA_Q7_P1
ARR_000415,ST_EVO_DEUTSCHES_HAUS,2026-08-05T20:53:29+07:00,1,16.78,served,ST_EVO_DEUTSCHES_HAUS_P1
ARR_000416,ST_EVO_AUDI_HCM,2026-08-05T20:57:45+07:00,0,6.5,served,ST_EVO_AUDI_HCM_P1
ARR_000417,ST_EVO_AUDI_HCM,2026-08-05T21:53:27+07:00,0,0.0,served,ST_EVO_AUDI_HCM_P1
ARR_000418,ST_EVO_AUDI_HCM,2026-08-05T21:54:15+07:00,0,0.0,served,ST_EVO_AUDI_HCM_P2
ARR_000419,ST_EVO_AUDI_HCM,2026-08-05T21:56:41+07:00,0,0.0,served,ST_EVO_AUDI_HCM_P3
ARR_000420,ST_EVO_AUDI_HCM,2026-08-05T22:05:35+07:00,0,0.0,served,ST_EVO_AUDI_HCM_P4
ARR_000421,ST_EVO_DEUTSCHES_HAUS,2026-08-06T02:37:42+07:00,0,0.0,served,ST_EVO_DEUTSCHES_HAUS_P3
ARR_000422,ST_EVO_AUDI_HCM,2026-08-06T06:24:13+07:00,0,0.0,served,ST_EVO_AUDI_HCM_P1
ARR_000423,ST_EVO_AUDI_HCM,2026-08-06T06:36:54+07:00,0,0.0,served,ST_EVO_AUDI_HCM_P2
ARR_000424,ST_EVO_LAVIDA_Q7,2026-08-06T06:51:13+07:00,0,0.0,served,ST_EVO_LAVIDA_Q7_P1
ARR_000425,ST_EVO_LAVIDA_Q7,2026-08-06T07:28:03+07:00,0,0.0,served,ST_EVO_LAVIDA_Q7_P1
ARR_000426,ST_EVO_AUDI_HCM,2026-08-06T08:23:00+07:00,0,0.0,served,ST_EVO_AUDI_HCM_P1
ARR_000427,ST_EVO_AUDI_HCM,2026-08-06T08:28:15+07:00,0,0.0,served,ST_EVO_AUDI_HCM_P2
ARR_000428,ST_EVO_LAVIDA_Q7,2026-08-06T09:00:13+07:00,0,0.0,served,ST_EVO_LAVIDA_Q7_P1
ARR_000429,ST_EVO_AUDI_HCM,2026-08-06T09:13:45+07:00,0,0.0,served,ST_EVO_AUDI_HCM_P1
ARR_000430,ST_EVO_AUDI_HCM,2026-08-06T09:19:41+07:00,0,0.0,served,ST_EVO_AUDI_HCM_P2
ARR_000431,ST_EVO_AUDI_HCM,2026-08-06T09:30:57+07:00,0,0.0,served,ST_EVO_AUDI_HCM_P4
ARR_000432,ST_EVO_AUDI_HCM,2026-08-06T09:33:57+07:00,0,19.9,served,ST_EVO_AUDI_HCM_P1
ARR_000433,ST_EVO_AUDI_HCM,2026-08-06T10:02:56+07:00,0,9.0,served,ST_EVO_AUDI_HCM_P2
ARR_000434,ST_EVO_AUDI_HCM,2026-08-06T10:08:16+07:00,1,7.4,served,ST_EVO_AUDI_HCM_P3
ARR_000435,ST_EVO_AUDI_HCM,2026-08-06T10:37:35+07:00,0,12.72,served,ST_EVO_AUDI_HCM_P2
ARR_000436,ST_EVO_AUDI_HCM,2026-08-06T11:21:02+07:00,0,0.0,served,ST_EVO_AUDI_HCM_P1
ARR_000437,ST_EVO_DEUTSCHES_HAUS,2026-08-06T11:24:51+07:00,0,0.0,served,ST_EVO_DEUTSCHES_HAUS_P2
ARR_000438,ST_EVO_DEUTSCHES_HAUS,2026-08-06T11:38:54+07:00,0,0.0,served,ST_EVO_DEUTSCHES_HAUS_P3
ARR_000439,ST_EVO_AUDI_HCM,2026-08-06T11:39:19+07:00,0,0.0,served,ST_EVO_AUDI_HCM_P2
ARR_000440,ST_EVO_AUDI_HCM,2026-08-06T11:41:23+07:00,0,12.5,served,ST_EVO_AUDI_HCM_P1
ARR_000441,ST_EVO_AUDI_HCM,2026-08-06T11:44:44+07:00,1,19.03,served,ST_EVO_AUDI_HCM_P2
ARR_000442,ST_EVO_AUDI_HCM,2026-08-06T12:04:43+07:00,0,19.65,served,ST_EVO_AUDI_HCM_P2
ARR_000443,ST_EVO_AUDI_HCM,2026-08-06T12:15:47+07:00,1,14.05,served,ST_EVO_AUDI_HCM_P1
ARR_000444,ST_EVO_DEUTSCHES_HAUS,2026-08-06T12:18:14+07:00,0,0.0,served,ST_EVO_DEUTSCHES_HAUS_P4
ARR_000445,ST_EVO_AUDI_HCM,2026-08-06T12:21:05+07:00,2,32.65,served,ST_EVO_AUDI_HCM_P3
ARR_000446,ST_EVO_DEUTSCHES_HAUS,2026-08-06T12:30:33+07:00,0,1.03,served,ST_EVO_DEUTSCHES_HAUS_P2
ARR_000447,ST_EVO_DEUTSCHES_HAUS,2026-08-06T12:35:08+07:00,0,85.7,reneged,
ARR_000448,ST_EVO_AUDI_HCM,2026-08-06T12:41:00+07:00,1,13.2,reneged,
ARR_000449,ST_EVO_LAVIDA_Q7,2026-08-06T13:03:04+07:00,0,0.0,served,ST_EVO_LAVIDA_Q7_P1
ARR_000450,ST_EVO_DEUTSCHES_HAUS,2026-08-06T13:08:24+07:00,1,5.8,reneged,
ARR_000451,ST_EVO_DEUTSCHES_HAUS,2026-08-06T13:12:04+07:00,2,33.3,reneged,
ARR_000452,ST_EVO_AUDI_HCM,2026-08-06T13:12:19+07:00,0,0.0,served,ST_EVO_AUDI_HCM_P2
ARR_000453,ST_EVO_AUDI_HCM,2026-08-06T13:21:52+07:00,0,5.85,served,ST_EVO_AUDI_HCM_P1
ARR_000454,ST_EVO_DEUTSCHES_HAUS,2026-08-06T13:40:15+07:00,2,14.7,reneged,
ARR_000455,ST_EVO_AUDI_HCM,2026-08-06T13:55:30+07:00,0,0.0,served,ST_EVO_AUDI_HCM_P2
ARR_000456,ST_EVO_AUDI_HCM,2026-08-06T14:00:15+07:00,0,12.47,served,ST_EVO_AUDI_HCM_P1
ARR_000457,ST_EVO_LAVIDA_Q7,2026-08-06T14:01:36+07:00,0,0.0,served,ST_EVO_LAVIDA_Q7_P1
ARR_000458,ST_EVO_LAVIDA_Q7,2026-08-06T14:37:27+07:00,0,14.35,served,ST_EVO_LAVIDA_Q7_P1
ARR_000459,ST_EVO_AUDI_HCM,2026-08-06T14:52:55+07:00,0,0.0,served,ST_EVO_AUDI_HCM_P2
ARR_000460,ST_EVO_DEUTSCHES_HAUS,2026-08-06T14:59:07+07:00,0,30.4,reneged,
ARR_000461,ST_EVO_DEUTSCHES_HAUS,2026-08-06T15:01:07+07:00,1,14.7,reneged,
ARR_000462,ST_EVO_LAVIDA_Q7,2026-08-06T15:06:08+07:00,0,11.6,reneged,
ARR_000463,ST_EVO_AUDI_HCM,2026-08-06T15:15:25+07:00,0,0.0,served,ST_EVO_AUDI_HCM_P1
ARR_000464,ST_EVO_LAVIDA_Q7,2026-08-06T15:36:23+07:00,0,0.0,served,ST_EVO_LAVIDA_Q7_P1
ARR_000465,ST_EVO_DEUTSCHES_HAUS,2026-08-06T16:32:53+07:00,0,0.0,served,ST_EVO_DEUTSCHES_HAUS_P3
ARR_000466,ST_EVO_LAVIDA_Q7,2026-08-06T16:34:27+07:00,0,0.0,served,ST_EVO_LAVIDA_Q7_P1
ARR_000467,ST_EVO_AUDI_HCM,2026-08-06T16:34:53+07:00,0,0.0,served,ST_EVO_AUDI_HCM_P1
ARR_000468,ST_EVO_DEUTSCHES_HAUS,2026-08-06T16:37:26+07:00,0,0.0,served,ST_EVO_DEUTSCHES_HAUS_P4
ARR_000469,ST_EVO_AUDI_HCM,2026-08-06T16:41:01+07:00,0,0.0,served,ST_EVO_AUDI_HCM_P2
ARR_000470,ST_EVO_DEUTSCHES_HAUS,2026-08-06T16:59:11+07:00,0,9.6,reneged,
ARR_000471,ST_EVO_DEUTSCHES_HAUS,2026-08-06T17:10:47+07:00,0,28.1,reneged,
ARR_000472,ST_EVO_AUDI_HCM,2026-08-06T17:12:42+07:00,0,0.0,served,ST_EVO_AUDI_HCM_P1
ARR_000473,ST_EVO_LAVIDA_Q7,2026-08-06T17:16:33+07:00,0,30.1,reneged,
ARR_000474,ST_EVO_DEUTSCHES_HAUS,2026-08-06T17:31:16+07:00,1,11.9,reneged,
ARR_000475,ST_EVO_DEUTSCHES_HAUS,2026-08-06T17:31:28+07:00,2,6.5,reneged,
ARR_000476,ST_EVO_AUDI_HCM,2026-08-06T17:37:48+07:00,0,0.0,served,ST_EVO_AUDI_HCM_P1
ARR_000477,ST_EVO_AUDI_HCM,2026-08-06T17:49:04+07:00,0,0.0,served,ST_EVO_AUDI_HCM_P2
ARR_000478,ST_EVO_LAVIDA_Q7,2026-08-06T17:49:50+07:00,0,10.43,served,ST_EVO_LAVIDA_Q7_P1
ARR_000479,ST_EVO_AUDI_HCM,2026-08-06T17:51:35+07:00,0,0.0,served,ST_EVO_AUDI_HCM_P4
ARR_000480,ST_EVO_LAVIDA_Q7,2026-08-06T17:54:04+07:00,1,36.65,served,ST_EVO_LAVIDA_Q7_P1
ARR_000481,ST_EVO_DEUTSCHES_HAUS,2026-08-06T17:58:40+07:00,0,50.2,reneged,
ARR_000482,ST_EVO_AUDI_HCM,2026-08-06T18:04:53+07:00,0,6.6,reneged,
ARR_000483,ST_EVO_LAVIDA_Q7,2026-08-06T18:12:45+07:00,1,20.4,reneged,
ARR_000484,ST_EVO_AUDI_HCM,2026-08-06T18:16:17+07:00,0,3.83,served,ST_EVO_AUDI_HCM_P3
ARR_000485,ST_EVO_AUDI_HCM,2026-08-06T18:18:16+07:00,1,2.57,served,ST_EVO_AUDI_HCM_P1
ARR_000486,ST_EVO_DEUTSCHES_HAUS,2026-08-06T18:31:41+07:00,1,39.6,reneged,
ARR_000487,ST_EVO_LAVIDA_Q7,2026-08-06T18:32:16+07:00,1,17.2,reneged,
ARR_000488,ST_EVO_AUDI_HCM,2026-08-06T18:54:28+07:00,0,0.0,served,ST_EVO_AUDI_HCM_P1
ARR_000489,ST_EVO_AUDI_HCM,2026-08-06T19:04:46+07:00,0,0.0,served,ST_EVO_AUDI_HCM_P2
ARR_000490,ST_EVO_AUDI_HCM,2026-08-06T19:19:12+07:00,0,3.53,served,ST_EVO_AUDI_HCM_P1
ARR_000491,ST_EVO_AUDI_HCM,2026-08-06T19:21:22+07:00,1,7.12,served,ST_EVO_AUDI_HCM_P2
ARR_000492,ST_EVO_DEUTSCHES_HAUS,2026-08-06T19:36:59+07:00,0,0.0,served,ST_EVO_DEUTSCHES_HAUS_P1
ARR_000493,ST_EVO_DEUTSCHES_HAUS,2026-08-06T19:49:49+07:00,0,20.5,reneged,
ARR_000494,ST_EVO_AUDI_HCM,2026-08-06T20:11:52+07:00,0,0.0,served,ST_EVO_AUDI_HCM_P1
ARR_000495,ST_EVO_DEUTSCHES_HAUS,2026-08-06T20:27:46+07:00,0,0.0,served,ST_EVO_DEUTSCHES_HAUS_P2
ARR_000496,ST_EVO_LAVIDA_Q7,2026-08-06T20:45:18+07:00,0,0.0,served,ST_EVO_LAVIDA_Q7_P1
ARR_000497,ST_EVO_DEUTSCHES_HAUS,2026-08-06T21:24:38+07:00,0,0.0,served,ST_EVO_DEUTSCHES_HAUS_P3
ARR_000498,ST_EVO_AUDI_HCM,2026-08-06T21:27:54+07:00,0,0.0,served,ST_EVO_AUDI_HCM_P1
ARR_000499,ST_EVO_AUDI_HCM,2026-08-06T22:04:30+07:00,0,0.0,served,ST_EVO_AUDI_HCM_P1
ARR_000500,ST_EVO_LAVIDA_Q7,2026-08-06T22:08:14+07:00,0,0.0,served,ST_EVO_LAVIDA_Q7_P1
ARR_000501,ST_EVO_AUDI_HCM,2026-08-06T22:14:54+07:00,0,0.0,served,ST_EVO_AUDI_HCM_P2
ARR_000502,ST_EVO_AUDI_HCM,2026-08-06T23:09:40+07:00,0,0.0,served,ST_EVO_AUDI_HCM_P1
ARR_000503,ST_EVO_LAVIDA_Q7,2026-08-07T00:28:43+07:00,0,0.0,served,ST_EVO_LAVIDA_Q7_P1
ARR_000504,ST_EVO_AUDI_HCM,2026-08-07T05:26:03+07:00,0,0.0,served,ST_EVO_AUDI_HCM_P1
ARR_000505,ST_EVO_DEUTSCHES_HAUS,2026-08-07T06:21:04+07:00,0,0.0,served,ST_EVO_DEUTSCHES_HAUS_P1
ARR_000506,ST_EVO_LAVIDA_Q7,2026-08-07T06:27:12+07:00,0,0.0,served,ST_EVO_LAVIDA_Q7_P1
ARR_000507,ST_EVO_DEUTSCHES_HAUS,2026-08-07T07:01:52+07:00,0,0.0,served,ST_EVO_DEUTSCHES_HAUS_P3
ARR_000508,ST_EVO_AUDI_HCM,2026-08-07T07:28:45+07:00,0,0.0,served,ST_EVO_AUDI_HCM_P1
ARR_000509,ST_EVO_AUDI_HCM,2026-08-07T07:55:46+07:00,0,0.0,served,ST_EVO_AUDI_HCM_P2
ARR_000510,ST_EVO_AUDI_HCM,2026-08-07T08:05:47+07:00,0,0.0,served,ST_EVO_AUDI_HCM_P3
ARR_000511,ST_EVO_LAVIDA_Q7,2026-08-07T08:07:53+07:00,0,0.0,served,ST_EVO_LAVIDA_Q7_P1
ARR_000512,ST_EVO_LAVIDA_Q7,2026-08-07T08:23:06+07:00,0,6.95,served,ST_EVO_LAVIDA_Q7_P1
ARR_000513,ST_EVO_AUDI_HCM,2026-08-07T08:25:43+07:00,0,0.0,served,ST_EVO_AUDI_HCM_P1
ARR_000514,ST_EVO_AUDI_HCM,2026-08-07T08:26:14+07:00,0,0.0,served,ST_EVO_AUDI_HCM_P4
ARR_000515,ST_EVO_DEUTSCHES_HAUS,2026-08-07T08:46:58+07:00,0,0.0,served,ST_EVO_DEUTSCHES_HAUS_P1
ARR_000516,ST_EVO_AUDI_HCM,2026-08-07T08:52:15+07:00,0,0.0,served,ST_EVO_AUDI_HCM_P2
ARR_000517,ST_EVO_LAVIDA_Q7,2026-08-07T08:59:24+07:00,0,0.0,served,ST_EVO_LAVIDA_Q7_P1
ARR_000518,ST_EVO_AUDI_HCM,2026-08-07T09:25:37+07:00,0,0.0,served,ST_EVO_AUDI_HCM_P1
ARR_000519,ST_EVO_DEUTSCHES_HAUS,2026-08-07T09:32:31+07:00,0,0.0,served,ST_EVO_DEUTSCHES_HAUS_P4
ARR_000520,ST_EVO_AUDI_HCM,2026-08-07T09:48:33+07:00,0,0.0,served,ST_EVO_AUDI_HCM_P1
ARR_000521,ST_EVO_AUDI_HCM,2026-08-07T09:48:59+07:00,0,0.0,served,ST_EVO_AUDI_HCM_P2
ARR_000522,ST_EVO_AUDI_HCM,2026-08-07T10:04:34+07:00,0,0.0,served,ST_EVO_AUDI_HCM_P4
ARR_000523,ST_EVO_LAVIDA_Q7,2026-08-07T10:13:03+07:00,0,0.0,served,ST_EVO_LAVIDA_Q7_P1
ARR_000524,ST_EVO_AUDI_HCM,2026-08-07T10:16:01+07:00,0,11.07,served,ST_EVO_AUDI_HCM_P3
ARR_000525,ST_EVO_DEUTSCHES_HAUS,2026-08-07T11:25:57+07:00,0,0.0,served,ST_EVO_DEUTSCHES_HAUS_P3
ARR_000526,ST_EVO_LAVIDA_Q7,2026-08-07T11:26:09+07:00,0,0.0,served,ST_EVO_LAVIDA_Q7_P1
ARR_000527,ST_EVO_AUDI_HCM,2026-08-07T11:31:15+07:00,0,0.0,served,ST_EVO_AUDI_HCM_P1
ARR_000528,ST_EVO_DEUTSCHES_HAUS,2026-08-07T11:49:06+07:00,0,0.0,served,ST_EVO_DEUTSCHES_HAUS_P4
ARR_000529,ST_EVO_LAVIDA_Q7,2026-08-07T11:51:20+07:00,0,17.87,served,ST_EVO_LAVIDA_Q7_P1
ARR_000530,ST_EVO_AUDI_HCM,2026-08-07T11:51:58+07:00,0,0.0,served,ST_EVO_AUDI_HCM_P2
ARR_000531,ST_EVO_AUDI_HCM,2026-08-07T11:52:58+07:00,0,12.4,reneged,
ARR_000532,ST_EVO_AUDI_HCM,2026-08-07T11:54:31+07:00,1,15.83,served,ST_EVO_AUDI_HCM_P2
ARR_000533,ST_EVO_DEUTSCHES_HAUS,2026-08-07T11:57:25+07:00,0,18.4,reneged,
ARR_000534,ST_EVO_DEUTSCHES_HAUS,2026-08-07T12:00:17+07:00,1,43.1,reneged,
ARR_000535,ST_EVO_DEUTSCHES_HAUS,2026-08-07T12:00:54+07:00,2,7.0,reneged,
ARR_000536,ST_EVO_DEUTSCHES_HAUS,2026-08-07T12:02:09+07:00,3,55.2,reneged,
ARR_000537,ST_EVO_AUDI_HCM,2026-08-07T12:07:39+07:00,1,11.42,served,ST_EVO_AUDI_HCM_P1
ARR_000538,ST_EVO_DEUTSCHES_HAUS,2026-08-07T12:07:40+07:00,4,16.8,reneged,
ARR_000539,ST_EVO_DEUTSCHES_HAUS,2026-08-07T12:13:00+07:00,4,22.5,reneged,
ARR_000540,ST_EVO_AUDI_HCM,2026-08-07T12:26:00+07:00,0,2.4,served,ST_EVO_AUDI_HCM_P2
ARR_000541,ST_EVO_AUDI_HCM,2026-08-07T12:40:45+07:00,0,0.0,served,ST_EVO_AUDI_HCM_P1
ARR_000542,ST_EVO_DEUTSCHES_HAUS,2026-08-07T12:52:58+07:00,1,9.0,reneged,
ARR_000543,ST_EVO_AUDI_HCM,2026-08-07T12:56:12+07:00,0,11.2,reneged,
ARR_000544,ST_EVO_AUDI_HCM,2026-08-07T12:56:27+07:00,1,7.0,reneged,
ARR_000545,ST_EVO_DEUTSCHES_HAUS,2026-08-07T12:59:31+07:00,1,31.6,reneged,
ARR_000546,ST_EVO_AUDI_HCM,2026-08-07T13:04:30+07:00,1,17.75,served,ST_EVO_AUDI_HCM_P1
ARR_000547,ST_EVO_LAVIDA_Q7,2026-08-07T13:06:23+07:00,0,0.0,served,ST_EVO_LAVIDA_Q7_P1
ARR_000548,ST_EVO_AUDI_HCM,2026-08-07T13:09:36+07:00,1,12.6,reneged,
ARR_000549,ST_EVO_DEUTSCHES_HAUS,2026-08-07T13:23:10+07:00,1,20.2,reneged,
ARR_000550,ST_EVO_LAVIDA_Q7,2026-08-07T13:40:41+07:00,0,0.0,served,ST_EVO_LAVIDA_Q7_P1
ARR_000551,ST_EVO_AUDI_HCM,2026-08-07T13:59:37+07:00,0,0.0,served,ST_EVO_AUDI_HCM_P2
ARR_000552,ST_EVO_AUDI_HCM,2026-08-07T14:02:21+07:00,0,6.02,served,ST_EVO_AUDI_HCM_P1
ARR_000553,ST_EVO_DEUTSCHES_HAUS,2026-08-07T14:05:55+07:00,0,4.82,served,ST_EVO_DEUTSCHES_HAUS_P2
ARR_000554,ST_EVO_AUDI_HCM,2026-08-07T14:09:59+07:00,0,5.82,served,ST_EVO_AUDI_HCM_P3
ARR_000555,ST_EVO_DEUTSCHES_HAUS,2026-08-07T14:23:18+07:00,0,28.1,reneged,
ARR_000556,ST_EVO_DEUTSCHES_HAUS,2026-08-07T14:25:38+07:00,1,32.9,reneged,
ARR_000557,ST_EVO_AUDI_HCM,2026-08-07T15:00:57+07:00,0,0.0,served,ST_EVO_AUDI_HCM_P1
ARR_000558,ST_EVO_LAVIDA_Q7,2026-08-07T15:01:16+07:00,0,0.0,served,ST_EVO_LAVIDA_Q7_P1
ARR_000559,ST_EVO_AUDI_HCM,2026-08-07T15:01:59+07:00,0,0.0,served,ST_EVO_AUDI_HCM_P2
ARR_000560,ST_EVO_LAVIDA_Q7,2026-08-07T15:07:20+07:00,0,3.85,served,ST_EVO_LAVIDA_Q7_P1
ARR_000561,ST_EVO_AUDI_HCM,2026-08-07T15:08:11+07:00,0,0.0,served,ST_EVO_AUDI_HCM_P4
ARR_000562,ST_EVO_AUDI_HCM,2026-08-07T15:17:45+07:00,0,11.95,served,ST_EVO_AUDI_HCM_P1
ARR_000563,ST_EVO_DEUTSCHES_HAUS,2026-08-07T15:18:59+07:00,0,0.0,served,ST_EVO_DEUTSCHES_HAUS_P1
ARR_000564,ST_EVO_AUDI_HCM,2026-08-07T15:34:33+07:00,0,9.95,served,ST_EVO_AUDI_HCM_P2
ARR_000565,ST_EVO_AUDI_HCM,2026-08-07T15:44:01+07:00,1,15.78,served,ST_EVO_AUDI_HCM_P1
ARR_000566,ST_EVO_AUDI_HCM,2026-08-07T15:48:40+07:00,1,25.9,reneged,
ARR_000567,ST_EVO_AUDI_HCM,2026-08-07T15:54:32+07:00,2,42.37,served,ST_EVO_AUDI_HCM_P2
ARR_000568,ST_EVO_AUDI_HCM,2026-08-07T15:55:21+07:00,3,51.9,reneged,
ARR_000569,ST_EVO_AUDI_HCM,2026-08-07T16:02:53+07:00,3,53.4,reneged,
ARR_000570,ST_EVO_AUDI_HCM,2026-08-07T16:19:18+07:00,3,35.9,reneged,
ARR_000571,ST_EVO_DEUTSCHES_HAUS,2026-08-07T17:03:11+07:00,0,0.0,served,ST_EVO_DEUTSCHES_HAUS_P4
ARR_000572,ST_EVO_DEUTSCHES_HAUS,2026-08-07T17:07:22+07:00,0,37.6,reneged,
ARR_000573,ST_EVO_AUDI_HCM,2026-08-07T17:45:57+07:00,0,0.0,served,ST_EVO_AUDI_HCM_P1
ARR_000574,ST_EVO_AUDI_HCM,2026-08-07T17:58:59+07:00,0,0.0,served,ST_EVO_AUDI_HCM_P2
ARR_000575,ST_EVO_LAVIDA_Q7,2026-08-07T18:10:27+07:00,0,0.0,served,ST_EVO_LAVIDA_Q7_P1
ARR_000576,ST_EVO_AUDI_HCM,2026-08-07T18:11:57+07:00,0,0.0,served,ST_EVO_AUDI_HCM_P1
ARR_000577,ST_EVO_AUDI_HCM,2026-08-07T18:15:24+07:00,0,10.0,reneged,
ARR_000578,ST_EVO_DEUTSCHES_HAUS,2026-08-07T18:16:07+07:00,0,26.4,reneged,
ARR_000579,ST_EVO_DEUTSCHES_HAUS,2026-08-07T18:17:33+07:00,1,20.8,reneged,
ARR_000580,ST_EVO_DEUTSCHES_HAUS,2026-08-07T18:35:18+07:00,2,24.0,reneged,
ARR_000581,ST_EVO_AUDI_HCM,2026-08-07T18:52:55+07:00,0,0.0,served,ST_EVO_AUDI_HCM_P1
ARR_000582,ST_EVO_DEUTSCHES_HAUS,2026-08-07T18:58:34+07:00,1,19.78,served,ST_EVO_DEUTSCHES_HAUS_P4
ARR_000583,ST_EVO_AUDI_HCM,2026-08-07T19:23:48+07:00,0,0.0,served,ST_EVO_AUDI_HCM_P2
ARR_000584,ST_EVO_AUDI_HCM,2026-08-07T19:33:14+07:00,0,2.35,served,ST_EVO_AUDI_HCM_P3
ARR_000585,ST_EVO_AUDI_HCM,2026-08-07T19:42:17+07:00,0,0.0,served,ST_EVO_AUDI_HCM_P1
ARR_000586,ST_EVO_AUDI_HCM,2026-08-07T19:58:40+07:00,0,0.0,served,ST_EVO_AUDI_HCM_P1
ARR_000587,ST_EVO_AUDI_HCM,2026-08-07T20:15:10+07:00,0,0.0,served,ST_EVO_AUDI_HCM_P2
ARR_000588,ST_EVO_DEUTSCHES_HAUS,2026-08-07T20:50:18+07:00,0,0.0,served,ST_EVO_DEUTSCHES_HAUS_P1
ARR_000589,ST_EVO_AUDI_HCM,2026-08-07T21:05:22+07:00,0,0.0,served,ST_EVO_AUDI_HCM_P1
ARR_000590,ST_EVO_AUDI_HCM,2026-08-07T21:08:07+07:00,0,0.0,served,ST_EVO_AUDI_HCM_P2
ARR_000591,ST_EVO_DEUTSCHES_HAUS,2026-08-07T21:13:35+07:00,0,0.0,served,ST_EVO_DEUTSCHES_HAUS_P3
ARR_000592,ST_EVO_AUDI_HCM,2026-08-07T21:16:37+07:00,0,0.0,served,ST_EVO_AUDI_HCM_P4
ARR_000593,ST_EVO_LAVIDA_Q7,2026-08-07T23:04:13+07:00,0,0.0,served,ST_EVO_LAVIDA_Q7_P1
ARR_000594,ST_EVO_AUDI_HCM,2026-08-07T23:12:54+07:00,0,0.0,served,ST_EVO_AUDI_HCM_P1
ARR_000595,ST_EVO_AUDI_HCM,2026-08-08T02:58:33+07:00,0,0.0,served,ST_EVO_AUDI_HCM_P1
ARR_000596,ST_EVO_DEUTSCHES_HAUS,2026-08-08T03:58:02+07:00,0,0.0,served,ST_EVO_DEUTSCHES_HAUS_P2
ARR_000597,ST_EVO_LAVIDA_Q7,2026-08-08T04:51:11+07:00,0,0.0,served,ST_EVO_LAVIDA_Q7_P1
ARR_000598,ST_EVO_AUDI_HCM,2026-08-08T05:27:43+07:00,0,0.0,served,ST_EVO_AUDI_HCM_P2
ARR_000599,ST_EVO_LAVIDA_Q7,2026-08-08T06:54:57+07:00,0,0.0,served,ST_EVO_LAVIDA_Q7_P1
ARR_000600,ST_EVO_AUDI_HCM,2026-08-08T07:00:54+07:00,0,0.0,served,ST_EVO_AUDI_HCM_P1
ARR_000601,ST_EVO_LAVIDA_Q7,2026-08-08T07:12:58+07:00,0,0.0,served,ST_EVO_LAVIDA_Q7_P1
ARR_000602,ST_EVO_LAVIDA_Q7,2026-08-08T07:55:54+07:00,0,0.0,served,ST_EVO_LAVIDA_Q7_P1
ARR_000603,ST_EVO_AUDI_HCM,2026-08-08T08:00:12+07:00,0,0.0,served,ST_EVO_AUDI_HCM_P1
ARR_000604,ST_EVO_AUDI_HCM,2026-08-08T08:22:16+07:00,0,0.0,served,ST_EVO_AUDI_HCM_P3
ARR_000605,ST_EVO_LAVIDA_Q7,2026-08-08T08:48:47+07:00,0,0.0,served,ST_EVO_LAVIDA_Q7_P1
ARR_000606,ST_EVO_AUDI_HCM,2026-08-08T09:25:54+07:00,0,0.0,served,ST_EVO_AUDI_HCM_P1
ARR_000607,ST_EVO_AUDI_HCM,2026-08-08T09:30:54+07:00,0,0.0,served,ST_EVO_AUDI_HCM_P4
ARR_000608,ST_EVO_AUDI_HCM,2026-08-08T10:08:51+07:00,0,5.28,served,ST_EVO_AUDI_HCM_P1
ARR_000609,ST_EVO_LAVIDA_Q7,2026-08-08T10:39:23+07:00,0,0.0,served,ST_EVO_LAVIDA_Q7_P1
ARR_000610,ST_EVO_AUDI_HCM,2026-08-08T10:49:13+07:00,0,0.0,served,ST_EVO_AUDI_HCM_P1
ARR_000611,ST_EVO_DEUTSCHES_HAUS,2026-08-08T10:50:51+07:00,0,0.0,served,ST_EVO_DEUTSCHES_HAUS_P1
ARR_000612,ST_EVO_AUDI_HCM,2026-08-08T10:55:29+07:00,0,0.0,served,ST_EVO_AUDI_HCM_P2
ARR_000613,ST_EVO_AUDI_HCM,2026-08-08T10:59:55+07:00,0,10.58,served,ST_EVO_AUDI_HCM_P3
ARR_000614,ST_EVO_AUDI_HCM,2026-08-08T11:08:41+07:00,1,14.9,reneged,
ARR_000615,ST_EVO_AUDI_HCM,2026-08-08T11:36:59+07:00,0,0.0,served,ST_EVO_AUDI_HCM_P1
ARR_000616,ST_EVO_AUDI_HCM,2026-08-08T11:37:10+07:00,0,0.0,served,ST_EVO_AUDI_HCM_P2
ARR_000617,ST_EVO_LAVIDA_Q7,2026-08-08T11:38:01+07:00,0,0.0,served,ST_EVO_LAVIDA_Q7_P1
ARR_000618,ST_EVO_AUDI_HCM,2026-08-08T11:42:15+07:00,0,16.7,reneged,
ARR_000619,ST_EVO_AUDI_HCM,2026-08-08T11:58:40+07:00,1,10.38,served,ST_EVO_AUDI_HCM_P2
ARR_000620,ST_EVO_AUDI_HCM,2026-08-08T12:01:52+07:00,1,24.77,served,ST_EVO_AUDI_HCM_P1
ARR_000621,ST_EVO_AUDI_HCM,2026-08-08T12:09:01+07:00,2,33.55,served,ST_EVO_AUDI_HCM_P1
ARR_000622,ST_EVO_AUDI_HCM,2026-08-08T12:20:32+07:00,2,12.7,reneged,
ARR_000623,ST_EVO_AUDI_HCM,2026-08-08T12:25:06+07:00,3,9.2,reneged,
ARR_000624,ST_EVO_DEUTSCHES_HAUS,2026-08-08T12:30:29+07:00,0,0.0,served,ST_EVO_DEUTSCHES_HAUS_P2
ARR_000625,ST_EVO_DEUTSCHES_HAUS,2026-08-08T12:31:43+07:00,0,0.0,served,ST_EVO_DEUTSCHES_HAUS_P3
ARR_000626,ST_EVO_AUDI_HCM,2026-08-08T12:40:47+07:00,1,6.37,served,ST_EVO_AUDI_HCM_P2
ARR_000627,ST_EVO_AUDI_HCM,2026-08-08T12:42:48+07:00,1,21.78,served,ST_EVO_AUDI_HCM_P2
ARR_000628,ST_EVO_DEUTSCHES_HAUS,2026-08-08T12:47:53+07:00,0,0.0,served,ST_EVO_DEUTSCHES_HAUS_P4
ARR_000629,ST_EVO_AUDI_HCM,2026-08-08T12:55:44+07:00,1,44.3,reneged,
ARR_000630,ST_EVO_DEUTSCHES_HAUS,2026-08-08T12:59:19+07:00,0,0.0,served,ST_EVO_DEUTSCHES_HAUS_P2
ARR_000631,ST_EVO_LAVIDA_Q7,2026-08-08T13:00:21+07:00,0,0.0,served,ST_EVO_LAVIDA_Q7_P1
ARR_000632,ST_EVO_DEUTSCHES_HAUS,2026-08-08T13:13:53+07:00,0,26.5,reneged,
ARR_000633,ST_EVO_AUDI_HCM,2026-08-08T13:15:54+07:00,1,20.3,reneged,
ARR_000634,ST_EVO_AUDI_HCM,2026-08-08T13:19:10+07:00,2,28.1,reneged,
ARR_000635,ST_EVO_DEUTSCHES_HAUS,2026-08-08T13:19:23+07:00,1,11.9,reneged,
ARR_000636,ST_EVO_DEUTSCHES_HAUS,2026-08-08T13:21:31+07:00,2,14.7,reneged,
ARR_000637,ST_EVO_AUDI_HCM,2026-08-08T13:27:24+07:00,3,12.4,reneged,
ARR_000638,ST_EVO_AUDI_HCM,2026-08-08T13:41:25+07:00,1,10.88,served,ST_EVO_AUDI_HCM_P1
ARR_000639,ST_EVO_AUDI_HCM,2026-08-08T13:45:35+07:00,2,20.2,reneged,
ARR_000640,ST_EVO_DEUTSCHES_HAUS,2026-08-08T14:18:40+07:00,0,13.7,reneged,
ARR_000641,ST_EVO_LAVIDA_Q7,2026-08-08T14:39:26+07:00,0,0.0,served,ST_EVO_LAVIDA_Q7_P1
ARR_000642,ST_EVO_AUDI_HCM,2026-08-08T15:15:03+07:00,0,0.0,served,ST_EVO_AUDI_HCM_P1
ARR_000643,ST_EVO_AUDI_HCM,2026-08-08T15:16:54+07:00,0,0.0,served,ST_EVO_AUDI_HCM_P2
ARR_000644,ST_EVO_AUDI_HCM,2026-08-08T15:17:46+07:00,0,0.0,served,ST_EVO_AUDI_HCM_P3
ARR_000645,ST_EVO_AUDI_HCM,2026-08-08T15:27:56+07:00,0,0.0,served,ST_EVO_AUDI_HCM_P2
ARR_000646,ST_EVO_AUDI_HCM,2026-08-08T16:34:11+07:00,0,0.0,served,ST_EVO_AUDI_HCM_P1
ARR_000647,ST_EVO_DEUTSCHES_HAUS,2026-08-08T16:52:55+07:00,0,0.0,served,ST_EVO_DEUTSCHES_HAUS_P1
ARR_000648,ST_EVO_DEUTSCHES_HAUS,2026-08-08T16:59:07+07:00,0,0.0,served,ST_EVO_DEUTSCHES_HAUS_P3
ARR_000649,ST_EVO_AUDI_HCM,2026-08-08T17:16:30+07:00,0,0.0,served,ST_EVO_AUDI_HCM_P1
ARR_000650,ST_EVO_DEUTSCHES_HAUS,2026-08-08T17:47:37+07:00,0,0.0,served,ST_EVO_DEUTSCHES_HAUS_P2
ARR_000651,ST_EVO_AUDI_HCM,2026-08-08T17:49:34+07:00,0,0.0,served,ST_EVO_AUDI_HCM_P2
ARR_000652,ST_EVO_AUDI_HCM,2026-08-08T18:12:21+07:00,0,0.0,served,ST_EVO_AUDI_HCM_P1
ARR_000653,ST_EVO_DEUTSCHES_HAUS,2026-08-08T18:24:26+07:00,0,0.0,served,ST_EVO_DEUTSCHES_HAUS_P4
ARR_000654,ST_EVO_DEUTSCHES_HAUS,2026-08-08T18:25:22+07:00,0,2.23,served,ST_EVO_DEUTSCHES_HAUS_P3
ARR_000655,ST_EVO_AUDI_HCM,2026-08-08T18:47:52+07:00,0,0.0,served,ST_EVO_AUDI_HCM_P1
ARR_000656,ST_EVO_AUDI_HCM,2026-08-08T18:51:36+07:00,0,0.0,served,ST_EVO_AUDI_HCM_P2
ARR_000657,ST_EVO_AUDI_HCM,2026-08-08T18:54:24+07:00,0,0.0,served,ST_EVO_AUDI_HCM_P4
ARR_000658,ST_EVO_AUDI_HCM,2026-08-08T18:54:34+07:00,0,7.6,reneged,
ARR_000659,ST_EVO_AUDI_HCM,2026-08-08T19:07:37+07:00,0,8.98,served,ST_EVO_AUDI_HCM_P3
ARR_000660,ST_EVO_LAVIDA_Q7,2026-08-08T19:16:25+07:00,0,0.0,served,ST_EVO_LAVIDA_Q7_P1
ARR_000661,ST_EVO_AUDI_HCM,2026-08-08T19:41:12+07:00,0,0.0,served,ST_EVO_AUDI_HCM_P1
ARR_000662,ST_EVO_DEUTSCHES_HAUS,2026-08-08T19:44:29+07:00,0,6.57,served,ST_EVO_DEUTSCHES_HAUS_P1
ARR_000663,ST_EVO_AUDI_HCM,2026-08-08T19:53:28+07:00,0,0.0,served,ST_EVO_AUDI_HCM_P2
ARR_000664,ST_EVO_DEUTSCHES_HAUS,2026-08-08T20:11:39+07:00,0,19.5,reneged,
ARR_000665,ST_EVO_AUDI_HCM,2026-08-08T20:38:45+07:00,0,0.0,served,ST_EVO_AUDI_HCM_P1
ARR_000666,ST_EVO_AUDI_HCM,2026-08-08T20:53:41+07:00,0,0.0,served,ST_EVO_AUDI_HCM_P2
ARR_000667,ST_EVO_AUDI_HCM,2026-08-08T21:28:41+07:00,0,0.0,served,ST_EVO_AUDI_HCM_P4
ARR_000668,ST_EVO_AUDI_HCM,2026-08-08T21:53:13+07:00,0,0.0,served,ST_EVO_AUDI_HCM_P1
ARR_000669,ST_EVO_AUDI_HCM,2026-08-08T22:15:34+07:00,0,0.0,served,ST_EVO_AUDI_HCM_P2
ARR_000670,ST_EVO_AUDI_HCM,2026-08-08T22:32:02+07:00,0,37.1,reneged,
ARR_000671,ST_EVO_AUDI_HCM,2026-08-08T22:33:26+07:00,1,27.8,reneged,
ARR_000672,ST_EVO_AUDI_HCM,2026-08-08T22:42:47+07:00,2,33.2,reneged,
ARR_000673,ST_EVO_AUDI_HCM,2026-08-08T23:40:08+07:00,0,17.1,reneged,
ARR_000674,ST_EVO_AUDI_HCM,2026-08-09T00:00:30+07:00,0,11.6,reneged,
ARR_000675,ST_EVO_LAVIDA_Q7,2026-08-09T06:47:40+07:00,0,0.0,served,ST_EVO_LAVIDA_Q7_P1
ARR_000676,ST_EVO_LAVIDA_Q7,2026-08-09T07:02:34+07:00,0,20.0,reneged,
ARR_000677,ST_EVO_LAVIDA_Q7,2026-08-09T07:07:21+07:00,1,17.03,served,ST_EVO_LAVIDA_Q7_P1
ARR_000678,ST_EVO_LAVIDA_Q7,2026-08-09T07:20:54+07:00,2,5.2,reneged,
ARR_000679,ST_EVO_AUDI_HCM,2026-08-09T07:41:53+07:00,0,0.0,served,ST_EVO_AUDI_HCM_P1
ARR_000680,ST_EVO_DEUTSCHES_HAUS,2026-08-09T08:10:58+07:00,0,0.0,served,ST_EVO_DEUTSCHES_HAUS_P1
ARR_000681,ST_EVO_LAVIDA_Q7,2026-08-09T08:15:57+07:00,0,0.0,served,ST_EVO_LAVIDA_Q7_P1
ARR_000682,ST_EVO_AUDI_HCM,2026-08-09T08:54:36+07:00,0,0.0,served,ST_EVO_AUDI_HCM_P1
ARR_000683,ST_EVO_LAVIDA_Q7,2026-08-09T09:40:14+07:00,0,0.0,served,ST_EVO_LAVIDA_Q7_P1
ARR_000684,ST_EVO_LAVIDA_Q7,2026-08-09T10:19:38+07:00,0,0.0,served,ST_EVO_LAVIDA_Q7_P1
ARR_000685,ST_EVO_LAVIDA_Q7,2026-08-09T10:22:55+07:00,0,14.8,reneged,
ARR_000686,ST_EVO_AUDI_HCM,2026-08-09T10:30:41+07:00,0,0.0,served,ST_EVO_AUDI_HCM_P1
ARR_000687,ST_EVO_LAVIDA_Q7,2026-08-09T10:48:06+07:00,0,0.0,served,ST_EVO_LAVIDA_Q7_P1
ARR_000688,ST_EVO_LAVIDA_Q7,2026-08-09T10:51:33+07:00,0,8.7,reneged,
ARR_000689,ST_EVO_LAVIDA_Q7,2026-08-09T10:53:41+07:00,1,18.2,reneged,
ARR_000690,ST_EVO_LAVIDA_Q7,2026-08-09T11:17:24+07:00,0,12.18,served,ST_EVO_LAVIDA_Q7_P1
ARR_000691,ST_EVO_AUDI_HCM,2026-08-09T11:19:14+07:00,0,0.0,served,ST_EVO_AUDI_HCM_P1
ARR_000692,ST_EVO_DEUTSCHES_HAUS,2026-08-09T11:21:41+07:00,0,0.0,served,ST_EVO_DEUTSCHES_HAUS_P1
ARR_000693,ST_EVO_AUDI_HCM,2026-08-09T11:24:39+07:00,0,0.0,served,ST_EVO_AUDI_HCM_P2
ARR_000694,ST_EVO_AUDI_HCM,2026-08-09T11:26:42+07:00,0,0.0,served,ST_EVO_AUDI_HCM_P3
ARR_000695,ST_EVO_DEUTSCHES_HAUS,2026-08-09T11:29:20+07:00,0,0.0,served,ST_EVO_DEUTSCHES_HAUS_P2
ARR_000696,ST_EVO_AUDI_HCM,2026-08-09T11:29:42+07:00,0,0.0,served,ST_EVO_AUDI_HCM_P4
ARR_000697,ST_EVO_DEUTSCHES_HAUS,2026-08-09T11:43:32+07:00,0,0.0,served,ST_EVO_DEUTSCHES_HAUS_P3
ARR_000698,ST_EVO_AUDI_HCM,2026-08-09T11:47:13+07:00,0,10.92,served,ST_EVO_AUDI_HCM_P1
ARR_000699,ST_EVO_DEUTSCHES_HAUS,2026-08-09T11:48:51+07:00,0,0.0,served,ST_EVO_DEUTSCHES_HAUS_P4
ARR_000700,ST_EVO_LAVIDA_Q7,2026-08-09T11:51:19+07:00,0,0.0,served,ST_EVO_LAVIDA_Q7_P1
ARR_000701,ST_EVO_AUDI_HCM,2026-08-09T12:08:58+07:00,0,0.0,served,ST_EVO_AUDI_HCM_P2
ARR_000702,ST_EVO_DEUTSCHES_HAUS,2026-08-09T12:16:30+07:00,0,27.4,reneged,
ARR_000703,ST_EVO_AUDI_HCM,2026-08-09T12:20:02+07:00,0,6.25,served,ST_EVO_AUDI_HCM_P1
ARR_000704,ST_EVO_AUDI_HCM,2026-08-09T12:20:42+07:00,1,25.6,reneged,
ARR_000705,ST_EVO_AUDI_HCM,2026-08-09T12:21:30+07:00,2,29.4,served,ST_EVO_AUDI_HCM_P2
ARR_000706,ST_EVO_DEUTSCHES_HAUS,2026-08-09T12:22:55+07:00,1,36.2,reneged,
ARR_000707,ST_EVO_LAVIDA_Q7,2026-08-09T12:25:14+07:00,0,0.0,served,ST_EVO_LAVIDA_Q7_P1
ARR_000708,ST_EVO_DEUTSCHES_HAUS,2026-08-09T12:33:02+07:00,2,19.1,reneged,
ARR_000709,ST_EVO_LAVIDA_Q7,2026-08-09T12:33:58+07:00,0,22.6,reneged,
ARR_000710,ST_EVO_AUDI_HCM,2026-08-09T12:38:11+07:00,2,17.13,served,ST_EVO_AUDI_HCM_P1
ARR_000711,ST_EVO_DEUTSCHES_HAUS,2026-08-09T12:43:06+07:00,3,18.7,reneged,
ARR_000712,ST_EVO_LAVIDA_Q7,2026-08-09T12:55:41+07:00,1,21.37,served,ST_EVO_LAVIDA_Q7_P1
ARR_000713,ST_EVO_AUDI_HCM,2026-08-09T12:56:05+07:00,0,12.8,reneged,
ARR_000714,ST_EVO_LAVIDA_Q7,2026-08-09T13:04:20+07:00,1,25.1,reneged,
ARR_000715,ST_EVO_AUDI_HCM,2026-08-09T13:04:37+07:00,1,6.3,served,ST_EVO_AUDI_HCM_P1
ARR_000716,ST_EVO_DEUTSCHES_HAUS,2026-08-09T13:21:51+07:00,0,27.2,reneged,
ARR_000717,ST_EVO_LAVIDA_Q7,2026-08-09T13:26:05+07:00,1,9.2,reneged,
ARR_000718,ST_EVO_LAVIDA_Q7,2026-08-09T13:30:06+07:00,1,15.4,reneged,
ARR_000719,ST_EVO_AUDI_HCM,2026-08-09T13:57:53+07:00,0,0.0,served,ST_EVO_AUDI_HCM_P1
ARR_000720,ST_EVO_AUDI_HCM,2026-08-09T14:12:40+07:00,0,0.0,served,ST_EVO_AUDI_HCM_P2
ARR_000721,ST_EVO_AUDI_HCM,2026-08-09T14:14:20+07:00,0,0.0,served,ST_EVO_AUDI_HCM_P3
ARR_000722,ST_EVO_LAVIDA_Q7,2026-08-09T14:19:25+07:00,0,0.0,served,ST_EVO_LAVIDA_Q7_P1
ARR_000723,ST_EVO_DEUTSCHES_HAUS,2026-08-09T15:04:58+07:00,0,0.0,served,ST_EVO_DEUTSCHES_HAUS_P1
ARR_000724,ST_EVO_AUDI_HCM,2026-08-09T15:05:35+07:00,0,0.0,served,ST_EVO_AUDI_HCM_P1
ARR_000725,ST_EVO_AUDI_HCM,2026-08-09T15:06:24+07:00,0,0.0,served,ST_EVO_AUDI_HCM_P4
ARR_000726,ST_EVO_LAVIDA_Q7,2026-08-09T16:13:05+07:00,0,0.0,served,ST_EVO_LAVIDA_Q7_P1
ARR_000727,ST_EVO_AUDI_HCM,2026-08-09T16:17:01+07:00,0,0.0,served,ST_EVO_AUDI_HCM_P1
ARR_000728,ST_EVO_DEUTSCHES_HAUS,2026-08-09T16:48:21+07:00,0,0.0,served,ST_EVO_DEUTSCHES_HAUS_P2
ARR_000729,ST_EVO_LAVIDA_Q7,2026-08-09T16:51:23+07:00,0,11.8,reneged,
ARR_000730,ST_EVO_LAVIDA_Q7,2026-08-09T17:01:25+07:00,1,9.7,reneged,
ARR_000731,ST_EVO_AUDI_HCM,2026-08-09T17:13:31+07:00,0,0.0,served,ST_EVO_AUDI_HCM_P1
ARR_000732,ST_EVO_AUDI_HCM,2026-08-09T17:32:53+07:00,0,0.0,served,ST_EVO_AUDI_HCM_P2
ARR_000733,ST_EVO_DEUTSCHES_HAUS,2026-08-09T17:58:01+07:00,0,0.0,served,ST_EVO_DEUTSCHES_HAUS_P1
ARR_000734,ST_EVO_DEUTSCHES_HAUS,2026-08-09T17:58:23+07:00,0,0.0,served,ST_EVO_DEUTSCHES_HAUS_P3
ARR_000735,ST_EVO_AUDI_HCM,2026-08-09T18:34:50+07:00,0,0.0,served,ST_EVO_AUDI_HCM_P1
ARR_000736,ST_EVO_AUDI_HCM,2026-08-09T19:19:22+07:00,0,0.0,served,ST_EVO_AUDI_HCM_P1
ARR_000737,ST_EVO_AUDI_HCM,2026-08-09T19:26:02+07:00,0,0.0,served,ST_EVO_AUDI_HCM_P2
ARR_000738,ST_EVO_AUDI_HCM,2026-08-09T20:30:53+07:00,0,0.0,served,ST_EVO_AUDI_HCM_P1
ARR_000739,ST_EVO_DEUTSCHES_HAUS,2026-08-09T20:33:30+07:00,0,0.0,served,ST_EVO_DEUTSCHES_HAUS_P1
ARR_000740,ST_EVO_AUDI_HCM,2026-08-09T20:34:21+07:00,0,0.0,served,ST_EVO_AUDI_HCM_P2
ARR_000741,ST_EVO_LAVIDA_Q7,2026-08-09T20:51:51+07:00,0,0.0,served,ST_EVO_LAVIDA_Q7_P1
ARR_000742,ST_EVO_AUDI_HCM,2026-08-09T21:11:32+07:00,0,0.0,served,ST_EVO_AUDI_HCM_P1
ARR_000743,ST_EVO_DEUTSCHES_HAUS,2026-08-09T21:32:27+07:00,0,0.0,served,ST_EVO_DEUTSCHES_HAUS_P1
ARR_000744,ST_EVO_DEUTSCHES_HAUS,2026-08-09T21:48:34+07:00,0,0.0,served,ST_EVO_DEUTSCHES_HAUS_P4
ARR_000745,ST_EVO_AUDI_HCM,2026-08-09T22:16:45+07:00,0,0.0,served,ST_EVO_AUDI_HCM_P1
ARR_000746,ST_EVO_DEUTSCHES_HAUS,2026-08-10T02:17:15+07:00,0,0.0,served,ST_EVO_DEUTSCHES_HAUS_P1
ARR_000747,ST_EVO_DEUTSCHES_HAUS,2026-08-10T05:14:07+07:00,0,0.0,served,ST_EVO_DEUTSCHES_HAUS_P3
ARR_000748,ST_EVO_AUDI_HCM,2026-08-10T05:38:34+07:00,0,0.0,served,ST_EVO_AUDI_HCM_P1
ARR_000749,ST_EVO_AUDI_HCM,2026-08-10T06:59:09+07:00,0,0.0,served,ST_EVO_AUDI_HCM_P1
ARR_000750,ST_EVO_AUDI_HCM,2026-08-10T07:42:55+07:00,0,0.0,served,ST_EVO_AUDI_HCM_P1
ARR_000751,ST_EVO_DEUTSCHES_HAUS,2026-08-10T07:49:21+07:00,0,0.0,served,ST_EVO_DEUTSCHES_HAUS_P1
ARR_000752,ST_EVO_AUDI_HCM,2026-08-10T08:36:04+07:00,0,0.0,served,ST_EVO_AUDI_HCM_P1
ARR_000753,ST_EVO_AUDI_HCM,2026-08-10T08:37:46+07:00,0,0.0,served,ST_EVO_AUDI_HCM_P2
ARR_000754,ST_EVO_DEUTSCHES_HAUS,2026-08-10T08:44:06+07:00,0,0.0,served,ST_EVO_DEUTSCHES_HAUS_P2
ARR_000755,ST_EVO_AUDI_HCM,2026-08-10T08:46:23+07:00,0,0.0,served,ST_EVO_AUDI_HCM_P3
ARR_000756,ST_EVO_DEUTSCHES_HAUS,2026-08-10T08:59:24+07:00,0,0.0,served,ST_EVO_DEUTSCHES_HAUS_P3
ARR_000757,ST_EVO_AUDI_HCM,2026-08-10T09:07:37+07:00,0,0.0,served,ST_EVO_AUDI_HCM_P1
ARR_000758,ST_EVO_AUDI_HCM,2026-08-10T09:10:07+07:00,0,0.0,served,ST_EVO_AUDI_HCM_P2
ARR_000759,ST_EVO_LAVIDA_Q7,2026-08-10T09:17:07+07:00,0,0.0,served,ST_EVO_LAVIDA_Q7_P1
ARR_000760,ST_EVO_LAVIDA_Q7,2026-08-10T09:27:02+07:00,0,16.1,reneged,
ARR_000761,ST_EVO_LAVIDA_Q7,2026-08-10T09:59:03+07:00,0,0.0,served,ST_EVO_LAVIDA_Q7_P1
ARR_000762,ST_EVO_AUDI_HCM,2026-08-10T10:36:43+07:00,0,0.0,served,ST_EVO_AUDI_HCM_P1
ARR_000763,ST_EVO_AUDI_HCM,2026-08-10T10:40:53+07:00,0,0.0,served,ST_EVO_AUDI_HCM_P2
ARR_000764,ST_EVO_LAVIDA_Q7,2026-08-10T10:46:22+07:00,0,0.0,served,ST_EVO_LAVIDA_Q7_P1
ARR_000765,ST_EVO_LAVIDA_Q7,2026-08-10T10:54:25+07:00,0,16.28,served,ST_EVO_LAVIDA_Q7_P1
ARR_000766,ST_EVO_DEUTSCHES_HAUS,2026-08-10T11:29:53+07:00,0,0.0,served,ST_EVO_DEUTSCHES_HAUS_P2
ARR_000767,ST_EVO_AUDI_HCM,2026-08-10T11:30:15+07:00,0,0.0,served,ST_EVO_AUDI_HCM_P1
ARR_000768,ST_EVO_AUDI_HCM,2026-08-10T11:37:07+07:00,0,0.0,served,ST_EVO_AUDI_HCM_P2
ARR_000769,ST_EVO_LAVIDA_Q7,2026-08-10T11:38:15+07:00,0,4.9,served,ST_EVO_LAVIDA_Q7_P1
ARR_000770,ST_EVO_DEUTSCHES_HAUS,2026-08-10T11:41:12+07:00,0,0.0,served,ST_EVO_DEUTSCHES_HAUS_P3
ARR_000771,ST_EVO_AUDI_HCM,2026-08-10T11:44:19+07:00,0,0.0,served,ST_EVO_AUDI_HCM_P4
ARR_000772,ST_EVO_DEUTSCHES_HAUS,2026-08-10T11:57:59+07:00,0,0.0,served,ST_EVO_DEUTSCHES_HAUS_P4
ARR_000773,ST_EVO_LAVIDA_Q7,2026-08-10T12:00:56+07:00,0,26.85,served,ST_EVO_LAVIDA_Q7_P1
ARR_000774,ST_EVO_LAVIDA_Q7,2026-08-10T12:04:16+07:00,1,15.9,reneged,
ARR_000775,ST_EVO_DEUTSCHES_HAUS,2026-08-10T12:23:13+07:00,0,0.0,served,ST_EVO_DEUTSCHES_HAUS_P1
ARR_000776,ST_EVO_AUDI_HCM,2026-08-10T12:39:11+07:00,0,0.0,served,ST_EVO_AUDI_HCM_P2
ARR_000777,ST_EVO_DEUTSCHES_HAUS,2026-08-10T12:51:53+07:00,0,45.32,served,ST_EVO_DEUTSCHES_HAUS_P2
ARR_000778,ST_EVO_AUDI_HCM,2026-08-10T12:53:07+07:00,0,0.0,served,ST_EVO_AUDI_HCM_P1
ARR_000779,ST_EVO_AUDI_HCM,2026-08-10T12:56:08+07:00,0,15.38,served,ST_EVO_AUDI_HCM_P2
ARR_000780,ST_EVO_AUDI_HCM,2026-08-10T13:33:19+07:00,0,0.0,served,ST_EVO_AUDI_HCM_P3
ARR_000781,ST_EVO_AUDI_HCM,2026-08-10T13:38:23+07:00,0,0.0,served,ST_EVO_AUDI_HCM_P2
ARR_000782,ST_EVO_AUDI_HCM,2026-08-10T13:43:49+07:00,0,0.0,served,ST_EVO_AUDI_HCM_P1
ARR_000783,ST_EVO_LAVIDA_Q7,2026-08-10T13:47:27+07:00,0,0.0,served,ST_EVO_LAVIDA_Q7_P1
ARR_000784,ST_EVO_AUDI_HCM,2026-08-10T14:04:50+07:00,0,0.0,served,ST_EVO_AUDI_HCM_P2
ARR_000785,ST_EVO_AUDI_HCM,2026-08-10T14:08:07+07:00,0,0.0,served,ST_EVO_AUDI_HCM_P4
ARR_000786,ST_EVO_AUDI_HCM,2026-08-10T14:11:47+07:00,0,0.37,served,ST_EVO_AUDI_HCM_P1
ARR_000787,ST_EVO_DEUTSCHES_HAUS,2026-08-10T14:16:29+07:00,0,0.0,served,ST_EVO_DEUTSCHES_HAUS_P3
ARR_000788,ST_EVO_AUDI_HCM,2026-08-10T14:20:26+07:00,0,11.4,reneged,
ARR_000789,ST_EVO_AUDI_HCM,2026-08-10T14:25:32+07:00,1,13.5,reneged,
ARR_000790,ST_EVO_AUDI_HCM,2026-08-10T14:29:54+07:00,2,21.6,served,ST_EVO_AUDI_HCM_P4
ARR_000791,ST_EVO_DEUTSCHES_HAUS,2026-08-10T14:43:42+07:00,0,1.85,served,ST_EVO_DEUTSCHES_HAUS_P4
ARR_000792,ST_EVO_AUDI_HCM,2026-08-10T15:12:05+07:00,0,0.0,served,ST_EVO_AUDI_HCM_P1
ARR_000793,ST_EVO_AUDI_HCM,2026-08-10T15:52:41+07:00,0,0.0,served,ST_EVO_AUDI_HCM_P2
ARR_000794,ST_EVO_LAVIDA_Q7,2026-08-10T15:57:00+07:00,0,0.0,served,ST_EVO_LAVIDA_Q7_P1
ARR_000795,ST_EVO_LAVIDA_Q7,2026-08-10T16:00:42+07:00,0,25.95,served,ST_EVO_LAVIDA_Q7_P1
ARR_000796,ST_EVO_AUDI_HCM,2026-08-10T16:14:36+07:00,0,0.0,served,ST_EVO_AUDI_HCM_P1
ARR_000797,ST_EVO_AUDI_HCM,2026-08-10T16:55:48+07:00,0,0.0,served,ST_EVO_AUDI_HCM_P1
ARR_000798,ST_EVO_AUDI_HCM,2026-08-10T17:08:49+07:00,0,0.0,served,ST_EVO_AUDI_HCM_P2
ARR_000799,ST_EVO_DEUTSCHES_HAUS,2026-08-10T17:09:44+07:00,0,0.0,served,ST_EVO_DEUTSCHES_HAUS_P1
ARR_000800,ST_EVO_AUDI_HCM,2026-08-10T17:12:45+07:00,0,0.0,served,ST_EVO_AUDI_HCM_P3
ARR_000801,ST_EVO_AUDI_HCM,2026-08-10T17:17:47+07:00,0,0.0,served,ST_EVO_AUDI_HCM_P1
ARR_000802,ST_EVO_AUDI_HCM,2026-08-10T17:19:59+07:00,0,0.0,served,ST_EVO_AUDI_HCM_P4
ARR_000803,ST_EVO_AUDI_HCM,2026-08-10T17:32:34+07:00,0,5.85,served,ST_EVO_AUDI_HCM_P2
ARR_000804,ST_EVO_DEUTSCHES_HAUS,2026-08-10T17:43:00+07:00,0,0.0,served,ST_EVO_DEUTSCHES_HAUS_P2
ARR_000805,ST_EVO_AUDI_HCM,2026-08-10T17:51:48+07:00,0,13.03,served,ST_EVO_AUDI_HCM_P2
ARR_000806,ST_EVO_LAVIDA_Q7,2026-08-10T17:57:13+07:00,0,0.0,served,ST_EVO_LAVIDA_Q7_P1
ARR_000807,ST_EVO_AUDI_HCM,2026-08-10T18:00:12+07:00,1,6.88,served,ST_EVO_AUDI_HCM_P1
ARR_000808,ST_EVO_AUDI_HCM,2026-08-10T18:15:35+07:00,0,0.0,served,ST_EVO_AUDI_HCM_P2
ARR_000809,ST_EVO_AUDI_HCM,2026-08-10T18:15:38+07:00,0,24.88,served,ST_EVO_AUDI_HCM_P2
ARR_000810,ST_EVO_AUDI_HCM,2026-08-10T18:18:00+07:00,1,15.9,reneged,
ARR_000811,ST_EVO_AUDI_HCM,2026-08-10T18:21:48+07:00,2,17.9,reneged,
ARR_000812,ST_EVO_DEUTSCHES_HAUS,2026-08-10T18:42:25+07:00,0,0.0,served,ST_EVO_DEUTSCHES_HAUS_P2
ARR_000813,ST_EVO_LAVIDA_Q7,2026-08-10T18:56:32+07:00,0,0.0,served,ST_EVO_LAVIDA_Q7_P1
ARR_000814,ST_EVO_DEUTSCHES_HAUS,2026-08-10T19:10:45+07:00,0,0.0,served,ST_EVO_DEUTSCHES_HAUS_P3
ARR_000815,ST_EVO_DEUTSCHES_HAUS,2026-08-10T19:22:42+07:00,0,0.0,served,ST_EVO_DEUTSCHES_HAUS_P4
ARR_000816,ST_EVO_LAVIDA_Q7,2026-08-10T19:27:29+07:00,0,8.22,served,ST_EVO_LAVIDA_Q7_P1
ARR_000817,ST_EVO_DEUTSCHES_HAUS,2026-08-10T19:29:50+07:00,0,14.6,reneged,
ARR_000818,ST_EVO_AUDI_HCM,2026-08-10T19:39:19+07:00,0,0.0,served,ST_EVO_AUDI_HCM_P1
ARR_000819,ST_EVO_LAVIDA_Q7,2026-08-10T19:39:25+07:00,0,10.5,reneged,
ARR_000820,ST_EVO_DEUTSCHES_HAUS,2026-08-10T19:59:01+07:00,0,27.7,reneged,
ARR_000821,ST_EVO_DEUTSCHES_HAUS,2026-08-10T20:21:47+07:00,1,14.78,served,ST_EVO_DEUTSCHES_HAUS_P1
ARR_000822,ST_EVO_AUDI_HCM,2026-08-10T20:35:03+07:00,0,0.0,served,ST_EVO_AUDI_HCM_P1
ARR_000823,ST_EVO_LAVIDA_Q7,2026-08-10T20:50:14+07:00,0,0.0,served,ST_EVO_LAVIDA_Q7_P1
ARR_000824,ST_EVO_AUDI_HCM,2026-08-10T22:52:23+07:00,0,0.0,served,ST_EVO_AUDI_HCM_P1
ARR_000825,ST_EVO_DEUTSCHES_HAUS,2026-08-10T23:07:56+07:00,0,0.0,served,ST_EVO_DEUTSCHES_HAUS_P1
ARR_000826,ST_EVO_AUDI_HCM,2026-08-11T00:17:07+07:00,0,0.0,served,ST_EVO_AUDI_HCM_P2
ARR_000827,ST_EVO_DEUTSCHES_HAUS,2026-08-11T03:37:50+07:00,0,0.0,served,ST_EVO_DEUTSCHES_HAUS_P2
ARR_000828,ST_EVO_AUDI_HCM,2026-08-11T06:11:00+07:00,0,0.0,served,ST_EVO_AUDI_HCM_P1
ARR_000829,ST_EVO_LAVIDA_Q7,2026-08-11T07:14:15+07:00,0,0.0,served,ST_EVO_LAVIDA_Q7_P1
ARR_000830,ST_EVO_AUDI_HCM,2026-08-11T08:40:34+07:00,0,0.0,served,ST_EVO_AUDI_HCM_P1
ARR_000831,ST_EVO_AUDI_HCM,2026-08-11T09:32:47+07:00,0,0.0,served,ST_EVO_AUDI_HCM_P1
ARR_000832,ST_EVO_AUDI_HCM,2026-08-11T09:34:57+07:00,0,0.0,served,ST_EVO_AUDI_HCM_P2
ARR_000833,ST_EVO_DEUTSCHES_HAUS,2026-08-11T10:02:55+07:00,0,0.0,served,ST_EVO_DEUTSCHES_HAUS_P1
ARR_000834,ST_EVO_DEUTSCHES_HAUS,2026-08-11T10:10:07+07:00,0,0.0,served,ST_EVO_DEUTSCHES_HAUS_P3
ARR_000835,ST_EVO_AUDI_HCM,2026-08-11T10:23:02+07:00,0,0.0,served,ST_EVO_AUDI_HCM_P2
ARR_000836,ST_EVO_DEUTSCHES_HAUS,2026-08-11T10:31:41+07:00,0,0.0,served,ST_EVO_DEUTSCHES_HAUS_P4
ARR_000837,ST_EVO_AUDI_HCM,2026-08-11T11:01:32+07:00,0,0.0,served,ST_EVO_AUDI_HCM_P1
ARR_000838,ST_EVO_DEUTSCHES_HAUS,2026-08-11T11:45:19+07:00,0,0.0,served,ST_EVO_DEUTSCHES_HAUS_P1
ARR_000839,ST_EVO_AUDI_HCM,2026-08-11T11:47:39+07:00,0,0.0,served,ST_EVO_AUDI_HCM_P1
ARR_000840,ST_EVO_AUDI_HCM,2026-08-11T11:55:17+07:00,0,0.0,served,ST_EVO_AUDI_HCM_P2
ARR_000841,ST_EVO_AUDI_HCM,2026-08-11T11:58:13+07:00,0,0.0,served,ST_EVO_AUDI_HCM_P3
ARR_000842,ST_EVO_LAVIDA_Q7,2026-08-11T12:27:47+07:00,0,0.0,served,ST_EVO_LAVIDA_Q7_P1
ARR_000843,ST_EVO_AUDI_HCM,2026-08-11T12:35:09+07:00,0,0.0,served,ST_EVO_AUDI_HCM_P1
ARR_000844,ST_EVO_LAVIDA_Q7,2026-08-11T12:36:15+07:00,0,15.33,served,ST_EVO_LAVIDA_Q7_P1
ARR_000845,ST_EVO_DEUTSCHES_HAUS,2026-08-11T12:44:37+07:00,0,0.0,served,ST_EVO_DEUTSCHES_HAUS_P2
ARR_000846,ST_EVO_AUDI_HCM,2026-08-11T12:59:05+07:00,0,0.0,served,ST_EVO_AUDI_HCM_P2
ARR_000847,ST_EVO_DEUTSCHES_HAUS,2026-08-11T13:01:37+07:00,0,17.0,reneged,
ARR_000848,ST_EVO_AUDI_HCM,2026-08-11T13:09:12+07:00,0,0.0,served,ST_EVO_AUDI_HCM_P4
ARR_000849,ST_EVO_DEUTSCHES_HAUS,2026-08-11T13:09:12+07:00,1,14.5,reneged,
ARR_000850,ST_EVO_AUDI_HCM,2026-08-11T13:13:40+07:00,0,0.85,served,ST_EVO_AUDI_HCM_P1
ARR_000851,ST_EVO_AUDI_HCM,2026-08-11T13:26:22+07:00,0,0.0,served,ST_EVO_AUDI_HCM_P2
ARR_000852,ST_EVO_AUDI_HCM,2026-08-11T13:50:29+07:00,0,0.0,served,ST_EVO_AUDI_HCM_P1
ARR_000853,ST_EVO_LAVIDA_Q7,2026-08-11T13:51:53+07:00,0,0.0,served,ST_EVO_LAVIDA_Q7_P1
ARR_000854,ST_EVO_LAVIDA_Q7,2026-08-11T14:37:55+07:00,0,0.0,served,ST_EVO_LAVIDA_Q7_P1
ARR_000855,ST_EVO_LAVIDA_Q7,2026-08-11T14:53:10+07:00,0,13.1,reneged,
ARR_000856,ST_EVO_DEUTSCHES_HAUS,2026-08-11T15:00:49+07:00,0,0.0,served,ST_EVO_DEUTSCHES_HAUS_P4
ARR_000857,ST_EVO_AUDI_HCM,2026-08-11T15:06:28+07:00,0,0.0,served,ST_EVO_AUDI_HCM_P1
ARR_000858,ST_EVO_AUDI_HCM,2026-08-11T15:06:41+07:00,0,0.0,served,ST_EVO_AUDI_HCM_P2
ARR_000859,ST_EVO_AUDI_HCM,2026-08-11T15:20:26+07:00,0,0.0,served,ST_EVO_AUDI_HCM_P3
ARR_000860,ST_EVO_AUDI_HCM,2026-08-11T15:24:12+07:00,0,3.85,served,ST_EVO_AUDI_HCM_P2
ARR_000861,ST_EVO_AUDI_HCM,2026-08-11T15:47:54+07:00,0,0.0,served,ST_EVO_AUDI_HCM_P1
ARR_000862,ST_EVO_LAVIDA_Q7,2026-08-11T16:09:49+07:00,0,0.0,served,ST_EVO_LAVIDA_Q7_P1
ARR_000863,ST_EVO_DEUTSCHES_HAUS,2026-08-11T16:11:56+07:00,0,0.0,served,ST_EVO_DEUTSCHES_HAUS_P3
ARR_000864,ST_EVO_AUDI_HCM,2026-08-11T16:40:47+07:00,0,0.0,served,ST_EVO_AUDI_HCM_P1
ARR_000865,ST_EVO_DEUTSCHES_HAUS,2026-08-11T17:04:03+07:00,0,0.0,served,ST_EVO_DEUTSCHES_HAUS_P2
ARR_000866,ST_EVO_LAVIDA_Q7,2026-08-11T17:50:21+07:00,0,0.0,served,ST_EVO_LAVIDA_Q7_P1
ARR_000867,ST_EVO_AUDI_HCM,2026-08-11T17:53:28+07:00,0,0.0,served,ST_EVO_AUDI_HCM_P1
ARR_000868,ST_EVO_DEUTSCHES_HAUS,2026-08-11T17:53:30+07:00,0,0.0,served,ST_EVO_DEUTSCHES_HAUS_P1
ARR_000869,ST_EVO_AUDI_HCM,2026-08-11T17:59:16+07:00,0,0.0,served,ST_EVO_AUDI_HCM_P2
ARR_000870,ST_EVO_DEUTSCHES_HAUS,2026-08-11T18:11:45+07:00,0,0.0,served,ST_EVO_DEUTSCHES_HAUS_P4
ARR_000871,ST_EVO_AUDI_HCM,2026-08-11T18:21:25+07:00,0,1.97,served,ST_EVO_AUDI_HCM_P1
ARR_000872,ST_EVO_AUDI_HCM,2026-08-11T18:22:44+07:00,1,3.62,served,ST_EVO_AUDI_HCM_P2
ARR_000873,ST_EVO_AUDI_HCM,2026-08-11T18:34:17+07:00,0,0.0,served,ST_EVO_AUDI_HCM_P4
ARR_000874,ST_EVO_AUDI_HCM,2026-08-11T18:40:00+07:00,0,12.7,reneged,
ARR_000875,ST_EVO_AUDI_HCM,2026-08-11T18:51:54+07:00,1,3.2,reneged,
ARR_000876,ST_EVO_LAVIDA_Q7,2026-08-11T18:55:13+07:00,0,0.0,served,ST_EVO_LAVIDA_Q7_P1
ARR_000877,ST_EVO_AUDI_HCM,2026-08-11T19:05:28+07:00,0,0.0,served,ST_EVO_AUDI_HCM_P1
ARR_000878,ST_EVO_AUDI_HCM,2026-08-11T19:21:19+07:00,0,0.0,served,ST_EVO_AUDI_HCM_P1
ARR_000879,ST_EVO_AUDI_HCM,2026-08-11T19:24:41+07:00,0,0.0,served,ST_EVO_AUDI_HCM_P2
ARR_000880,ST_EVO_AUDI_HCM,2026-08-11T19:42:44+07:00,0,0.0,served,ST_EVO_AUDI_HCM_P1
ARR_000881,ST_EVO_AUDI_HCM,2026-08-11T19:48:48+07:00,0,2.42,served,ST_EVO_AUDI_HCM_P2
ARR_000882,ST_EVO_AUDI_HCM,2026-08-11T19:50:11+07:00,1,8.6,reneged,
ARR_000883,ST_EVO_LAVIDA_Q7,2026-08-11T20:15:19+07:00,0,0.0,served,ST_EVO_LAVIDA_Q7_P1
ARR_000884,ST_EVO_AUDI_HCM,2026-08-11T20:30:22+07:00,0,0.0,served,ST_EVO_AUDI_HCM_P1
ARR_000885,ST_EVO_DEUTSCHES_HAUS,2026-08-11T21:59:24+07:00,0,0.0,served,ST_EVO_DEUTSCHES_HAUS_P1
ARR_000886,ST_EVO_AUDI_HCM,2026-08-11T23:03:06+07:00,0,0.0,served,ST_EVO_AUDI_HCM_P1
ARR_000887,ST_EVO_AUDI_HCM,2026-08-12T05:30:50+07:00,0,0.0,served,ST_EVO_AUDI_HCM_P1
ARR_000888,ST_EVO_DEUTSCHES_HAUS,2026-08-12T06:11:34+07:00,0,0.0,served,ST_EVO_DEUTSCHES_HAUS_P2
ARR_000889,ST_EVO_AUDI_HCM,2026-08-12T06:26:10+07:00,0,0.0,served,ST_EVO_AUDI_HCM_P1
ARR_000890,ST_EVO_AUDI_HCM,2026-08-12T07:11:05+07:00,0,0.0,served,ST_EVO_AUDI_HCM_P1
ARR_000891,ST_EVO_DEUTSCHES_HAUS,2026-08-12T07:42:01+07:00,0,0.0,served,ST_EVO_DEUTSCHES_HAUS_P1
ARR_000892,ST_EVO_AUDI_HCM,2026-08-12T08:14:28+07:00,0,0.0,served,ST_EVO_AUDI_HCM_P1
ARR_000893,ST_EVO_AUDI_HCM,2026-08-12T08:50:47+07:00,0,0.0,served,ST_EVO_AUDI_HCM_P1
ARR_000894,ST_EVO_LAVIDA_Q7,2026-08-12T08:53:01+07:00,0,0.0,served,ST_EVO_LAVIDA_Q7_P1
ARR_000895,ST_EVO_LAVIDA_Q7,2026-08-12T08:56:57+07:00,0,12.33,served,ST_EVO_LAVIDA_Q7_P1
ARR_000896,ST_EVO_DEUTSCHES_HAUS,2026-08-12T09:33:37+07:00,0,0.0,served,ST_EVO_DEUTSCHES_HAUS_P1
ARR_000897,ST_EVO_DEUTSCHES_HAUS,2026-08-12T09:49:07+07:00,0,0.0,served,ST_EVO_DEUTSCHES_HAUS_P3
ARR_000898,ST_EVO_AUDI_HCM,2026-08-12T10:11:08+07:00,0,0.0,served,ST_EVO_AUDI_HCM_P1
ARR_000899,ST_EVO_AUDI_HCM,2026-08-12T10:11:37+07:00,0,0.0,served,ST_EVO_AUDI_HCM_P2
ARR_000900,ST_EVO_AUDI_HCM,2026-08-12T10:23:01+07:00,0,0.0,served,ST_EVO_AUDI_HCM_P3
ARR_000901,ST_EVO_LAVIDA_Q7,2026-08-12T10:24:26+07:00,0,0.0,served,ST_EVO_LAVIDA_Q7_P1
ARR_000902,ST_EVO_AUDI_HCM,2026-08-12T10:38:36+07:00,0,0.0,served,ST_EVO_AUDI_HCM_P4
ARR_000903,ST_EVO_AUDI_HCM,2026-08-12T10:39:38+07:00,0,19.73,served,ST_EVO_AUDI_HCM_P1
ARR_000904,ST_EVO_DEUTSCHES_HAUS,2026-08-12T10:42:02+07:00,0,0.0,served,ST_EVO_DEUTSCHES_HAUS_P4
ARR_000905,ST_EVO_LAVIDA_Q7,2026-08-12T10:50:54+07:00,0,0.0,served,ST_EVO_LAVIDA_Q7_P1
ARR_000906,ST_EVO_AUDI_HCM,2026-08-12T10:51:06+07:00,1,17.25,served,ST_EVO_AUDI_HCM_P2
ARR_000907,ST_EVO_AUDI_HCM,2026-08-12T10:59:32+07:00,1,12.2,reneged,
ARR_000908,ST_EVO_AUDI_HCM,2026-08-12T11:08:06+07:00,2,5.3,reneged,
ARR_000909,ST_EVO_LAVIDA_Q7,2026-08-12T11:14:25+07:00,0,4.45,served,ST_EVO_LAVIDA_Q7_P1
ARR_000910,ST_EVO_DEUTSCHES_HAUS,2026-08-12T11:30:00+07:00,0,17.3,reneged,
ARR_000911,ST_EVO_LAVIDA_Q7,2026-08-12T11:35:53+07:00,0,4.6,reneged,
ARR_000912,ST_EVO_AUDI_HCM,2026-08-12T11:37:01+07:00,0,0.0,served,ST_EVO_AUDI_HCM_P1
ARR_000913,ST_EVO_LAVIDA_Q7,2026-08-12T11:48:02+07:00,0,7.93,served,ST_EVO_LAVIDA_Q7_P1
ARR_000914,ST_EVO_AUDI_HCM,2026-08-12T11:55:04+07:00,0,0.0,served,ST_EVO_AUDI_HCM_P2
ARR_000915,ST_EVO_LAVIDA_Q7,2026-08-12T12:04:10+07:00,0,0.82,served,ST_EVO_LAVIDA_Q7_P1
ARR_000916,ST_EVO_AUDI_HCM,2026-08-12T12:05:25+07:00,0,0.0,served,ST_EVO_AUDI_HCM_P1
ARR_000917,ST_EVO_AUDI_HCM,2026-08-12T12:09:27+07:00,0,0.0,served,ST_EVO_AUDI_HCM_P3
ARR_000918,ST_EVO_AUDI_HCM,2026-08-12T12:16:45+07:00,0,10.1,reneged,
ARR_000919,ST_EVO_LAVIDA_Q7,2026-08-12T12:18:13+07:00,0,21.7,reneged,
ARR_000920,ST_EVO_AUDI_HCM,2026-08-12T12:22:49+07:00,1,18.38,served,ST_EVO_AUDI_HCM_P2
ARR_000921,ST_EVO_LAVIDA_Q7,2026-08-12T12:25:46+07:00,1,21.9,reneged,
ARR_000922,ST_EVO_DEUTSCHES_HAUS,2026-08-12T12:31:12+07:00,0,0.0,served,ST_EVO_DEUTSCHES_HAUS_P4
ARR_000923,ST_EVO_DEUTSCHES_HAUS,2026-08-12T12:34:16+07:00,0,6.0,reneged,
ARR_000924,ST_EVO_AUDI_HCM,2026-08-12T12:36:03+07:00,1,14.15,served,ST_EVO_AUDI_HCM_P1
ARR_000925,ST_EVO_AUDI_HCM,2026-08-12T12:38:43+07:00,2,23.05,served,ST_EVO_AUDI_HCM_P2
ARR_000926,ST_EVO_DEUTSCHES_HAUS,2026-08-12T12:39:22+07:00,1,8.62,served,ST_EVO_DEUTSCHES_HAUS_P2
ARR_000927,ST_EVO_AUDI_HCM,2026-08-12T12:48:02+07:00,2,17.5,served,ST_EVO_AUDI_HCM_P4
ARR_000928,ST_EVO_LAVIDA_Q7,2026-08-12T13:07:06+07:00,0,0.0,served,ST_EVO_LAVIDA_Q7_P1
ARR_000929,ST_EVO_DEUTSCHES_HAUS,2026-08-12T13:08:42+07:00,0,18.45,served,ST_EVO_DEUTSCHES_HAUS_P1
ARR_000930,ST_EVO_DEUTSCHES_HAUS,2026-08-12T13:30:55+07:00,0,0.0,served,ST_EVO_DEUTSCHES_HAUS_P3
ARR_000931,ST_EVO_AUDI_HCM,2026-08-12T13:46:03+07:00,0,0.0,served,ST_EVO_AUDI_HCM_P1
ARR_000932,ST_EVO_AUDI_HCM,2026-08-12T14:01:24+07:00,0,0.0,served,ST_EVO_AUDI_HCM_P2
ARR_000933,ST_EVO_AUDI_HCM,2026-08-12T14:02:36+07:00,0,10.35,served,ST_EVO_AUDI_HCM_P1
ARR_000934,ST_EVO_AUDI_HCM,2026-08-12T14:29:28+07:00,0,21.85,served,ST_EVO_AUDI_HCM_P2
ARR_000935,ST_EVO_LAVIDA_Q7,2026-08-12T14:33:29+07:00,0,0.0,served,ST_EVO_LAVIDA_Q7_P1
ARR_000936,ST_EVO_AUDI_HCM,2026-08-12T15:38:31+07:00,0,0.0,served,ST_EVO_AUDI_HCM_P1
ARR_000937,ST_EVO_LAVIDA_Q7,2026-08-12T15:40:21+07:00,0,0.0,served,ST_EVO_LAVIDA_Q7_P1
ARR_000938,ST_EVO_AUDI_HCM,2026-08-12T16:02:17+07:00,0,0.0,served,ST_EVO_AUDI_HCM_P2
ARR_000939,ST_EVO_AUDI_HCM,2026-08-12T16:04:55+07:00,0,0.0,served,ST_EVO_AUDI_HCM_P4
ARR_000940,ST_EVO_AUDI_HCM,2026-08-12T16:05:04+07:00,0,20.78,served,ST_EVO_AUDI_HCM_P2
ARR_000941,ST_EVO_AUDI_HCM,2026-08-12T16:46:08+07:00,0,0.0,served,ST_EVO_AUDI_HCM_P1
ARR_000942,ST_EVO_DEUTSCHES_HAUS,2026-08-12T16:51:00+07:00,0,0.0,served,ST_EVO_DEUTSCHES_HAUS_P4
ARR_000943,ST_EVO_DEUTSCHES_HAUS,2026-08-12T17:08:27+07:00,0,40.3,reneged,
ARR_000944,ST_EVO_AUDI_HCM,2026-08-12T17:18:57+07:00,0,0.0,served,ST_EVO_AUDI_HCM_P2
ARR_000945,ST_EVO_AUDI_HCM,2026-08-12T18:01:10+07:00,0,0.0,served,ST_EVO_AUDI_HCM_P1
ARR_000946,ST_EVO_DEUTSCHES_HAUS,2026-08-12T18:01:18+07:00,0,0.0,served,ST_EVO_DEUTSCHES_HAUS_P3
ARR_000947,ST_EVO_DEUTSCHES_HAUS,2026-08-12T18:27:44+07:00,0,23.5,reneged,
ARR_000948,ST_EVO_DEUTSCHES_HAUS,2026-08-12T18:35:45+07:00,1,9.3,reneged,
ARR_000949,ST_EVO_LAVIDA_Q7,2026-08-12T18:58:23+07:00,0,0.0,served,ST_EVO_LAVIDA_Q7_P1
ARR_000950,ST_EVO_AUDI_HCM,2026-08-12T19:00:57+07:00,0,0.0,served,ST_EVO_AUDI_HCM_P1
ARR_000951,ST_EVO_AUDI_HCM,2026-08-12T19:06:52+07:00,0,0.0,served,ST_EVO_AUDI_HCM_P2
ARR_000952,ST_EVO_LAVIDA_Q7,2026-08-12T19:17:40+07:00,0,4.35,served,ST_EVO_LAVIDA_Q7_P1
ARR_000953,ST_EVO_LAVIDA_Q7,2026-08-12T19:26:18+07:00,0,21.2,reneged,
ARR_000954,ST_EVO_DEUTSCHES_HAUS,2026-08-12T19:42:25+07:00,0,0.0,served,ST_EVO_DEUTSCHES_HAUS_P1
ARR_000955,ST_EVO_LAVIDA_Q7,2026-08-12T19:51:32+07:00,0,4.78,served,ST_EVO_LAVIDA_Q7_P1
ARR_000956,ST_EVO_AUDI_HCM,2026-08-12T19:54:36+07:00,0,0.0,served,ST_EVO_AUDI_HCM_P1
ARR_000957,ST_EVO_DEUTSCHES_HAUS,2026-08-12T20:00:00+07:00,0,0.0,served,ST_EVO_DEUTSCHES_HAUS_P2
ARR_000958,ST_EVO_DEUTSCHES_HAUS,2026-08-12T20:03:35+07:00,0,0.0,served,ST_EVO_DEUTSCHES_HAUS_P4
ARR_000959,ST_EVO_AUDI_HCM,2026-08-12T20:20:15+07:00,0,0.0,served,ST_EVO_AUDI_HCM_P2
ARR_000960,ST_EVO_AUDI_HCM,2026-08-12T20:20:50+07:00,0,0.0,served,ST_EVO_AUDI_HCM_P3
ARR_000961,ST_EVO_AUDI_HCM,2026-08-12T20:48:26+07:00,0,0.0,served,ST_EVO_AUDI_HCM_P1
ARR_000962,ST_EVO_DEUTSCHES_HAUS,2026-08-12T20:53:43+07:00,0,18.6,reneged,
ARR_000963,ST_EVO_DEUTSCHES_HAUS,2026-08-12T20:58:13+07:00,1,19.7,reneged,
ARR_000964,ST_EVO_DEUTSCHES_HAUS,2026-08-12T21:06:12+07:00,2,20.4,reneged,
ARR_000965,ST_EVO_AUDI_HCM,2026-08-12T21:08:29+07:00,0,0.0,served,ST_EVO_AUDI_HCM_P1
ARR_000966,ST_EVO_AUDI_HCM,2026-08-12T21:30:48+07:00,0,0.0,served,ST_EVO_AUDI_HCM_P2
ARR_000967,ST_EVO_DEUTSCHES_HAUS,2026-08-12T22:18:15+07:00,0,0.0,served,ST_EVO_DEUTSCHES_HAUS_P3
ARR_000968,ST_EVO_DEUTSCHES_HAUS,2026-08-12T23:27:52+07:00,0,15.3,reneged,
ARR_000969,ST_EVO_AUDI_HCM,2026-08-13T04:07:08+07:00,0,0.0,served,ST_EVO_AUDI_HCM_P1
ARR_000970,ST_EVO_AUDI_HCM,2026-08-13T07:02:35+07:00,0,0.0,served,ST_EVO_AUDI_HCM_P1
ARR_000971,ST_EVO_AUDI_HCM,2026-08-13T07:13:45+07:00,0,0.0,served,ST_EVO_AUDI_HCM_P2
ARR_000972,ST_EVO_AUDI_HCM,2026-08-13T07:32:13+07:00,0,0.0,served,ST_EVO_AUDI_HCM_P3
ARR_000973,ST_EVO_DEUTSCHES_HAUS,2026-08-13T07:50:32+07:00,0,0.0,served,ST_EVO_DEUTSCHES_HAUS_P1
ARR_000974,ST_EVO_AUDI_HCM,2026-08-13T08:06:40+07:00,0,0.0,served,ST_EVO_AUDI_HCM_P1
ARR_000975,ST_EVO_DEUTSCHES_HAUS,2026-08-13T09:08:23+07:00,0,0.0,served,ST_EVO_DEUTSCHES_HAUS_P2
ARR_000976,ST_EVO_DEUTSCHES_HAUS,2026-08-13T09:09:47+07:00,0,0.0,served,ST_EVO_DEUTSCHES_HAUS_P3
ARR_000977,ST_EVO_AUDI_HCM,2026-08-13T09:14:45+07:00,0,0.0,served,ST_EVO_AUDI_HCM_P1
ARR_000978,ST_EVO_DEUTSCHES_HAUS,2026-08-13T09:43:30+07:00,0,0.0,served,ST_EVO_DEUTSCHES_HAUS_P4
ARR_000979,ST_EVO_DEUTSCHES_HAUS,2026-08-13T09:46:43+07:00,0,32.0,reneged,
ARR_000980,ST_EVO_AUDI_HCM,2026-08-13T09:52:53+07:00,0,0.0,served,ST_EVO_AUDI_HCM_P1
ARR_000981,ST_EVO_AUDI_HCM,2026-08-13T09:57:27+07:00,0,0.0,served,ST_EVO_AUDI_HCM_P2
ARR_000982,ST_EVO_DEUTSCHES_HAUS,2026-08-13T10:27:14+07:00,0,26.4,reneged,
ARR_000983,ST_EVO_LAVIDA_Q7,2026-08-13T10:53:40+07:00,0,0.0,served,ST_EVO_LAVIDA_Q7_P1
ARR_000984,ST_EVO_LAVIDA_Q7,2026-08-13T11:02:04+07:00,0,24.4,reneged,
ARR_000985,ST_EVO_AUDI_HCM,2026-08-13T11:07:01+07:00,0,0.0,served,ST_EVO_AUDI_HCM_P1
ARR_000986,ST_EVO_LAVIDA_Q7,2026-08-13T11:19:17+07:00,1,19.4,reneged,
ARR_000987,ST_EVO_DEUTSCHES_HAUS,2026-08-13T11:24:16+07:00,0,15.4,reneged,
ARR_000988,ST_EVO_AUDI_HCM,2026-08-13T11:29:37+07:00,0,0.0,served,ST_EVO_AUDI_HCM_P2
ARR_000989,ST_EVO_AUDI_HCM,2026-08-13T11:31:24+07:00,0,0.0,served,ST_EVO_AUDI_HCM_P3
ARR_000990,ST_EVO_LAVIDA_Q7,2026-08-13T11:31:46+07:00,1,14.6,reneged,
ARR_000991,ST_EVO_AUDI_HCM,2026-08-13T11:35:23+07:00,0,0.0,served,ST_EVO_AUDI_HCM_P4
ARR_000992,ST_EVO_LAVIDA_Q7,2026-08-13T11:37:19+07:00,2,16.92,served,ST_EVO_LAVIDA_Q7_P1
ARR_000993,ST_EVO_AUDI_HCM,2026-08-13T11:38:02+07:00,0,14.52,served,ST_EVO_AUDI_HCM_P1
ARR_000994,ST_EVO_LAVIDA_Q7,2026-08-13T11:46:38+07:00,1,55.8,reneged,
ARR_000995,ST_EVO_AUDI_HCM,2026-08-13T11:47:50+07:00,1,3.4,reneged,
ARR_000996,ST_EVO_AUDI_HCM,2026-08-13T11:55:32+07:00,0,13.8,served,ST_EVO_AUDI_HCM_P1
ARR_000997,ST_EVO_DEUTSCHES_HAUS,2026-08-13T12:01:51+07:00,0,0.0,served,ST_EVO_DEUTSCHES_HAUS_P4
ARR_000998,ST_EVO_LAVIDA_Q7,2026-08-13T12:06:04+07:00,1,24.1,reneged,
ARR_000999,ST_EVO_LAVIDA_Q7,2026-08-13T12:06:39+07:00,2,26.9,reneged,
ARR_001000,ST_EVO_DEUTSCHES_HAUS,2026-08-13T12:07:22+07:00,0,2.05,served,ST_EVO_DEUTSCHES_HAUS_P1
ARR_001001,ST_EVO_AUDI_HCM,2026-08-13T12:21:13+07:00,0,0.0,served,ST_EVO_AUDI_HCM_P2
ARR_001002,ST_EVO_DEUTSCHES_HAUS,2026-08-13T12:21:46+07:00,0,7.7,served,ST_EVO_DEUTSCHES_HAUS_P2
ARR_001003,ST_EVO_AUDI_HCM,2026-08-13T12:22:11+07:00,0,5.42,served,ST_EVO_AUDI_HCM_P1
ARR_001004,ST_EVO_AUDI_HCM,2026-08-13T12:26:13+07:00,1,6.4,reneged,
ARR_001005,ST_EVO_AUDI_HCM,2026-08-13T12:32:38+07:00,0,6.28,served,ST_EVO_AUDI_HCM_P2
ARR_001006,ST_EVO_AUDI_HCM,2026-08-13T12:37:14+07:00,1,10.6,served,ST_EVO_AUDI_HCM_P2
ARR_001007,ST_EVO_AUDI_HCM,2026-08-13T12:44:16+07:00,1,18.8,reneged,
ARR_001008,ST_EVO_AUDI_HCM,2026-08-13T12:50:32+07:00,1,22.07,served,ST_EVO_AUDI_HCM_P2
ARR_001009,ST_EVO_DEUTSCHES_HAUS,2026-08-13T13:04:05+07:00,0,9.5,reneged,
ARR_001010,ST_EVO_AUDI_HCM,2026-08-13T13:09:46+07:00,1,10.7,reneged,
ARR_001011,ST_EVO_AUDI_HCM,2026-08-13T13:13:18+07:00,1,14.1,reneged,
ARR_001012,ST_EVO_AUDI_HCM,2026-08-13T13:20:49+07:00,1,34.33,served,ST_EVO_AUDI_HCM_P2
ARR_001013,ST_EVO_AUDI_HCM,2026-08-13T13:20:50+07:00,2,11.8,reneged,
ARR_001014,ST_EVO_DEUTSCHES_HAUS,2026-08-13T13:24:00+07:00,0,11.0,reneged,
ARR_001015,ST_EVO_AUDI_HCM,2026-08-13T13:29:40+07:00,2,29.2,reneged,
ARR_001016,ST_EVO_AUDI_HCM,2026-08-13T13:29:59+07:00,3,28.2,reneged,
ARR_001017,ST_EVO_DEUTSCHES_HAUS,2026-08-13T13:35:19+07:00,0,17.7,reneged,
ARR_001018,ST_EVO_AUDI_HCM,2026-08-13T13:36:06+07:00,3,29.08,served,ST_EVO_AUDI_HCM_P1
ARR_001019,ST_EVO_AUDI_HCM,2026-08-13T13:41:57+07:00,4,16.8,reneged,
ARR_001020,ST_EVO_AUDI_HCM,2026-08-13T13:48:30+07:00,5,10.7,reneged,
ARR_001021,ST_EVO_AUDI_HCM,2026-08-13T13:59:15+07:00,1,21.2,reneged,
ARR_001022,ST_EVO_AUDI_HCM,2026-08-13T14:00:41+07:00,2,27.63,served,ST_EVO_AUDI_HCM_P2
ARR_001023,ST_EVO_AUDI_HCM,2026-08-13T14:11:51+07:00,2,20.87,served,ST_EVO_AUDI_HCM_P1
ARR_001024,ST_EVO_LAVIDA_Q7,2026-08-13T14:12:14+07:00,0,0.0,served,ST_EVO_LAVIDA_Q7_P1
ARR_001025,ST_EVO_AUDI_HCM,2026-08-13T14:20:01+07:00,3,31.15,served,ST_EVO_AUDI_HCM_P4
ARR_001026,ST_EVO_AUDI_HCM,2026-08-13T14:47:48+07:00,1,6.98,served,ST_EVO_AUDI_HCM_P1
ARR_001027,ST_EVO_AUDI_HCM,2026-08-13T15:24:45+07:00,0,0.0,served,ST_EVO_AUDI_HCM_P1
ARR_001028,ST_EVO_DEUTSCHES_HAUS,2026-08-13T15:40:00+07:00,0,0.0,served,ST_EVO_DEUTSCHES_HAUS_P2
ARR_001029,ST_EVO_DEUTSCHES_HAUS,2026-08-13T15:40:09+07:00,0,0.0,served,ST_EVO_DEUTSCHES_HAUS_P4
ARR_001030,ST_EVO_AUDI_HCM,2026-08-13T15:40:21+07:00,0,0.0,served,ST_EVO_AUDI_HCM_P2
ARR_001031,ST_EVO_AUDI_HCM,2026-08-13T15:45:41+07:00,0,0.0,served,ST_EVO_AUDI_HCM_P1
ARR_001032,ST_EVO_DEUTSCHES_HAUS,2026-08-13T15:46:26+07:00,0,2.65,served,ST_EVO_DEUTSCHES_HAUS_P3
ARR_001033,ST_EVO_AUDI_HCM,2026-08-13T15:49:44+07:00,0,4.82,served,ST_EVO_AUDI_HCM_P2
ARR_001034,ST_EVO_DEUTSCHES_HAUS,2026-08-13T16:06:35+07:00,0,22.2,reneged,
ARR_001035,ST_EVO_LAVIDA_Q7,2026-08-13T16:09:05+07:00,0,0.0,served,ST_EVO_LAVIDA_Q7_P1
ARR_001036,ST_EVO_DEUTSCHES_HAUS,2026-08-13T16:23:30+07:00,1,12.7,reneged,
ARR_001037,ST_EVO_AUDI_HCM,2026-08-13T16:52:23+07:00,0,0.0,served,ST_EVO_AUDI_HCM_P1
ARR_001038,ST_EVO_AUDI_HCM,2026-08-13T16:59:45+07:00,0,0.0,served,ST_EVO_AUDI_HCM_P2
ARR_001039,ST_EVO_AUDI_HCM,2026-08-13T17:05:29+07:00,0,2.57,served,ST_EVO_AUDI_HCM_P3
ARR_001040,ST_EVO_DEUTSCHES_HAUS,2026-08-13T17:08:10+07:00,0,21.37,served,ST_EVO_DEUTSCHES_HAUS_P1
ARR_001041,ST_EVO_AUDI_HCM,2026-08-13T17:21:28+07:00,0,0.0,served,ST_EVO_AUDI_HCM_P2
ARR_001042,ST_EVO_DEUTSCHES_HAUS,2026-08-13T17:30:23+07:00,0,16.2,reneged,
ARR_001043,ST_EVO_DEUTSCHES_HAUS,2026-08-13T17:36:25+07:00,1,6.6,reneged,
ARR_001044,ST_EVO_LAVIDA_Q7,2026-08-13T17:41:16+07:00,0,0.0,served,ST_EVO_LAVIDA_Q7_P1
ARR_001045,ST_EVO_AUDI_HCM,2026-08-13T17:50:38+07:00,0,0.0,served,ST_EVO_AUDI_HCM_P1
ARR_001046,ST_EVO_AUDI_HCM,2026-08-13T17:59:12+07:00,0,0.0,served,ST_EVO_AUDI_HCM_P2
ARR_001047,ST_EVO_AUDI_HCM,2026-08-13T18:01:10+07:00,0,9.7,served,ST_EVO_AUDI_HCM_P2
ARR_001048,ST_EVO_LAVIDA_Q7,2026-08-13T18:13:23+07:00,0,0.0,served,ST_EVO_LAVIDA_Q7_P1
ARR_001049,ST_EVO_LAVIDA_Q7,2026-08-13T18:21:50+07:00,0,5.9,reneged,
ARR_001050,ST_EVO_AUDI_HCM,2026-08-13T18:24:41+07:00,0,19.83,served,ST_EVO_AUDI_HCM_P1
ARR_001051,ST_EVO_AUDI_HCM,2026-08-13T18:35:50+07:00,1,13.9,served,ST_EVO_AUDI_HCM_P2
ARR_001052,ST_EVO_AUDI_HCM,2026-08-13T18:47:26+07:00,1,18.4,reneged,
ARR_001053,ST_EVO_AUDI_HCM,2026-08-13T19:07:51+07:00,0,9.02,served,ST_EVO_AUDI_HCM_P3
ARR_001054,ST_EVO_AUDI_HCM,2026-08-13T19:10:14+07:00,1,15.9,reneged,
ARR_001055,ST_EVO_LAVIDA_Q7,2026-08-13T19:13:17+07:00,0,0.0,served,ST_EVO_LAVIDA_Q7_P1
ARR_001056,ST_EVO_AUDI_HCM,2026-08-13T19:17:21+07:00,1,14.33,served,ST_EVO_AUDI_HCM_P1
ARR_001057,ST_EVO_AUDI_HCM,2026-08-13T19:17:50+07:00,2,15.1,reneged,
ARR_001058,ST_EVO_AUDI_HCM,2026-08-13T19:20:10+07:00,3,14.0,reneged,
ARR_001059,ST_EVO_DEUTSCHES_HAUS,2026-08-13T19:29:55+07:00,0,8.6,reneged,
ARR_001060,ST_EVO_AUDI_HCM,2026-08-13T19:32:28+07:00,2,2.5,served,ST_EVO_AUDI_HCM_P2
ARR_001061,ST_EVO_DEUTSCHES_HAUS,2026-08-13T19:34:26+07:00,1,5.28,served,ST_EVO_DEUTSCHES_HAUS_P2
ARR_001062,ST_EVO_AUDI_HCM,2026-08-13T19:36:39+07:00,0,16.9,reneged,
ARR_001063,ST_EVO_AUDI_HCM,2026-08-13T19:42:44+07:00,1,11.37,served,ST_EVO_AUDI_HCM_P2
ARR_001064,ST_EVO_DEUTSCHES_HAUS,2026-08-13T20:06:34+07:00,0,0.0,served,ST_EVO_DEUTSCHES_HAUS_P1
ARR_001065,ST_EVO_AUDI_HCM,2026-08-13T20:12:12+07:00,0,0.0,served,ST_EVO_AUDI_HCM_P1
ARR_001066,ST_EVO_DEUTSCHES_HAUS,2026-08-13T20:15:18+07:00,0,0.0,served,ST_EVO_DEUTSCHES_HAUS_P3
ARR_001067,ST_EVO_LAVIDA_Q7,2026-08-13T20:38:51+07:00,0,0.0,served,ST_EVO_LAVIDA_Q7_P1
ARR_001068,ST_EVO_AUDI_HCM,2026-08-13T20:40:14+07:00,0,0.0,served,ST_EVO_AUDI_HCM_P2
ARR_001069,ST_EVO_AUDI_HCM,2026-08-13T20:50:42+07:00,0,0.0,served,ST_EVO_AUDI_HCM_P1
ARR_001070,ST_EVO_AUDI_HCM,2026-08-13T21:07:13+07:00,0,0.0,served,ST_EVO_AUDI_HCM_P1
ARR_001071,ST_EVO_DEUTSCHES_HAUS,2026-08-13T21:26:06+07:00,0,0.0,served,ST_EVO_DEUTSCHES_HAUS_P4
ARR_001072,ST_EVO_DEUTSCHES_HAUS,2026-08-13T21:42:21+07:00,0,17.4,reneged,
ARR_001073,ST_EVO_AUDI_HCM,2026-08-13T21:50:00+07:00,0,0.0,served,ST_EVO_AUDI_HCM_P2
ARR_001074,ST_EVO_AUDI_HCM,2026-08-13T22:22:50+07:00,0,0.0,served,ST_EVO_AUDI_HCM_P1
ARR_001075,ST_EVO_DEUTSCHES_HAUS,2026-08-13T23:02:38+07:00,0,0.0,served,ST_EVO_DEUTSCHES_HAUS_P2
ARR_001076,ST_EVO_DEUTSCHES_HAUS,2026-08-13T23:19:55+07:00,0,0.0,served,ST_EVO_DEUTSCHES_HAUS_P1
ARR_001077,ST_EVO_LAVIDA_Q7,2026-08-14T02:06:50+07:00,0,0.0,served,ST_EVO_LAVIDA_Q7_P1
ARR_001078,ST_EVO_AUDI_HCM,2026-08-14T05:44:42+07:00,0,0.0,served,ST_EVO_AUDI_HCM_P2
ARR_001079,ST_EVO_AUDI_HCM,2026-08-14T07:05:30+07:00,0,0.0,served,ST_EVO_AUDI_HCM_P2
ARR_001080,ST_EVO_DEUTSCHES_HAUS,2026-08-14T08:19:38+07:00,0,0.0,served,ST_EVO_DEUTSCHES_HAUS_P1
ARR_001081,ST_EVO_AUDI_HCM,2026-08-14T08:22:31+07:00,0,0.0,served,ST_EVO_AUDI_HCM_P2
ARR_001082,ST_EVO_LAVIDA_Q7,2026-08-14T08:56:12+07:00,0,0.0,served,ST_EVO_LAVIDA_Q7_P1
ARR_001083,ST_EVO_AUDI_HCM,2026-08-14T09:02:08+07:00,0,0.0,served,ST_EVO_AUDI_HCM_P2
ARR_001084,ST_EVO_AUDI_HCM,2026-08-14T09:11:22+07:00,0,0.0,served,ST_EVO_AUDI_HCM_P3
ARR_001085,ST_EVO_AUDI_HCM,2026-08-14T09:24:37+07:00,0,0.0,served,ST_EVO_AUDI_HCM_P4
ARR_001086,ST_EVO_AUDI_HCM,2026-08-14T09:29:40+07:00,0,0.0,served,ST_EVO_AUDI_HCM_P2
ARR_001087,ST_EVO_DEUTSCHES_HAUS,2026-08-14T09:46:47+07:00,0,0.0,served,ST_EVO_DEUTSCHES_HAUS_P2
ARR_001088,ST_EVO_LAVIDA_Q7,2026-08-14T09:55:42+07:00,0,0.0,served,ST_EVO_LAVIDA_Q7_P1
ARR_001089,ST_EVO_DEUTSCHES_HAUS,2026-08-14T10:00:17+07:00,0,0.0,served,ST_EVO_DEUTSCHES_HAUS_P3
ARR_001090,ST_EVO_DEUTSCHES_HAUS,2026-08-14T10:00:49+07:00,0,0.0,served,ST_EVO_DEUTSCHES_HAUS_P4
ARR_001091,ST_EVO_AUDI_HCM,2026-08-14T10:10:50+07:00,0,7.42,served,ST_EVO_AUDI_HCM_P2
ARR_001092,ST_EVO_LAVIDA_Q7,2026-08-14T10:24:43+07:00,0,5.8,reneged,
ARR_001093,ST_EVO_AUDI_HCM,2026-08-14T10:29:19+07:00,0,7.9,reneged,
ARR_001094,ST_EVO_AUDI_HCM,2026-08-14T10:29:37+07:00,1,9.7,reneged,
ARR_001095,ST_EVO_AUDI_HCM,2026-08-14T10:32:38+07:00,2,15.8,reneged,
ARR_001096,ST_EVO_AUDI_HCM,2026-08-14T10:36:13+07:00,3,13.7,reneged,
ARR_001097,ST_EVO_AUDI_HCM,2026-08-14T10:41:35+07:00,2,19.7,reneged,
ARR_001098,ST_EVO_DEUTSCHES_HAUS,2026-08-14T11:01:44+07:00,0,18.9,reneged,
ARR_001099,ST_EVO_DEUTSCHES_HAUS,2026-08-14T11:05:30+07:00,1,15.52,served,ST_EVO_DEUTSCHES_HAUS_P4
ARR_001100,ST_EVO_DEUTSCHES_HAUS,2026-08-14T11:18:24+07:00,2,24.3,reneged,
ARR_001101,ST_EVO_DEUTSCHES_HAUS,2026-08-14T11:24:03+07:00,1,41.1,reneged,
ARR_001102,ST_EVO_DEUTSCHES_HAUS,2026-08-14T11:24:34+07:00,2,7.2,reneged,
ARR_001103,ST_EVO_AUDI_HCM,2026-08-14T11:25:09+07:00,0,0.0,served,ST_EVO_AUDI_HCM_P2
ARR_001104,ST_EVO_DEUTSCHES_HAUS,2026-08-14T11:26:14+07:00,3,20.4,reneged,
ARR_001105,ST_EVO_AUDI_HCM,2026-08-14T11:26:32+07:00,0,15.5,reneged,
ARR_001106,ST_EVO_DEUTSCHES_HAUS,2026-08-14T11:26:57+07:00,4,26.4,reneged,
ARR_001107,ST_EVO_DEUTSCHES_HAUS,2026-08-14T11:31:20+07:00,5,12.8,reneged,
ARR_001108,ST_EVO_AUDI_HCM,2026-08-14T11:31:21+07:00,1,21.4,reneged,
ARR_001109,ST_EVO_AUDI_HCM,2026-08-14T11:33:03+07:00,2,10.4,reneged,
ARR_001110,ST_EVO_DEUTSCHES_HAUS,2026-08-14T11:49:56+07:00,2,17.8,reneged,
ARR_001111,ST_EVO_AUDI_HCM,2026-08-14T11:50:16+07:00,1,8.07,served,ST_EVO_AUDI_HCM_P2
ARR_001112,ST_EVO_AUDI_HCM,2026-08-14T11:51:27+07:00,2,24.5,reneged,
ARR_001113,ST_EVO_DEUTSCHES_HAUS,2026-08-14T11:54:20+07:00,2,28.1,reneged,
ARR_001114,ST_EVO_AUDI_HCM,2026-08-14T12:02:21+07:00,1,22.1,reneged,
ARR_001115,ST_EVO_AUDI_HCM,2026-08-14T12:13:41+07:00,2,20.0,reneged,
ARR_001116,ST_EVO_DEUTSCHES_HAUS,2026-08-14T12:16:44+07:00,1,11.97,served,ST_EVO_DEUTSCHES_HAUS_P3
ARR_001117,ST_EVO_LAVIDA_Q7,2026-08-14T12:33:00+07:00,0,0.0,served,ST_EVO_LAVIDA_Q7_P1
ARR_001118,ST_EVO_LAVIDA_Q7,2026-08-14T12:38:22+07:00,0,34.6,reneged,
ARR_001119,ST_EVO_AUDI_HCM,2026-08-14T12:44:21+07:00,0,3.02,served,ST_EVO_AUDI_HCM_P2
ARR_001120,ST_EVO_AUDI_HCM,2026-08-14T12:46:24+07:00,1,15.8,reneged,
ARR_001121,ST_EVO_AUDI_HCM,2026-08-14T12:47:20+07:00,2,26.2,reneged,
ARR_001122,ST_EVO_DEUTSCHES_HAUS,2026-08-14T12:50:29+07:00,0,23.3,served,ST_EVO_DEUTSCHES_HAUS_P1
ARR_001123,ST_EVO_LAVIDA_Q7,2026-08-14T12:58:00+07:00,1,26.92,served,ST_EVO_LAVIDA_Q7_P1
ARR_001124,ST_EVO_AUDI_HCM,2026-08-14T12:59:31+07:00,2,14.2,reneged,
ARR_001125,ST_EVO_AUDI_HCM,2026-08-14T13:04:17+07:00,2,27.3,served,ST_EVO_AUDI_HCM_P2
ARR_001126,ST_EVO_AUDI_HCM,2026-08-14T13:11:18+07:00,3,18.4,reneged,
ARR_001127,ST_EVO_AUDI_HCM,2026-08-14T13:11:55+07:00,4,27.97,served,ST_EVO_AUDI_HCM_P3
ARR_001128,ST_EVO_LAVIDA_Q7,2026-08-14T13:16:46+07:00,1,32.3,reneged,
ARR_001129,ST_EVO_LAVIDA_Q7,2026-08-14T13:19:26+07:00,2,31.5,reneged,
ARR_001130,ST_EVO_AUDI_HCM,2026-08-14T13:20:01+07:00,3,16.7,reneged,
ARR_001131,ST_EVO_AUDI_HCM,2026-08-14T13:26:34+07:00,4,7.3,reneged,
ARR_001132,ST_EVO_AUDI_HCM,2026-08-14T13:42:01+07:00,0,6.8,served,ST_EVO_AUDI_HCM_P1
ARR_001133,ST_EVO_AUDI_HCM,2026-08-14T14:08:45+07:00,0,0.0,served,ST_EVO_AUDI_HCM_P2
ARR_001134,ST_EVO_DEUTSCHES_HAUS,2026-08-14T14:11:34+07:00,0,0.0,served,ST_EVO_DEUTSCHES_HAUS_P2
ARR_001135,ST_EVO_AUDI_HCM,2026-08-14T14:17:08+07:00,0,2.9,served,ST_EVO_AUDI_HCM_P1
ARR_001136,ST_EVO_AUDI_HCM,2026-08-14T14:26:12+07:00,0,15.23,served,ST_EVO_AUDI_HCM_P1
ARR_001137,ST_EVO_AUDI_HCM,2026-08-14T14:42:24+07:00,0,13.25,served,ST_EVO_AUDI_HCM_P2
ARR_001138,ST_EVO_DEUTSCHES_HAUS,2026-08-14T14:45:12+07:00,0,7.68,served,ST_EVO_DEUTSCHES_HAUS_P2
ARR_001139,ST_EVO_LAVIDA_Q7,2026-08-14T14:58:43+07:00,0,0.0,served,ST_EVO_LAVIDA_Q7_P1
ARR_001140,ST_EVO_LAVIDA_Q7,2026-08-14T15:31:12+07:00,0,0.0,served,ST_EVO_LAVIDA_Q7_P1
ARR_001141,ST_EVO_AUDI_HCM,2026-08-14T15:33:05+07:00,0,0.0,served,ST_EVO_AUDI_HCM_P1
ARR_001142,ST_EVO_AUDI_HCM,2026-08-14T15:37:11+07:00,0,0.0,served,ST_EVO_AUDI_HCM_P4
ARR_001143,ST_EVO_AUDI_HCM,2026-08-14T15:38:09+07:00,0,0.0,served,ST_EVO_AUDI_HCM_P2
ARR_001144,ST_EVO_AUDI_HCM,2026-08-14T15:44:26+07:00,0,9.8,reneged,
ARR_001145,ST_EVO_AUDI_HCM,2026-08-14T15:58:36+07:00,0,0.0,served,ST_EVO_AUDI_HCM_P1
ARR_001146,ST_EVO_DEUTSCHES_HAUS,2026-08-14T16:12:39+07:00,0,0.0,served,ST_EVO_DEUTSCHES_HAUS_P4
ARR_001147,ST_EVO_DEUTSCHES_HAUS,2026-08-14T16:21:11+07:00,0,14.7,reneged,
ARR_001148,ST_EVO_AUDI_HCM,2026-08-14T16:26:43+07:00,0,0.0,served,ST_EVO_AUDI_HCM_P2
ARR_001149,ST_EVO_AUDI_HCM,2026-08-14T16:33:51+07:00,0,10.05,served,ST_EVO_AUDI_HCM_P1
ARR_001150,ST_EVO_AUDI_HCM,2026-08-14T16:41:43+07:00,1,15.93,served,ST_EVO_AUDI_HCM_P2
ARR_001151,ST_EVO_AUDI_HCM,2026-08-14T16:45:10+07:00,1,24.1,reneged,
ARR_001152,ST_EVO_AUDI_HCM,2026-08-14T17:04:23+07:00,1,26.07,served,ST_EVO_AUDI_HCM_P2
ARR_001153,ST_EVO_AUDI_HCM,2026-08-14T17:09:39+07:00,1,24.2,reneged,
ARR_001154,ST_EVO_AUDI_HCM,2026-08-14T17:28:26+07:00,2,6.95,served,ST_EVO_AUDI_HCM_P1
ARR_001155,ST_EVO_LAVIDA_Q7,2026-08-14T17:36:15+07:00,0,0.0,served,ST_EVO_LAVIDA_Q7_P1
ARR_001156,ST_EVO_DEUTSCHES_HAUS,2026-08-14T17:48:52+07:00,0,0.0,served,ST_EVO_DEUTSCHES_HAUS_P1
ARR_001157,ST_EVO_DEUTSCHES_HAUS,2026-08-14T17:50:32+07:00,0,0.0,served,ST_EVO_DEUTSCHES_HAUS_P2
ARR_001158,ST_EVO_LAVIDA_Q7,2026-08-14T17:59:54+07:00,0,0.0,served,ST_EVO_LAVIDA_Q7_P1
ARR_001159,ST_EVO_DEUTSCHES_HAUS,2026-08-14T18:03:33+07:00,0,0.0,served,ST_EVO_DEUTSCHES_HAUS_P3
ARR_001160,ST_EVO_DEUTSCHES_HAUS,2026-08-14T18:08:24+07:00,0,26.7,reneged,
ARR_001161,ST_EVO_AUDI_HCM,2026-08-14T18:12:41+07:00,0,0.0,served,ST_EVO_AUDI_HCM_P2
ARR_001162,ST_EVO_LAVIDA_Q7,2026-08-14T18:16:41+07:00,0,9.43,served,ST_EVO_LAVIDA_Q7_P1
ARR_001163,ST_EVO_AUDI_HCM,2026-08-14T18:21:47+07:00,0,0.0,served,ST_EVO_AUDI_HCM_P3
ARR_001164,ST_EVO_AUDI_HCM,2026-08-14T18:23:55+07:00,0,0.0,served,ST_EVO_AUDI_HCM_P4
ARR_001165,ST_EVO_DEUTSCHES_HAUS,2026-08-14T18:26:38+07:00,1,26.6,reneged,
ARR_001166,ST_EVO_DEUTSCHES_HAUS,2026-08-14T18:40:02+07:00,1,7.8,reneged,
ARR_001167,ST_EVO_DEUTSCHES_HAUS,2026-08-14T18:56:59+07:00,0,40.6,reneged,
ARR_001168,ST_EVO_AUDI_HCM,2026-08-14T19:13:11+07:00,0,0.0,served,ST_EVO_AUDI_HCM_P1
ARR_001169,ST_EVO_DEUTSCHES_HAUS,2026-08-14T19:22:03+07:00,1,38.5,reneged,
ARR_001170,ST_EVO_LAVIDA_Q7,2026-08-14T19:41:33+07:00,0,0.0,served,ST_EVO_LAVIDA_Q7_P1
ARR_001171,ST_EVO_AUDI_HCM,2026-08-14T19:44:04+07:00,0,0.0,served,ST_EVO_AUDI_HCM_P2
ARR_001172,ST_EVO_DEUTSCHES_HAUS,2026-08-14T19:44:56+07:00,1,58.3,reneged,
ARR_001173,ST_EVO_AUDI_HCM,2026-08-14T20:07:52+07:00,0,0.0,served,ST_EVO_AUDI_HCM_P1
ARR_001174,ST_EVO_DEUTSCHES_HAUS,2026-08-14T20:09:35+07:00,1,22.1,reneged,
ARR_001175,ST_EVO_AUDI_HCM,2026-08-14T20:11:15+07:00,0,0.0,served,ST_EVO_AUDI_HCM_P3
ARR_001176,ST_EVO_AUDI_HCM,2026-08-14T20:29:01+07:00,0,0.0,served,ST_EVO_AUDI_HCM_P2
ARR_001177,ST_EVO_AUDI_HCM,2026-08-14T20:56:58+07:00,0,0.0,served,ST_EVO_AUDI_HCM_P1
ARR_001178,ST_EVO_AUDI_HCM,2026-08-14T20:59:12+07:00,0,0.0,served,ST_EVO_AUDI_HCM_P4
ARR_001179,ST_EVO_DEUTSCHES_HAUS,2026-08-14T21:06:48+07:00,0,0.0,served,ST_EVO_DEUTSCHES_HAUS_P2
ARR_001180,ST_EVO_LAVIDA_Q7,2026-08-14T21:37:32+07:00,0,0.0,served,ST_EVO_LAVIDA_Q7_P1
ARR_001181,ST_EVO_DEUTSCHES_HAUS,2026-08-14T21:47:38+07:00,0,0.0,served,ST_EVO_DEUTSCHES_HAUS_P3
ARR_001182,ST_EVO_DEUTSCHES_HAUS,2026-08-14T22:10:47+07:00,0,0.0,served,ST_EVO_DEUTSCHES_HAUS_P4
ARR_001183,ST_EVO_AUDI_HCM,2026-08-14T22:39:15+07:00,0,0.0,served,ST_EVO_AUDI_HCM_P1
ARR_001184,ST_EVO_AUDI_HCM,2026-08-14T22:57:05+07:00,0,0.0,served,ST_EVO_AUDI_HCM_P2
ARR_001185,ST_EVO_DEUTSCHES_HAUS,2026-08-14T23:37:28+07:00,0,9.4,reneged,
ARR_001186,ST_EVO_AUDI_HCM,2026-08-14T23:55:23+07:00,0,6.53,served,ST_EVO_AUDI_HCM_P3
ARR_001187,ST_EVO_AUDI_HCM,2026-08-15T05:35:45+07:00,0,0.0,served,ST_EVO_AUDI_HCM_P1
ARR_001188,ST_EVO_DEUTSCHES_HAUS,2026-08-15T05:50:39+07:00,0,0.0,served,ST_EVO_DEUTSCHES_HAUS_P2
ARR_001189,ST_EVO_LAVIDA_Q7,2026-08-15T06:24:56+07:00,0,0.0,served,ST_EVO_LAVIDA_Q7_P1
ARR_001190,ST_EVO_AUDI_HCM,2026-08-15T06:50:32+07:00,0,0.0,served,ST_EVO_AUDI_HCM_P1
ARR_001191,ST_EVO_LAVIDA_Q7,2026-08-15T07:16:22+07:00,0,0.0,served,ST_EVO_LAVIDA_Q7_P1
ARR_001192,ST_EVO_AUDI_HCM,2026-08-15T09:01:24+07:00,0,0.0,served,ST_EVO_AUDI_HCM_P1
ARR_001193,ST_EVO_AUDI_HCM,2026-08-15T09:43:05+07:00,0,0.0,served,ST_EVO_AUDI_HCM_P1
ARR_001194,ST_EVO_AUDI_HCM,2026-08-15T09:44:24+07:00,0,0.0,served,ST_EVO_AUDI_HCM_P2
ARR_001195,ST_EVO_AUDI_HCM,2026-08-15T10:16:16+07:00,0,0.0,served,ST_EVO_AUDI_HCM_P1
ARR_001196,ST_EVO_AUDI_HCM,2026-08-15T10:20:13+07:00,0,0.0,served,ST_EVO_AUDI_HCM_P2
ARR_001197,ST_EVO_AUDI_HCM,2026-08-15T10:25:03+07:00,0,0.0,served,ST_EVO_AUDI_HCM_P3
ARR_001198,ST_EVO_LAVIDA_Q7,2026-08-15T10:43:26+07:00,0,0.0,served,ST_EVO_LAVIDA_Q7_P1
ARR_001199,ST_EVO_AUDI_HCM,2026-08-15T11:19:44+07:00,0,0.0,served,ST_EVO_AUDI_HCM_P1
ARR_001200,ST_EVO_LAVIDA_Q7,2026-08-15T11:23:30+07:00,0,0.0,served,ST_EVO_LAVIDA_Q7_P1
ARR_001201,ST_EVO_DEUTSCHES_HAUS,2026-08-15T11:27:39+07:00,0,0.0,served,ST_EVO_DEUTSCHES_HAUS_P2
ARR_001202,ST_EVO_AUDI_HCM,2026-08-15T11:27:52+07:00,0,0.0,served,ST_EVO_AUDI_HCM_P2
ARR_001203,ST_EVO_AUDI_HCM,2026-08-15T11:43:58+07:00,0,0.0,served,ST_EVO_AUDI_HCM_P4
ARR_001204,ST_EVO_AUDI_HCM,2026-08-15T11:50:34+07:00,0,2.67,served,ST_EVO_AUDI_HCM_P1
ARR_001205,ST_EVO_AUDI_HCM,2026-08-15T11:57:13+07:00,0,9.05,served,ST_EVO_AUDI_HCM_P2
ARR_001206,ST_EVO_DEUTSCHES_HAUS,2026-08-15T11:59:25+07:00,0,0.0,served,ST_EVO_DEUTSCHES_HAUS_P3
ARR_001207,ST_EVO_DEUTSCHES_HAUS,2026-08-15T12:02:01+07:00,0,0.0,served,ST_EVO_DEUTSCHES_HAUS_P4
ARR_001208,ST_EVO_AUDI_HCM,2026-08-15T12:08:31+07:00,0,7.78,served,ST_EVO_AUDI_HCM_P1
ARR_001209,ST_EVO_AUDI_HCM,2026-08-15T12:13:48+07:00,1,15.8,reneged,
ARR_001210,ST_EVO_AUDI_HCM,2026-08-15T12:15:32+07:00,2,12.1,reneged,
ARR_001211,ST_EVO_DEUTSCHES_HAUS,2026-08-15T12:17:03+07:00,0,26.2,reneged,
ARR_001212,ST_EVO_DEUTSCHES_HAUS,2026-08-15T12:29:28+07:00,1,11.6,reneged,
ARR_001213,ST_EVO_DEUTSCHES_HAUS,2026-08-15T12:30:03+07:00,2,14.5,reneged,
ARR_001214,ST_EVO_DEUTSCHES_HAUS,2026-08-15T12:31:01+07:00,3,15.4,reneged,
ARR_001215,ST_EVO_DEUTSCHES_HAUS,2026-08-15T12:40:07+07:00,4,13.12,served,ST_EVO_DEUTSCHES_HAUS_P1
ARR_001216,ST_EVO_AUDI_HCM,2026-08-15T12:41:20+07:00,0,0.0,served,ST_EVO_AUDI_HCM_P1
ARR_001217,ST_EVO_LAVIDA_Q7,2026-08-15T12:52:15+07:00,0,0.0,served,ST_EVO_LAVIDA_Q7_P1
ARR_001218,ST_EVO_AUDI_HCM,2026-08-15T12:54:56+07:00,0,0.0,served,ST_EVO_AUDI_HCM_P2
ARR_001219,ST_EVO_AUDI_HCM,2026-08-15T13:01:20+07:00,0,21.63,served,ST_EVO_AUDI_HCM_P1
ARR_001220,ST_EVO_AUDI_HCM,2026-08-15T13:21:03+07:00,1,16.22,served,ST_EVO_AUDI_HCM_P2
ARR_001221,ST_EVO_DEUTSCHES_HAUS,2026-08-15T13:22:08+07:00,0,21.1,reneged,
ARR_001222,ST_EVO_DEUTSCHES_HAUS,2026-08-15T13:43:52+07:00,0,38.8,reneged,
ARR_001223,ST_EVO_DEUTSCHES_HAUS,2026-08-15T13:51:32+07:00,1,21.5,reneged,
ARR_001224,ST_EVO_DEUTSCHES_HAUS,2026-08-15T13:52:23+07:00,2,31.4,reneged,
ARR_001225,ST_EVO_DEUTSCHES_HAUS,2026-08-15T13:53:39+07:00,3,19.4,reneged,
ARR_001226,ST_EVO_AUDI_HCM,2026-08-15T14:02:21+07:00,0,7.05,served,ST_EVO_AUDI_HCM_P1
ARR_001227,ST_EVO_DEUTSCHES_HAUS,2026-08-15T14:02:38+07:00,4,14.9,reneged,
ARR_001228,ST_EVO_AUDI_HCM,2026-08-15T14:08:29+07:00,1,15.23,served,ST_EVO_AUDI_HCM_P2
ARR_001229,ST_EVO_LAVIDA_Q7,2026-08-15T14:36:17+07:00,0,0.0,served,ST_EVO_LAVIDA_Q7_P1
ARR_001230,ST_EVO_DEUTSCHES_HAUS,2026-08-15T14:49:49+07:00,0,0.0,served,ST_EVO_DEUTSCHES_HAUS_P4
ARR_001231,ST_EVO_DEUTSCHES_HAUS,2026-08-15T14:56:14+07:00,0,11.3,reneged,
ARR_001232,ST_EVO_AUDI_HCM,2026-08-15T15:20:33+07:00,0,0.0,served,ST_EVO_AUDI_HCM_P1
ARR_001233,ST_EVO_LAVIDA_Q7,2026-08-15T15:29:26+07:00,0,3.5,served,ST_EVO_LAVIDA_Q7_P1
ARR_001234,ST_EVO_AUDI_HCM,2026-08-15T16:14:21+07:00,0,0.0,served,ST_EVO_AUDI_HCM_P1
ARR_001235,ST_EVO_DEUTSCHES_HAUS,2026-08-15T16:16:00+07:00,0,6.2,reneged,
ARR_001236,ST_EVO_DEUTSCHES_HAUS,2026-08-15T16:17:37+07:00,1,50.37,served,ST_EVO_DEUTSCHES_HAUS_P3
ARR_001237,ST_EVO_AUDI_HCM,2026-08-15T16:19:19+07:00,0,0.0,served,ST_EVO_AUDI_HCM_P2
ARR_001238,ST_EVO_AUDI_HCM,2026-08-15T16:21:13+07:00,0,0.0,served,ST_EVO_AUDI_HCM_P4
ARR_001239,ST_EVO_AUDI_HCM,2026-08-15T16:43:56+07:00,0,0.0,served,ST_EVO_AUDI_HCM_P1
ARR_001240,ST_EVO_AUDI_HCM,2026-08-15T17:08:28+07:00,0,0.0,served,ST_EVO_AUDI_HCM_P2
ARR_001241,ST_EVO_DEUTSCHES_HAUS,2026-08-15T17:26:14+07:00,0,12.7,reneged,
ARR_001242,ST_EVO_AUDI_HCM,2026-08-15T17:30:25+07:00,0,7.72,served,ST_EVO_AUDI_HCM_P2
ARR_001243,ST_EVO_AUDI_HCM,2026-08-15T17:37:10+07:00,1,2.65,served,ST_EVO_AUDI_HCM_P3
ARR_001244,ST_EVO_LAVIDA_Q7,2026-08-15T18:10:46+07:00,0,0.0,served,ST_EVO_LAVIDA_Q7_P1
ARR_001245,ST_EVO_DEUTSCHES_HAUS,2026-08-15T18:13:02+07:00,0,0.0,served,ST_EVO_DEUTSCHES_HAUS_P1
ARR_001246,ST_EVO_AUDI_HCM,2026-08-15T18:17:02+07:00,0,10.5,served,ST_EVO_AUDI_HCM_P1
ARR_001247,ST_EVO_LAVIDA_Q7,2026-08-15T18:26:04+07:00,0,22.4,reneged,
ARR_001248,ST_EVO_AUDI_HCM,2026-08-15T18:26:33+07:00,1,25.4,reneged,
ARR_001249,ST_EVO_AUDI_HCM,2026-08-15T18:30:04+07:00,1,22.3,reneged,
ARR_001250,ST_EVO_DEUTSCHES_HAUS,2026-08-15T18:36:43+07:00,0,0.0,served,ST_EVO_DEUTSCHES_HAUS_P2
ARR_001251,ST_EVO_DEUTSCHES_HAUS,2026-08-15T18:42:38+07:00,0,0.0,served,ST_EVO_DEUTSCHES_HAUS_P3
ARR_001252,ST_EVO_AUDI_HCM,2026-08-15T18:51:24+07:00,2,12.63,served,ST_EVO_AUDI_HCM_P1
ARR_001253,ST_EVO_DEUTSCHES_HAUS,2026-08-15T19:00:55+07:00,0,5.8,reneged,
ARR_001254,ST_EVO_AUDI_HCM,2026-08-15T19:06:21+07:00,0,13.2,reneged,
ARR_001255,ST_EVO_AUDI_HCM,2026-08-15T19:24:00+07:00,0,12.37,served,ST_EVO_AUDI_HCM_P2
ARR_001256,ST_EVO_DEUTSCHES_HAUS,2026-08-15T19:53:02+07:00,0,15.9,reneged,
ARR_001257,ST_EVO_AUDI_HCM,2026-08-15T19:55:20+07:00,0,0.0,served,ST_EVO_AUDI_HCM_P3
ARR_001258,ST_EVO_AUDI_HCM,2026-08-15T19:56:31+07:00,0,0.0,served,ST_EVO_AUDI_HCM_P4
ARR_001259,ST_EVO_AUDI_HCM,2026-08-15T20:17:22+07:00,0,0.0,served,ST_EVO_AUDI_HCM_P2
ARR_001260,ST_EVO_DEUTSCHES_HAUS,2026-08-15T20:28:26+07:00,0,0.35,served,ST_EVO_DEUTSCHES_HAUS_P1
ARR_001261,ST_EVO_AUDI_HCM,2026-08-15T20:30:15+07:00,0,13.93,served,ST_EVO_AUDI_HCM_P1
ARR_001262,ST_EVO_LAVIDA_Q7,2026-08-15T20:37:31+07:00,0,0.0,served,ST_EVO_LAVIDA_Q7_P1
ARR_001263,ST_EVO_AUDI_HCM,2026-08-15T20:51:10+07:00,0,10.15,served,ST_EVO_AUDI_HCM_P2
ARR_001264,ST_EVO_DEUTSCHES_HAUS,2026-08-15T21:08:34+07:00,0,35.0,reneged,
ARR_001265,ST_EVO_LAVIDA_Q7,2026-08-15T21:43:56+07:00,0,0.0,served,ST_EVO_LAVIDA_Q7_P1
ARR_001266,ST_EVO_DEUTSCHES_HAUS,2026-08-15T22:10:38+07:00,0,0.0,served,ST_EVO_DEUTSCHES_HAUS_P2
ARR_001267,ST_EVO_LAVIDA_Q7,2026-08-15T22:13:00+07:00,0,36.9,reneged,
ARR_001268,ST_EVO_AUDI_HCM,2026-08-15T22:22:41+07:00,0,0.0,served,ST_EVO_AUDI_HCM_P1
ARR_001269,ST_EVO_DEUTSCHES_HAUS,2026-08-15T22:52:09+07:00,0,48.02,served,ST_EVO_DEUTSCHES_HAUS_P2
ARR_001270,ST_EVO_AUDI_HCM,2026-08-15T22:52:30+07:00,0,0.0,served,ST_EVO_AUDI_HCM_P1
ARR_001271,ST_EVO_AUDI_HCM,2026-08-16T00:48:22+07:00,0,0.0,served,ST_EVO_AUDI_HCM_P2
ARR_001272,ST_EVO_DEUTSCHES_HAUS,2026-08-16T04:38:36+07:00,0,0.0,served,ST_EVO_DEUTSCHES_HAUS_P2
ARR_001273,ST_EVO_LAVIDA_Q7,2026-08-16T04:41:56+07:00,0,0.0,served,ST_EVO_LAVIDA_Q7_P1
ARR_001274,ST_EVO_AUDI_HCM,2026-08-16T05:18:25+07:00,0,0.0,served,ST_EVO_AUDI_HCM_P1
ARR_001275,ST_EVO_AUDI_HCM,2026-08-16T06:00:07+07:00,0,0.0,served,ST_EVO_AUDI_HCM_P1
ARR_001276,ST_EVO_DEUTSCHES_HAUS,2026-08-16T07:09:49+07:00,0,0.0,served,ST_EVO_DEUTSCHES_HAUS_P1
ARR_001277,ST_EVO_LAVIDA_Q7,2026-08-16T07:38:15+07:00,0,0.0,served,ST_EVO_LAVIDA_Q7_P1
ARR_001278,ST_EVO_AUDI_HCM,2026-08-16T08:24:11+07:00,0,0.0,served,ST_EVO_AUDI_HCM_P1
ARR_001279,ST_EVO_DEUTSCHES_HAUS,2026-08-16T08:37:27+07:00,0,0.0,served,ST_EVO_DEUTSCHES_HAUS_P3
ARR_001280,ST_EVO_LAVIDA_Q7,2026-08-16T09:10:08+07:00,0,0.0,served,ST_EVO_LAVIDA_Q7_P1
ARR_001281,ST_EVO_DEUTSCHES_HAUS,2026-08-16T09:16:08+07:00,0,15.92,served,ST_EVO_DEUTSCHES_HAUS_P2
ARR_001282,ST_EVO_DEUTSCHES_HAUS,2026-08-16T09:19:44+07:00,1,17.22,served,ST_EVO_DEUTSCHES_HAUS_P1
ARR_001283,ST_EVO_DEUTSCHES_HAUS,2026-08-16T09:45:11+07:00,0,8.7,reneged,
ARR_001284,ST_EVO_LAVIDA_Q7,2026-08-16T10:00:25+07:00,0,0.0,served,ST_EVO_LAVIDA_Q7_P1
ARR_001285,ST_EVO_AUDI_HCM,2026-08-16T10:00:52+07:00,0,0.0,served,ST_EVO_AUDI_HCM_P1
ARR_001286,ST_EVO_AUDI_HCM,2026-08-16T10:07:21+07:00,0,0.0,served,ST_EVO_AUDI_HCM_P2
ARR_001287,ST_EVO_AUDI_HCM,2026-08-16T10:24:59+07:00,0,0.0,served,ST_EVO_AUDI_HCM_P3
ARR_001288,ST_EVO_AUDI_HCM,2026-08-16T11:06:32+07:00,0,0.0,served,ST_EVO_AUDI_HCM_P1
ARR_001289,ST_EVO_DEUTSCHES_HAUS,2026-08-16T11:10:16+07:00,0,0.0,served,ST_EVO_DEUTSCHES_HAUS_P1
ARR_001290,ST_EVO_LAVIDA_Q7,2026-08-16T11:14:35+07:00,0,0.0,served,ST_EVO_LAVIDA_Q7_P1
ARR_001291,ST_EVO_DEUTSCHES_HAUS,2026-08-16T11:31:49+07:00,0,19.5,reneged,
ARR_001292,ST_EVO_AUDI_HCM,2026-08-16T11:40:00+07:00,0,0.0,served,ST_EVO_AUDI_HCM_P2
ARR_001293,ST_EVO_LAVIDA_Q7,2026-08-16T11:49:06+07:00,0,3.33,served,ST_EVO_LAVIDA_Q7_P1
ARR_001294,ST_EVO_AUDI_HCM,2026-08-16T11:50:49+07:00,0,0.0,served,ST_EVO_AUDI_HCM_P4
ARR_001295,ST_EVO_DEUTSCHES_HAUS,2026-08-16T11:51:45+07:00,0,13.35,served,ST_EVO_DEUTSCHES_HAUS_P3
ARR_001296,ST_EVO_AUDI_HCM,2026-08-16T11:56:16+07:00,0,0.0,served,ST_EVO_AUDI_HCM_P2
ARR_001297,ST_EVO_AUDI_HCM,2026-08-16T12:03:27+07:00,0,15.0,reneged,
ARR_001298,ST_EVO_AUDI_HCM,2026-08-16T12:11:55+07:00,1,10.27,served,ST_EVO_AUDI_HCM_P2
ARR_001299,ST_EVO_AUDI_HCM,2026-08-16T12:15:48+07:00,2,11.8,reneged,
ARR_001300,ST_EVO_DEUTSCHES_HAUS,2026-08-16T12:18:37+07:00,0,33.9,reneged,
ARR_001301,ST_EVO_AUDI_HCM,2026-08-16T12:19:19+07:00,2,13.68,served,ST_EVO_AUDI_HCM_P1
ARR_001302,ST_EVO_AUDI_HCM,2026-08-16T12:20:41+07:00,3,36.7,reneged,
ARR_001303,ST_EVO_AUDI_HCM,2026-08-16T12:28:19+07:00,2,4.8,reneged,
ARR_001304,ST_EVO_AUDI_HCM,2026-08-16T12:30:58+07:00,3,45.78,served,ST_EVO_AUDI_HCM_P1
ARR_001305,ST_EVO_AUDI_HCM,2026-08-16T12:37:42+07:00,2,25.3,reneged,
ARR_001306,ST_EVO_DEUTSCHES_HAUS,2026-08-16T12:37:49+07:00,1,49.3,reneged,
ARR_001307,ST_EVO_AUDI_HCM,2026-08-16T12:43:13+07:00,3,17.5,reneged,
ARR_001308,ST_EVO_AUDI_HCM,2026-08-16T12:59:44+07:00,3,31.7,reneged,
ARR_001309,ST_EVO_AUDI_HCM,2026-08-16T13:04:28+07:00,2,15.0,reneged,
ARR_001310,ST_EVO_LAVIDA_Q7,2026-08-16T13:18:01+07:00,0,0.0,served,ST_EVO_LAVIDA_Q7_P1
ARR_001311,ST_EVO_LAVIDA_Q7,2026-08-16T13:21:39+07:00,0,22.5,reneged,
ARR_001312,ST_EVO_LAVIDA_Q7,2026-08-16T13:33:13+07:00,1,27.6,served,ST_EVO_LAVIDA_Q7_P1
ARR_001313,ST_EVO_DEUTSCHES_HAUS,2026-08-16T13:41:38+07:00,0,19.9,reneged,
ARR_001314,ST_EVO_DEUTSCHES_HAUS,2026-08-16T13:47:22+07:00,1,45.7,reneged,
ARR_001315,ST_EVO_LAVIDA_Q7,2026-08-16T14:19:38+07:00,0,25.62,served,ST_EVO_LAVIDA_Q7_P1
ARR_001316,ST_EVO_DEUTSCHES_HAUS,2026-08-16T14:42:14+07:00,0,0.0,served,ST_EVO_DEUTSCHES_HAUS_P4
ARR_001317,ST_EVO_AUDI_HCM,2026-08-16T14:48:35+07:00,0,0.0,served,ST_EVO_AUDI_HCM_P1
ARR_001318,ST_EVO_DEUTSCHES_HAUS,2026-08-16T15:02:11+07:00,0,15.88,served,ST_EVO_DEUTSCHES_HAUS_P3
ARR_001319,ST_EVO_AUDI_HCM,2026-08-16T15:04:38+07:00,0,0.0,served,ST_EVO_AUDI_HCM_P2
ARR_001320,ST_EVO_DEUTSCHES_HAUS,2026-08-16T15:04:49+07:00,1,22.15,served,ST_EVO_DEUTSCHES_HAUS_P1
ARR_001321,ST_EVO_LAVIDA_Q7,2026-08-16T15:10:08+07:00,0,27.3,served,ST_EVO_LAVIDA_Q7_P1
ARR_001322,ST_EVO_DEUTSCHES_HAUS,2026-08-16T15:12:33+07:00,2,69.2,reneged,
ARR_001323,ST_EVO_DEUTSCHES_HAUS,2026-08-16T15:32:13+07:00,1,20.6,reneged,
ARR_001324,ST_EVO_DEUTSCHES_HAUS,2026-08-16T15:38:14+07:00,2,25.5,reneged,
ARR_001325,ST_EVO_AUDI_HCM,2026-08-16T15:51:58+07:00,0,0.0,served,ST_EVO_AUDI_HCM_P1
ARR_001326,ST_EVO_AUDI_HCM,2026-08-16T15:59:24+07:00,0,0.0,served,ST_EVO_AUDI_HCM_P2
ARR_001327,ST_EVO_DEUTSCHES_HAUS,2026-08-16T15:59:55+07:00,2,10.1,reneged,
ARR_001328,ST_EVO_AUDI_HCM,2026-08-16T16:00:40+07:00,0,0.0,served,ST_EVO_AUDI_HCM_P3
ARR_001329,ST_EVO_AUDI_HCM,2026-08-16T16:24:44+07:00,0,0.0,served,ST_EVO_AUDI_HCM_P4
ARR_001330,ST_EVO_AUDI_HCM,2026-08-16T16:49:46+07:00,0,0.0,served,ST_EVO_AUDI_HCM_P1
ARR_001331,ST_EVO_DEUTSCHES_HAUS,2026-08-16T16:51:58+07:00,0,0.0,served,ST_EVO_DEUTSCHES_HAUS_P2
ARR_001332,ST_EVO_AUDI_HCM,2026-08-16T16:59:58+07:00,0,0.0,served,ST_EVO_AUDI_HCM_P2
ARR_001333,ST_EVO_AUDI_HCM,2026-08-16T17:01:30+07:00,0,14.47,served,ST_EVO_AUDI_HCM_P2
ARR_001334,ST_EVO_DEUTSCHES_HAUS,2026-08-16T17:02:05+07:00,0,34.9,reneged,
ARR_001335,ST_EVO_AUDI_HCM,2026-08-16T17:21:39+07:00,0,7.2,reneged,
ARR_001336,ST_EVO_AUDI_HCM,2026-08-16T17:23:44+07:00,1,13.22,served,ST_EVO_AUDI_HCM_P1
ARR_001337,ST_EVO_LAVIDA_Q7,2026-08-16T17:29:18+07:00,0,0.0,served,ST_EVO_LAVIDA_Q7_P1
ARR_001338,ST_EVO_AUDI_HCM,2026-08-16T17:47:21+07:00,0,8.08,served,ST_EVO_AUDI_HCM_P2
ARR_001339,ST_EVO_AUDI_HCM,2026-08-16T17:57:22+07:00,0,10.88,served,ST_EVO_AUDI_HCM_P1
ARR_001340,ST_EVO_AUDI_HCM,2026-08-16T18:18:13+07:00,0,10.7,reneged,
ARR_001341,ST_EVO_AUDI_HCM,2026-08-16T18:23:26+07:00,1,14.85,served,ST_EVO_AUDI_HCM_P1
ARR_001342,ST_EVO_DEUTSCHES_HAUS,2026-08-16T18:27:44+07:00,0,0.0,served,ST_EVO_DEUTSCHES_HAUS_P1
ARR_001343,ST_EVO_AUDI_HCM,2026-08-16T18:29:17+07:00,1,16.9,reneged,
ARR_001344,ST_EVO_AUDI_HCM,2026-08-16T18:42:24+07:00,1,9.3,reneged,
ARR_001345,ST_EVO_DEUTSCHES_HAUS,2026-08-16T18:47:13+07:00,0,9.9,reneged,
ARR_001346,ST_EVO_DEUTSCHES_HAUS,2026-08-16T18:56:48+07:00,1,2.15,served,ST_EVO_DEUTSCHES_HAUS_P2
ARR_001347,ST_EVO_AUDI_HCM,2026-08-16T18:58:02+07:00,0,3.23,served,ST_EVO_AUDI_HCM_P2
ARR_001348,ST_EVO_AUDI_HCM,2026-08-16T19:08:00+07:00,0,0.0,served,ST_EVO_AUDI_HCM_P1
ARR_001349,ST_EVO_AUDI_HCM,2026-08-16T19:28:18+07:00,0,0.0,served,ST_EVO_AUDI_HCM_P2
ARR_001350,ST_EVO_LAVIDA_Q7,2026-08-16T19:54:24+07:00,0,0.0,served,ST_EVO_LAVIDA_Q7_P1
ARR_001351,ST_EVO_LAVIDA_Q7,2026-08-16T20:08:33+07:00,0,14.6,reneged,
ARR_001352,ST_EVO_DEUTSCHES_HAUS,2026-08-16T20:41:33+07:00,0,0.0,served,ST_EVO_DEUTSCHES_HAUS_P4
ARR_001353,ST_EVO_AUDI_HCM,2026-08-16T20:54:06+07:00,0,0.0,served,ST_EVO_AUDI_HCM_P2
ARR_001354,ST_EVO_AUDI_HCM,2026-08-16T21:05:14+07:00,0,0.0,served,ST_EVO_AUDI_HCM_P1
ARR_001355,ST_EVO_AUDI_HCM,2026-08-16T21:19:42+07:00,0,0.0,served,ST_EVO_AUDI_HCM_P3
ARR_001356,ST_EVO_LAVIDA_Q7,2026-08-16T21:25:14+07:00,0,0.0,served,ST_EVO_LAVIDA_Q7_P1
ARR_001357,ST_EVO_AUDI_HCM,2026-08-16T21:29:23+07:00,0,0.0,served,ST_EVO_AUDI_HCM_P4
ARR_001358,ST_EVO_AUDI_HCM,2026-08-16T21:39:00+07:00,0,8.25,served,ST_EVO_AUDI_HCM_P2
ARR_001359,ST_EVO_AUDI_HCM,2026-08-16T21:49:29+07:00,0,8.57,served,ST_EVO_AUDI_HCM_P1
ARR_001360,ST_EVO_AUDI_HCM,2026-08-17T00:04:51+07:00,0,0.0,served,ST_EVO_AUDI_HCM_P1
ARR_001361,ST_EVO_AUDI_HCM,2026-08-17T00:37:57+07:00,0,0.0,served,ST_EVO_AUDI_HCM_P1
ARR_001362,ST_EVO_DEUTSCHES_HAUS,2026-08-17T04:31:11+07:00,0,0.0,served,ST_EVO_DEUTSCHES_HAUS_P1
ARR_001363,ST_EVO_LAVIDA_Q7,2026-08-17T06:49:38+07:00,0,0.0,served,ST_EVO_LAVIDA_Q7_P1
ARR_001364,ST_EVO_DEUTSCHES_HAUS,2026-08-17T07:07:25+07:00,0,0.0,served,ST_EVO_DEUTSCHES_HAUS_P2
ARR_001365,ST_EVO_AUDI_HCM,2026-08-17T07:44:17+07:00,0,0.0,served,ST_EVO_AUDI_HCM_P1
ARR_001366,ST_EVO_AUDI_HCM,2026-08-17T08:35:30+07:00,0,0.0,served,ST_EVO_AUDI_HCM_P1
ARR_001367,ST_EVO_AUDI_HCM,2026-08-17T08:43:34+07:00,0,0.0,served,ST_EVO_AUDI_HCM_P2
ARR_001368,ST_EVO_AUDI_HCM,2026-08-17T08:45:31+07:00,0,0.0,served,ST_EVO_AUDI_HCM_P3
ARR_001369,ST_EVO_LAVIDA_Q7,2026-08-17T09:37:56+07:00,0,0.0,served,ST_EVO_LAVIDA_Q7_P1
ARR_001370,ST_EVO_AUDI_HCM,2026-08-17T09:49:15+07:00,0,0.0,served,ST_EVO_AUDI_HCM_P1
ARR_001371,ST_EVO_DEUTSCHES_HAUS,2026-08-17T10:01:59+07:00,0,0.0,served,ST_EVO_DEUTSCHES_HAUS_P1
ARR_001372,ST_EVO_AUDI_HCM,2026-08-17T10:12:48+07:00,0,0.0,served,ST_EVO_AUDI_HCM_P1
ARR_001373,ST_EVO_AUDI_HCM,2026-08-17T10:29:13+07:00,0,0.0,served,ST_EVO_AUDI_HCM_P2
ARR_001374,ST_EVO_LAVIDA_Q7,2026-08-17T10:31:50+07:00,0,0.0,served,ST_EVO_LAVIDA_Q7_P1
ARR_001375,ST_EVO_AUDI_HCM,2026-08-17T10:49:00+07:00,0,0.0,served,ST_EVO_AUDI_HCM_P4
ARR_001376,ST_EVO_AUDI_HCM,2026-08-17T11:04:30+07:00,0,10.4,served,ST_EVO_AUDI_HCM_P1
ARR_001377,ST_EVO_AUDI_HCM,2026-08-17T11:19:33+07:00,0,17.23,served,ST_EVO_AUDI_HCM_P2
ARR_001378,ST_EVO_AUDI_HCM,2026-08-17T11:20:07+07:00,1,16.5,reneged,
ARR_001379,ST_EVO_LAVIDA_Q7,2026-08-17T11:22:18+07:00,0,0.0,served,ST_EVO_LAVIDA_Q7_P1
ARR_001380,ST_EVO_AUDI_HCM,2026-08-17T11:34:11+07:00,2,2.75,served,ST_EVO_AUDI_HCM_P3
ARR_001381,ST_EVO_AUDI_HCM,2026-08-17T11:36:23+07:00,3,23.1,reneged,
ARR_001382,ST_EVO_LAVIDA_Q7,2026-08-17T11:37:35+07:00,0,0.0,served,ST_EVO_LAVIDA_Q7_P1
ARR_001383,ST_EVO_AUDI_HCM,2026-08-17T11:37:59+07:00,1,10.4,reneged,
ARR_001384,ST_EVO_AUDI_HCM,2026-08-17T11:38:25+07:00,2,21.25,served,ST_EVO_AUDI_HCM_P1
ARR_001385,ST_EVO_DEUTSCHES_HAUS,2026-08-17T11:47:48+07:00,0,0.0,served,ST_EVO_DEUTSCHES_HAUS_P2
ARR_001386,ST_EVO_DEUTSCHES_HAUS,2026-08-17T11:48:43+07:00,0,0.0,served,ST_EVO_DEUTSCHES_HAUS_P3
ARR_001387,ST_EVO_AUDI_HCM,2026-08-17T11:55:24+07:00,2,10.05,served,ST_EVO_AUDI_HCM_P2
ARR_001388,ST_EVO_AUDI_HCM,2026-08-17T11:57:58+07:00,3,9.2,reneged,
ARR_001389,ST_EVO_AUDI_HCM,2026-08-17T12:03:09+07:00,2,17.33,served,ST_EVO_AUDI_HCM_P1
ARR_001390,ST_EVO_DEUTSCHES_HAUS,2026-08-17T12:07:28+07:00,0,0.0,served,ST_EVO_DEUTSCHES_HAUS_P4
ARR_001391,ST_EVO_DEUTSCHES_HAUS,2026-08-17T12:09:23+07:00,0,24.5,reneged,
ARR_001392,ST_EVO_AUDI_HCM,2026-08-17T12:14:21+07:00,1,27.48,served,ST_EVO_AUDI_HCM_P2
ARR_001393,ST_EVO_AUDI_HCM,2026-08-17T12:18:46+07:00,2,10.4,reneged,
ARR_001394,ST_EVO_AUDI_HCM,2026-08-17T12:28:32+07:00,2,3.7,reneged,
ARR_001395,ST_EVO_LAVIDA_Q7,2026-08-17T12:33:15+07:00,0,18.58,served,ST_EVO_LAVIDA_Q7_P1
ARR_001396,ST_EVO_DEUTSCHES_HAUS,2026-08-17T12:35:58+07:00,0,6.0,reneged,
ARR_001397,ST_EVO_AUDI_HCM,2026-08-17T12:35:59+07:00,1,18.13,served,ST_EVO_AUDI_HCM_P1
ARR_001398,ST_EVO_AUDI_HCM,2026-08-17T12:37:46+07:00,2,27.2,reneged,
ARR_001399,ST_EVO_LAVIDA_Q7,2026-08-17T12:49:35+07:00,1,14.6,reneged,
ARR_001400,ST_EVO_AUDI_HCM,2026-08-17T12:50:56+07:00,2,34.6,reneged,
ARR_001401,ST_EVO_AUDI_HCM,2026-08-17T12:51:35+07:00,3,15.4,reneged,
ARR_001402,ST_EVO_AUDI_HCM,2026-08-17T12:57:22+07:00,3,20.1,reneged,
ARR_001403,ST_EVO_DEUTSCHES_HAUS,2026-08-17T13:01:36+07:00,0,54.1,reneged,
ARR_001404,ST_EVO_AUDI_HCM,2026-08-17T13:20:25+07:00,1,19.67,served,ST_EVO_AUDI_HCM_P2
ARR_001405,ST_EVO_AUDI_HCM,2026-08-17T13:25:32+07:00,2,26.97,served,ST_EVO_AUDI_HCM_P1
ARR_001406,ST_EVO_AUDI_HCM,2026-08-17T13:28:17+07:00,2,17.3,reneged,
ARR_001407,ST_EVO_DEUTSCHES_HAUS,2026-08-17T13:28:52+07:00,1,8.8,reneged,
ARR_001408,ST_EVO_LAVIDA_Q7,2026-08-17T13:31:27+07:00,0,0.0,served,ST_EVO_LAVIDA_Q7_P1
ARR_001409,ST_EVO_LAVIDA_Q7,2026-08-17T13:33:53+07:00,0,13.27,served,ST_EVO_LAVIDA_Q7_P1
ARR_001410,ST_EVO_AUDI_HCM,2026-08-17T13:43:50+07:00,2,23.5,reneged,
ARR_001411,ST_EVO_DEUTSCHES_HAUS,2026-08-17T14:17:51+07:00,0,10.27,served,ST_EVO_DEUTSCHES_HAUS_P1
ARR_001412,ST_EVO_AUDI_HCM,2026-08-17T14:24:47+07:00,0,7.3,reneged,
ARR_001413,ST_EVO_AUDI_HCM,2026-08-17T14:29:49+07:00,1,11.42,served,ST_EVO_AUDI_HCM_P1
ARR_001414,ST_EVO_AUDI_HCM,2026-08-17T14:30:28+07:00,2,12.68,served,ST_EVO_AUDI_HCM_P2
ARR_001415,ST_EVO_DEUTSCHES_HAUS,2026-08-17T14:39:48+07:00,0,0.0,served,ST_EVO_DEUTSCHES_HAUS_P4
ARR_001416,ST_EVO_DEUTSCHES_HAUS,2026-08-17T15:24:45+07:00,0,15.38,served,ST_EVO_DEUTSCHES_HAUS_P3
ARR_001417,ST_EVO_AUDI_HCM,2026-08-17T16:06:44+07:00,0,0.0,served,ST_EVO_AUDI_HCM_P1
ARR_001418,ST_EVO_AUDI_HCM,2026-08-17T16:09:54+07:00,0,0.0,served,ST_EVO_AUDI_HCM_P2
ARR_001419,ST_EVO_AUDI_HCM,2026-08-17T16:33:29+07:00,0,0.0,served,ST_EVO_AUDI_HCM_P4
ARR_001420,ST_EVO_AUDI_HCM,2026-08-17T16:57:34+07:00,0,2.23,served,ST_EVO_AUDI_HCM_P3
ARR_001421,ST_EVO_AUDI_HCM,2026-08-17T16:57:57+07:00,1,2.93,served,ST_EVO_AUDI_HCM_P1
ARR_001422,ST_EVO_LAVIDA_Q7,2026-08-17T17:02:11+07:00,0,0.0,served,ST_EVO_LAVIDA_Q7_P1
ARR_001423,ST_EVO_DEUTSCHES_HAUS,2026-08-17T17:21:31+07:00,0,8.28,served,ST_EVO_DEUTSCHES_HAUS_P1
ARR_001424,ST_EVO_DEUTSCHES_HAUS,2026-08-17T17:28:16+07:00,1,26.3,reneged,
ARR_001425,ST_EVO_AUDI_HCM,2026-08-17T17:50:47+07:00,0,0.0,served,ST_EVO_AUDI_HCM_P1
ARR_001426,ST_EVO_DEUTSCHES_HAUS,2026-08-17T18:07:19+07:00,0,7.52,served,ST_EVO_DEUTSCHES_HAUS_P2
ARR_001427,ST_EVO_AUDI_HCM,2026-08-17T18:08:21+07:00,0,0.0,served,ST_EVO_AUDI_HCM_P1
ARR_001428,ST_EVO_LAVIDA_Q7,2026-08-17T18:33:18+07:00,0,0.0,served,ST_EVO_LAVIDA_Q7_P1
ARR_001429,ST_EVO_AUDI_HCM,2026-08-17T18:40:42+07:00,0,0.0,served,ST_EVO_AUDI_HCM_P2
ARR_001430,ST_EVO_AUDI_HCM,2026-08-17T18:47:13+07:00,0,20.62,served,ST_EVO_AUDI_HCM_P1
ARR_001431,ST_EVO_LAVIDA_Q7,2026-08-17T18:55:07+07:00,0,6.33,served,ST_EVO_LAVIDA_Q7_P1
ARR_001432,ST_EVO_DEUTSCHES_HAUS,2026-08-17T18:57:06+07:00,0,19.92,served,ST_EVO_DEUTSCHES_HAUS_P4
ARR_001433,ST_EVO_DEUTSCHES_HAUS,2026-08-17T18:57:28+07:00,1,14.7,reneged,
ARR_001434,ST_EVO_DEUTSCHES_HAUS,2026-08-17T18:58:31+07:00,2,51.8,served,ST_EVO_DEUTSCHES_HAUS_P3
ARR_001435,ST_EVO_AUDI_HCM,2026-08-17T19:11:33+07:00,0,16.17,served,ST_EVO_AUDI_HCM_P4
ARR_001436,ST_EVO_AUDI_HCM,2026-08-17T19:43:32+07:00,0,0.0,served,ST_EVO_AUDI_HCM_P2
ARR_001437,ST_EVO_AUDI_HCM,2026-08-17T19:50:37+07:00,0,0.12,served,ST_EVO_AUDI_HCM_P1
ARR_001438,ST_EVO_AUDI_HCM,2026-08-17T19:53:12+07:00,0,13.25,served,ST_EVO_AUDI_HCM_P2
ARR_001439,ST_EVO_AUDI_HCM,2026-08-17T20:09:33+07:00,0,18.58,served,ST_EVO_AUDI_HCM_P1
ARR_001440,ST_EVO_LAVIDA_Q7,2026-08-17T20:17:06+07:00,0,0.0,served,ST_EVO_LAVIDA_Q7_P1
ARR_001441,ST_EVO_AUDI_HCM,2026-08-17T21:24:57+07:00,0,0.0,served,ST_EVO_AUDI_HCM_P1
ARR_001442,ST_EVO_LAVIDA_Q7,2026-08-17T21:44:47+07:00,0,0.0,served,ST_EVO_LAVIDA_Q7_P1
ARR_001443,ST_EVO_AUDI_HCM,2026-08-17T22:01:51+07:00,0,0.0,served,ST_EVO_AUDI_HCM_P2
ARR_001444,ST_EVO_AUDI_HCM,2026-08-17T22:49:11+07:00,0,0.0,served,ST_EVO_AUDI_HCM_P1
ARR_001445,ST_EVO_LAVIDA_Q7,2026-08-17T23:54:50+07:00,0,0.0,served,ST_EVO_LAVIDA_Q7_P1
ARR_001446,ST_EVO_DEUTSCHES_HAUS,2026-08-17T23:56:51+07:00,0,0.0,served,ST_EVO_DEUTSCHES_HAUS_P1
ARR_001447,ST_EVO_LAVIDA_Q7,2026-08-18T00:20:19+07:00,0,18.4,reneged,
ARR_001448,ST_EVO_DEUTSCHES_HAUS,2026-08-18T01:48:10+07:00,0,0.0,served,ST_EVO_DEUTSCHES_HAUS_P2
ARR_001449,ST_EVO_AUDI_HCM,2026-08-18T05:32:46+07:00,0,0.0,served,ST_EVO_AUDI_HCM_P1
ARR_001450,ST_EVO_AUDI_HCM,2026-08-18T06:22:19+07:00,0,0.0,served,ST_EVO_AUDI_HCM_P2
ARR_001451,ST_EVO_DEUTSCHES_HAUS,2026-08-18T06:53:05+07:00,0,0.0,served,ST_EVO_DEUTSCHES_HAUS_P1
ARR_001452,ST_EVO_AUDI_HCM,2026-08-18T06:55:23+07:00,0,0.0,served,ST_EVO_AUDI_HCM_P2
ARR_001453,ST_EVO_LAVIDA_Q7,2026-08-18T07:37:10+07:00,0,0.0,served,ST_EVO_LAVIDA_Q7_P1
ARR_001454,ST_EVO_AUDI_HCM,2026-08-18T08:44:36+07:00,0,0.0,served,ST_EVO_AUDI_HCM_P1
ARR_001455,ST_EVO_LAVIDA_Q7,2026-08-18T09:33:55+07:00,0,0.0,served,ST_EVO_LAVIDA_Q7_P1
ARR_001456,ST_EVO_AUDI_HCM,2026-08-18T10:08:42+07:00,0,0.0,served,ST_EVO_AUDI_HCM_P1
ARR_001457,ST_EVO_AUDI_HCM,2026-08-18T10:14:03+07:00,0,0.0,served,ST_EVO_AUDI_HCM_P2
ARR_001458,ST_EVO_LAVIDA_Q7,2026-08-18T10:21:25+07:00,0,0.0,served,ST_EVO_LAVIDA_Q7_P1
ARR_001459,ST_EVO_DEUTSCHES_HAUS,2026-08-18T10:32:22+07:00,0,0.0,served,ST_EVO_DEUTSCHES_HAUS_P1
ARR_001460,ST_EVO_DEUTSCHES_HAUS,2026-08-18T10:37:22+07:00,0,0.0,served,ST_EVO_DEUTSCHES_HAUS_P2
ARR_001461,ST_EVO_AUDI_HCM,2026-08-18T10:40:08+07:00,0,0.0,served,ST_EVO_AUDI_HCM_P3
ARR_001462,ST_EVO_AUDI_HCM,2026-08-18T10:51:44+07:00,0,0.0,served,ST_EVO_AUDI_HCM_P1
ARR_001463,ST_EVO_AUDI_HCM,2026-08-18T10:57:11+07:00,0,0.0,served,ST_EVO_AUDI_HCM_P2
ARR_001464,ST_EVO_AUDI_HCM,2026-08-18T11:05:05+07:00,0,0.0,served,ST_EVO_AUDI_HCM_P4
ARR_001465,ST_EVO_DEUTSCHES_HAUS,2026-08-18T11:08:09+07:00,0,0.0,served,ST_EVO_DEUTSCHES_HAUS_P3
ARR_001466,ST_EVO_DEUTSCHES_HAUS,2026-08-18T11:27:10+07:00,0,0.0,served,ST_EVO_DEUTSCHES_HAUS_P4
ARR_001467,ST_EVO_AUDI_HCM,2026-08-18T11:38:58+07:00,0,0.0,served,ST_EVO_AUDI_HCM_P1
ARR_001468,ST_EVO_LAVIDA_Q7,2026-08-18T11:47:14+07:00,0,0.0,served,ST_EVO_LAVIDA_Q7_P1
ARR_001469,ST_EVO_DEUTSCHES_HAUS,2026-08-18T11:49:46+07:00,0,18.28,served,ST_EVO_DEUTSCHES_HAUS_P3
ARR_001470,ST_EVO_AUDI_HCM,2026-08-18T12:02:24+07:00,0,0.0,served,ST_EVO_AUDI_HCM_P2
ARR_001471,ST_EVO_AUDI_HCM,2026-08-18T12:10:12+07:00,0,17.3,reneged,
ARR_001472,ST_EVO_DEUTSCHES_HAUS,2026-08-18T12:32:38+07:00,0,0.0,served,ST_EVO_DEUTSCHES_HAUS_P3
ARR_001473,ST_EVO_LAVIDA_Q7,2026-08-18T12:36:41+07:00,0,0.0,served,ST_EVO_LAVIDA_Q7_P1
ARR_001474,ST_EVO_DEUTSCHES_HAUS,2026-08-18T12:41:04+07:00,0,0.0,served,ST_EVO_DEUTSCHES_HAUS_P2
ARR_001475,ST_EVO_LAVIDA_Q7,2026-08-18T13:01:18+07:00,0,13.0,served,ST_EVO_LAVIDA_Q7_P1
ARR_001476,ST_EVO_AUDI_HCM,2026-08-18T13:21:52+07:00,0,0.0,served,ST_EVO_AUDI_HCM_P1
ARR_001477,ST_EVO_DEUTSCHES_HAUS,2026-08-18T13:32:21+07:00,0,9.9,reneged,
ARR_001478,ST_EVO_AUDI_HCM,2026-08-18T13:49:51+07:00,0,0.0,served,ST_EVO_AUDI_HCM_P1
ARR_001479,ST_EVO_LAVIDA_Q7,2026-08-18T14:30:12+07:00,0,0.0,served,ST_EVO_LAVIDA_Q7_P1
ARR_001480,ST_EVO_AUDI_HCM,2026-08-18T14:33:25+07:00,0,0.0,served,ST_EVO_AUDI_HCM_P1
ARR_001481,ST_EVO_LAVIDA_Q7,2026-08-18T14:35:07+07:00,0,17.6,reneged,
ARR_001482,ST_EVO_DEUTSCHES_HAUS,2026-08-18T14:42:24+07:00,0,0.0,served,ST_EVO_DEUTSCHES_HAUS_P2
ARR_001483,ST_EVO_DEUTSCHES_HAUS,2026-08-18T14:48:21+07:00,0,0.0,served,ST_EVO_DEUTSCHES_HAUS_P3
ARR_001484,ST_EVO_DEUTSCHES_HAUS,2026-08-18T14:58:58+07:00,0,22.8,reneged,
ARR_001485,ST_EVO_DEUTSCHES_HAUS,2026-08-18T15:43:00+07:00,0,51.1,reneged,
ARR_001486,ST_EVO_LAVIDA_Q7,2026-08-18T15:47:33+07:00,0,0.0,served,ST_EVO_LAVIDA_Q7_P1
ARR_001487,ST_EVO_AUDI_HCM,2026-08-18T16:05:35+07:00,0,0.0,served,ST_EVO_AUDI_HCM_P1
ARR_001488,ST_EVO_DEUTSCHES_HAUS,2026-08-18T16:26:29+07:00,1,22.1,reneged,
ARR_001489,ST_EVO_DEUTSCHES_HAUS,2026-08-18T16:30:00+07:00,2,18.1,reneged,
ARR_001490,ST_EVO_AUDI_HCM,2026-08-18T16:36:23+07:00,0,0.0,served,ST_EVO_AUDI_HCM_P2
ARR_001491,ST_EVO_AUDI_HCM,2026-08-18T16:54:11+07:00,0,0.0,served,ST_EVO_AUDI_HCM_P1
ARR_001492,ST_EVO_DEUTSCHES_HAUS,2026-08-18T17:14:33+07:00,0,19.63,served,ST_EVO_DEUTSCHES_HAUS_P1
ARR_001493,ST_EVO_LAVIDA_Q7,2026-08-18T17:19:23+07:00,0,0.0,served,ST_EVO_LAVIDA_Q7_P1
ARR_001494,ST_EVO_LAVIDA_Q7,2026-08-18T17:19:46+07:00,0,17.6,reneged,
ARR_001495,ST_EVO_LAVIDA_Q7,2026-08-18T17:25:05+07:00,1,20.2,reneged,
ARR_001496,ST_EVO_AUDI_HCM,2026-08-18T17:46:08+07:00,0,0.0,served,ST_EVO_AUDI_HCM_P1
ARR_001497,ST_EVO_AUDI_HCM,2026-08-18T17:54:54+07:00,0,0.0,served,ST_EVO_AUDI_HCM_P2
ARR_001498,ST_EVO_AUDI_HCM,2026-08-18T18:24:24+07:00,0,0.0,served,ST_EVO_AUDI_HCM_P2
ARR_001499,ST_EVO_AUDI_HCM,2026-08-18T18:29:25+07:00,0,0.0,served,ST_EVO_AUDI_HCM_P3
ARR_001500,ST_EVO_DEUTSCHES_HAUS,2026-08-18T18:30:39+07:00,0,0.0,served,ST_EVO_DEUTSCHES_HAUS_P2
ARR_001501,ST_EVO_AUDI_HCM,2026-08-18T18:52:41+07:00,0,0.0,served,ST_EVO_AUDI_HCM_P1
ARR_001502,ST_EVO_AUDI_HCM,2026-08-18T18:55:01+07:00,0,0.0,served,ST_EVO_AUDI_HCM_P4
ARR_001503,ST_EVO_DEUTSCHES_HAUS,2026-08-18T18:59:02+07:00,0,19.6,reneged,
ARR_001504,ST_EVO_DEUTSCHES_HAUS,2026-08-18T18:59:50+07:00,1,12.5,reneged,
ARR_001505,ST_EVO_DEUTSCHES_HAUS,2026-08-18T19:08:58+07:00,2,18.13,served,ST_EVO_DEUTSCHES_HAUS_P4
ARR_001506,ST_EVO_AUDI_HCM,2026-08-18T19:23:51+07:00,0,0.0,served,ST_EVO_AUDI_HCM_P2
ARR_001507,ST_EVO_AUDI_HCM,2026-08-18T19:29:49+07:00,0,1.52,served,ST_EVO_AUDI_HCM_P2
ARR_001508,ST_EVO_DEUTSCHES_HAUS,2026-08-18T19:54:44+07:00,0,16.5,reneged,
ARR_001509,ST_EVO_AUDI_HCM,2026-08-18T19:57:34+07:00,0,0.0,served,ST_EVO_AUDI_HCM_P2
ARR_001510,ST_EVO_LAVIDA_Q7,2026-08-18T20:15:03+07:00,0,0.0,served,ST_EVO_LAVIDA_Q7_P1
ARR_001511,ST_EVO_DEUTSCHES_HAUS,2026-08-18T20:23:08+07:00,0,3.23,served,ST_EVO_DEUTSCHES_HAUS_P3
ARR_001512,ST_EVO_AUDI_HCM,2026-08-18T20:28:52+07:00,0,7.78,served,ST_EVO_AUDI_HCM_P1
ARR_001513,ST_EVO_DEUTSCHES_HAUS,2026-08-18T20:44:50+07:00,0,47.73,served,ST_EVO_DEUTSCHES_HAUS_P1
ARR_001514,ST_EVO_AUDI_HCM,2026-08-18T21:57:25+07:00,0,0.0,served,ST_EVO_AUDI_HCM_P1
ARR_001515,ST_EVO_AUDI_HCM,2026-08-18T22:47:26+07:00,0,0.0,served,ST_EVO_AUDI_HCM_P2
ARR_001516,ST_EVO_DEUTSCHES_HAUS,2026-08-18T23:42:27+07:00,0,0.0,served,ST_EVO_DEUTSCHES_HAUS_P2
ARR_001517,ST_EVO_DEUTSCHES_HAUS,2026-08-19T06:04:21+07:00,0,0.0,served,ST_EVO_DEUTSCHES_HAUS_P1
ARR_001518,ST_EVO_AUDI_HCM,2026-08-19T07:08:22+07:00,0,0.0,served,ST_EVO_AUDI_HCM_P1
ARR_001519,ST_EVO_AUDI_HCM,2026-08-19T08:14:38+07:00,0,0.0,served,ST_EVO_AUDI_HCM_P1
ARR_001520,ST_EVO_AUDI_HCM,2026-08-19T08:47:30+07:00,0,0.0,served,ST_EVO_AUDI_HCM_P1
ARR_001521,ST_EVO_LAVIDA_Q7,2026-08-19T09:15:44+07:00,0,0.0,served,ST_EVO_LAVIDA_Q7_P1
ARR_001522,ST_EVO_DEUTSCHES_HAUS,2026-08-19T09:35:11+07:00,0,0.0,served,ST_EVO_DEUTSCHES_HAUS_P1
ARR_001523,ST_EVO_DEUTSCHES_HAUS,2026-08-19T10:10:01+07:00,0,0.0,served,ST_EVO_DEUTSCHES_HAUS_P2
ARR_001524,ST_EVO_AUDI_HCM,2026-08-19T10:19:57+07:00,0,0.0,served,ST_EVO_AUDI_HCM_P1
ARR_001525,ST_EVO_AUDI_HCM,2026-08-19T10:43:08+07:00,0,0.0,served,ST_EVO_AUDI_HCM_P2
ARR_001526,ST_EVO_AUDI_HCM,2026-08-19T10:49:10+07:00,0,0.0,served,ST_EVO_AUDI_HCM_P3
ARR_001527,ST_EVO_AUDI_HCM,2026-08-19T10:49:57+07:00,0,0.0,served,ST_EVO_AUDI_HCM_P4
ARR_001528,ST_EVO_LAVIDA_Q7,2026-08-19T10:59:19+07:00,0,0.0,served,ST_EVO_LAVIDA_Q7_P1
ARR_001529,ST_EVO_DEUTSCHES_HAUS,2026-08-19T11:07:49+07:00,0,0.0,served,ST_EVO_DEUTSCHES_HAUS_P3
ARR_001530,ST_EVO_AUDI_HCM,2026-08-19T11:16:02+07:00,0,0.0,served,ST_EVO_AUDI_HCM_P1
ARR_001531,ST_EVO_LAVIDA_Q7,2026-08-19T11:27:53+07:00,0,0.0,served,ST_EVO_LAVIDA_Q7_P1
ARR_001532,ST_EVO_LAVIDA_Q7,2026-08-19T11:37:58+07:00,0,13.2,reneged,
ARR_001533,ST_EVO_AUDI_HCM,2026-08-19T11:44:20+07:00,0,0.0,served,ST_EVO_AUDI_HCM_P2
ARR_001534,ST_EVO_AUDI_HCM,2026-08-19T11:45:55+07:00,0,15.27,served,ST_EVO_AUDI_HCM_P1
ARR_001535,ST_EVO_AUDI_HCM,2026-08-19T12:05:39+07:00,0,16.0,reneged,
ARR_001536,ST_EVO_AUDI_HCM,2026-08-19T12:09:25+07:00,1,18.27,served,ST_EVO_AUDI_HCM_P2
ARR_001537,ST_EVO_AUDI_HCM,2026-08-19T12:17:58+07:00,2,19.6,reneged,
ARR_001538,ST_EVO_AUDI_HCM,2026-08-19T12:25:13+07:00,2,19.38,served,ST_EVO_AUDI_HCM_P1
ARR_001539,ST_EVO_LAVIDA_Q7,2026-08-19T12:27:44+07:00,0,0.0,served,ST_EVO_LAVIDA_Q7_P1
ARR_001540,ST_EVO_AUDI_HCM,2026-08-19T12:34:56+07:00,2,35.92,served,ST_EVO_AUDI_HCM_P2
ARR_001541,ST_EVO_DEUTSCHES_HAUS,2026-08-19T12:35:07+07:00,0,0.0,served,ST_EVO_DEUTSCHES_HAUS_P2
ARR_001542,ST_EVO_LAVIDA_Q7,2026-08-19T12:36:26+07:00,0,18.22,served,ST_EVO_LAVIDA_Q7_P1
ARR_001543,ST_EVO_AUDI_HCM,2026-08-19T12:46:58+07:00,1,45.7,served,ST_EVO_AUDI_HCM_P4
ARR_001544,ST_EVO_AUDI_HCM,2026-08-19T12:47:03+07:00,2,12.2,reneged,
ARR_001545,ST_EVO_AUDI_HCM,2026-08-19T13:11:19+07:00,1,10.1,reneged,
ARR_001546,ST_EVO_DEUTSCHES_HAUS,2026-08-19T13:14:15+07:00,0,0.0,served,ST_EVO_DEUTSCHES_HAUS_P4
ARR_001547,ST_EVO_DEUTSCHES_HAUS,2026-08-19T13:15:42+07:00,0,14.4,reneged,
ARR_001548,ST_EVO_DEUTSCHES_HAUS,2026-08-19T13:34:09+07:00,0,2.7,served,ST_EVO_DEUTSCHES_HAUS_P3
ARR_001549,ST_EVO_DEUTSCHES_HAUS,2026-08-19T13:50:12+07:00,0,20.38,served,ST_EVO_DEUTSCHES_HAUS_P1
ARR_001550,ST_EVO_DEUTSCHES_HAUS,2026-08-19T13:53:03+07:00,1,12.8,reneged,
ARR_001551,ST_EVO_AUDI_HCM,2026-08-19T13:56:58+07:00,0,0.0,served,ST_EVO_AUDI_HCM_P2
ARR_001552,ST_EVO_AUDI_HCM,2026-08-19T14:00:44+07:00,0,12.2,reneged,
ARR_001553,ST_EVO_AUDI_HCM,2026-08-19T14:20:57+07:00,0,0.0,served,ST_EVO_AUDI_HCM_P1
ARR_001554,ST_EVO_AUDI_HCM,2026-08-19T14:27:51+07:00,0,0.0,served,ST_EVO_AUDI_HCM_P2
ARR_001555,ST_EVO_LAVIDA_Q7,2026-08-19T15:09:12+07:00,0,0.0,served,ST_EVO_LAVIDA_Q7_P1
ARR_001556,ST_EVO_AUDI_HCM,2026-08-19T15:16:40+07:00,0,0.0,served,ST_EVO_AUDI_HCM_P1
ARR_001557,ST_EVO_DEUTSCHES_HAUS,2026-08-19T15:34:57+07:00,0,1.47,served,ST_EVO_DEUTSCHES_HAUS_P4
ARR_001558,ST_EVO_AUDI_HCM,2026-08-19T15:42:11+07:00,0,0.0,served,ST_EVO_AUDI_HCM_P2
ARR_001559,ST_EVO_AUDI_HCM,2026-08-19T15:59:52+07:00,0,0.0,served,ST_EVO_AUDI_HCM_P1
ARR_001560,ST_EVO_AUDI_HCM,2026-08-19T16:09:49+07:00,0,0.0,served,ST_EVO_AUDI_HCM_P3
ARR_001561,ST_EVO_AUDI_HCM,2026-08-19T16:26:24+07:00,0,0.0,served,ST_EVO_AUDI_HCM_P1
ARR_001562,ST_EVO_AUDI_HCM,2026-08-19T16:56:07+07:00,0,0.0,served,ST_EVO_AUDI_HCM_P2
ARR_001563,ST_EVO_AUDI_HCM,2026-08-19T17:13:52+07:00,0,0.0,served,ST_EVO_AUDI_HCM_P4
ARR_001564,ST_EVO_AUDI_HCM,2026-08-19T17:14:55+07:00,0,7.22,served,ST_EVO_AUDI_HCM_P1
ARR_001565,ST_EVO_AUDI_HCM,2026-08-19T17:21:04+07:00,1,4.53,served,ST_EVO_AUDI_HCM_P2
ARR_001566,ST_EVO_AUDI_HCM,2026-08-19T17:29:49+07:00,0,11.2,reneged,
ARR_001567,ST_EVO_DEUTSCHES_HAUS,2026-08-19T17:53:44+07:00,0,0.0,served,ST_EVO_DEUTSCHES_HAUS_P3
ARR_001568,ST_EVO_AUDI_HCM,2026-08-19T17:54:51+07:00,0,0.0,served,ST_EVO_AUDI_HCM_P2
ARR_001569,ST_EVO_AUDI_HCM,2026-08-19T17:59:12+07:00,0,8.92,served,ST_EVO_AUDI_HCM_P1
ARR_001570,ST_EVO_AUDI_HCM,2026-08-19T18:22:21+07:00,0,0.0,served,ST_EVO_AUDI_HCM_P2
ARR_001571,ST_EVO_AUDI_HCM,2026-08-19T18:29:00+07:00,0,0.0,served,ST_EVO_AUDI_HCM_P3
ARR_001572,ST_EVO_LAVIDA_Q7,2026-08-19T18:32:49+07:00,0,0.0,served,ST_EVO_LAVIDA_Q7_P1
ARR_001573,ST_EVO_AUDI_HCM,2026-08-19T18:39:58+07:00,0,0.0,served,ST_EVO_AUDI_HCM_P4
ARR_001574,ST_EVO_DEUTSCHES_HAUS,2026-08-19T18:55:46+07:00,0,0.0,served,ST_EVO_DEUTSCHES_HAUS_P1
ARR_001575,ST_EVO_AUDI_HCM,2026-08-19T19:03:42+07:00,0,0.0,served,ST_EVO_AUDI_HCM_P1
ARR_001576,ST_EVO_AUDI_HCM,2026-08-19T19:03:53+07:00,0,13.25,served,ST_EVO_AUDI_HCM_P1
ARR_001577,ST_EVO_AUDI_HCM,2026-08-19T19:12:23+07:00,1,21.53,served,ST_EVO_AUDI_HCM_P2
ARR_001578,ST_EVO_AUDI_HCM,2026-08-19T19:19:54+07:00,1,15.47,served,ST_EVO_AUDI_HCM_P4
ARR_001579,ST_EVO_AUDI_HCM,2026-08-19T19:36:23+07:00,0,0.23,served,ST_EVO_AUDI_HCM_P1
ARR_001580,ST_EVO_DEUTSCHES_HAUS,2026-08-19T19:47:42+07:00,0,0.0,served,ST_EVO_DEUTSCHES_HAUS_P2
ARR_001581,ST_EVO_AUDI_HCM,2026-08-19T19:53:53+07:00,0,13.7,reneged,
ARR_001582,ST_EVO_AUDI_HCM,2026-08-19T19:57:50+07:00,1,12.1,reneged,
ARR_001583,ST_EVO_LAVIDA_Q7,2026-08-19T19:59:58+07:00,0,0.0,served,ST_EVO_LAVIDA_Q7_P1
ARR_001584,ST_EVO_DEUTSCHES_HAUS,2026-08-19T20:21:38+07:00,0,0.0,served,ST_EVO_DEUTSCHES_HAUS_P3
ARR_001585,ST_EVO_AUDI_HCM,2026-08-19T20:23:41+07:00,0,0.0,served,ST_EVO_AUDI_HCM_P2
ARR_001586,ST_EVO_DEUTSCHES_HAUS,2026-08-19T20:29:35+07:00,0,0.0,served,ST_EVO_DEUTSCHES_HAUS_P4
ARR_001587,ST_EVO_LAVIDA_Q7,2026-08-19T20:37:45+07:00,0,18.65,served,ST_EVO_LAVIDA_Q7_P1
ARR_001588,ST_EVO_AUDI_HCM,2026-08-19T20:54:50+07:00,0,0.0,served,ST_EVO_AUDI_HCM_P2
ARR_001589,ST_EVO_AUDI_HCM,2026-08-19T21:09:45+07:00,0,14.78,served,ST_EVO_AUDI_HCM_P1
ARR_001590,ST_EVO_AUDI_HCM,2026-08-19T21:18:07+07:00,1,28.2,served,ST_EVO_AUDI_HCM_P2
ARR_001591,ST_EVO_AUDI_HCM,2026-08-19T21:23:32+07:00,2,12.9,reneged,
ARR_001592,ST_EVO_DEUTSCHES_HAUS,2026-08-19T21:32:03+07:00,0,7.3,reneged,
ARR_001593,ST_EVO_AUDI_HCM,2026-08-19T21:45:47+07:00,1,3.47,served,ST_EVO_AUDI_HCM_P1
ARR_001594,ST_EVO_AUDI_HCM,2026-08-20T01:42:17+07:00,0,0.0,served,ST_EVO_AUDI_HCM_P1
ARR_001595,ST_EVO_AUDI_HCM,2026-08-20T03:53:28+07:00,0,0.0,served,ST_EVO_AUDI_HCM_P1
ARR_001596,ST_EVO_LAVIDA_Q7,2026-08-20T08:04:09+07:00,0,0.0,served,ST_EVO_LAVIDA_Q7_P1
ARR_001597,ST_EVO_AUDI_HCM,2026-08-20T08:09:57+07:00,0,0.0,served,ST_EVO_AUDI_HCM_P2
ARR_001598,ST_EVO_AUDI_HCM,2026-08-20T08:36:46+07:00,0,0.0,served,ST_EVO_AUDI_HCM_P3
ARR_001599,ST_EVO_AUDI_HCM,2026-08-20T08:45:05+07:00,0,0.0,served,ST_EVO_AUDI_HCM_P4
ARR_001600,ST_EVO_AUDI_HCM,2026-08-20T08:47:10+07:00,0,13.98,served,ST_EVO_AUDI_HCM_P2
ARR_001601,ST_EVO_LAVIDA_Q7,2026-08-20T08:53:12+07:00,0,0.0,served,ST_EVO_LAVIDA_Q7_P1
ARR_001602,ST_EVO_AUDI_HCM,2026-08-20T09:14:31+07:00,0,23.2,reneged,
ARR_001603,ST_EVO_LAVIDA_Q7,2026-08-20T09:14:35+07:00,0,12.08,served,ST_EVO_LAVIDA_Q7_P1
ARR_001604,ST_EVO_LAVIDA_Q7,2026-08-20T09:34:31+07:00,0,14.0,reneged,
ARR_001605,ST_EVO_DEUTSCHES_HAUS,2026-08-20T09:35:34+07:00,0,0.0,served,ST_EVO_DEUTSCHES_HAUS_P1
ARR_001606,ST_EVO_DEUTSCHES_HAUS,2026-08-20T09:36:38+07:00,0,0.0,served,ST_EVO_DEUTSCHES_HAUS_P2
ARR_001607,ST_EVO_LAVIDA_Q7,2026-08-20T09:50:42+07:00,0,11.0,reneged,
ARR_001608,ST_EVO_AUDI_HCM,2026-08-20T10:04:25+07:00,0,0.0,served,ST_EVO_AUDI_HCM_P2
ARR_001609,ST_EVO_AUDI_HCM,2026-08-20T10:04:33+07:00,0,31.3,reneged,
ARR_001610,ST_EVO_DEUTSCHES_HAUS,2026-08-20T10:04:58+07:00,0,0.0,served,ST_EVO_DEUTSCHES_HAUS_P3
ARR_001611,ST_EVO_AUDI_HCM,2026-08-20T10:13:45+07:00,1,31.32,served,ST_EVO_AUDI_HCM_P2
ARR_001612,ST_EVO_DEUTSCHES_HAUS,2026-08-20T10:16:26+07:00,0,0.0,served,ST_EVO_DEUTSCHES_HAUS_P4
ARR_001613,ST_EVO_DEUTSCHES_HAUS,2026-08-20T10:36:05+07:00,0,71.1,reneged,
ARR_001614,ST_EVO_LAVIDA_Q7,2026-08-20T10:53:45+07:00,0,0.0,served,ST_EVO_LAVIDA_Q7_P1
ARR_001615,ST_EVO_AUDI_HCM,2026-08-20T11:05:14+07:00,0,19.63,served,ST_EVO_AUDI_HCM_P2
ARR_001616,ST_EVO_AUDI_HCM,2026-08-20T11:08:54+07:00,1,21.5,reneged,
ARR_001617,ST_EVO_LAVIDA_Q7,2026-08-20T11:14:56+07:00,0,28.23,served,ST_EVO_LAVIDA_Q7_P1
ARR_001618,ST_EVO_AUDI_HCM,2026-08-20T11:21:13+07:00,2,11.6,reneged,
ARR_001619,ST_EVO_DEUTSCHES_HAUS,2026-08-20T11:21:53+07:00,1,22.4,reneged,
ARR_001620,ST_EVO_AUDI_HCM,2026-08-20T11:41:23+07:00,0,16.2,reneged,
ARR_001621,ST_EVO_AUDI_HCM,2026-08-20T11:44:09+07:00,1,31.68,served,ST_EVO_AUDI_HCM_P2
ARR_001622,ST_EVO_DEUTSCHES_HAUS,2026-08-20T11:46:05+07:00,1,17.5,reneged,
ARR_001623,ST_EVO_AUDI_HCM,2026-08-20T11:56:11+07:00,2,26.42,served,ST_EVO_AUDI_HCM_P2
ARR_001624,ST_EVO_AUDI_HCM,2026-08-20T12:00:40+07:00,2,19.1,reneged,
ARR_001625,ST_EVO_DEUTSCHES_HAUS,2026-08-20T12:03:09+07:00,1,15.9,reneged,
ARR_001626,ST_EVO_AUDI_HCM,2026-08-20T12:04:25+07:00,3,38.7,reneged,
ARR_001627,ST_EVO_DEUTSCHES_HAUS,2026-08-20T12:07:30+07:00,1,17.92,served,ST_EVO_DEUTSCHES_HAUS_P3
ARR_001628,ST_EVO_AUDI_HCM,2026-08-20T12:08:20+07:00,4,19.0,reneged,
ARR_001629,ST_EVO_AUDI_HCM,2026-08-20T12:11:59+07:00,5,13.1,reneged,
ARR_001630,ST_EVO_DEUTSCHES_HAUS,2026-08-20T12:15:46+07:00,2,7.8,reneged,
ARR_001631,ST_EVO_DEUTSCHES_HAUS,2026-08-20T12:23:38+07:00,1,18.7,reneged,
ARR_001632,ST_EVO_LAVIDA_Q7,2026-08-20T12:24:20+07:00,0,0.0,served,ST_EVO_LAVIDA_Q7_P1
ARR_001633,ST_EVO_AUDI_HCM,2026-08-20T12:26:39+07:00,2,26.97,served,ST_EVO_AUDI_HCM_P4
ARR_001634,ST_EVO_LAVIDA_Q7,2026-08-20T12:38:16+07:00,0,12.0,reneged,
ARR_001635,ST_EVO_AUDI_HCM,2026-08-20T12:39:19+07:00,2,33.4,reneged,
ARR_001636,ST_EVO_DEUTSCHES_HAUS,2026-08-20T12:42:33+07:00,0,23.6,reneged,
ARR_001637,ST_EVO_AUDI_HCM,2026-08-20T12:45:25+07:00,2,16.3,reneged,
ARR_001638,ST_EVO_DEUTSCHES_HAUS,2026-08-20T12:47:35+07:00,1,11.3,reneged,
ARR_001639,ST_EVO_AUDI_HCM,2026-08-20T12:54:17+07:00,2,7.9,reneged,
ARR_001640,ST_EVO_AUDI_HCM,2026-08-20T12:54:32+07:00,3,18.0,reneged,
ARR_001641,ST_EVO_AUDI_HCM,2026-08-20T13:01:47+07:00,3,15.02,served,ST_EVO_AUDI_HCM_P1
ARR_001642,ST_EVO_DEUTSCHES_HAUS,2026-08-20T13:03:53+07:00,1,27.5,reneged,
ARR_001643,ST_EVO_AUDI_HCM,2026-08-20T13:04:21+07:00,3,17.2,reneged,
ARR_001644,ST_EVO_DEUTSCHES_HAUS,2026-08-20T13:14:01+07:00,1,13.6,reneged,
ARR_001645,ST_EVO_AUDI_HCM,2026-08-20T13:17:47+07:00,1,18.8,reneged,
ARR_001646,ST_EVO_AUDI_HCM,2026-08-20T13:22:12+07:00,1,11.5,reneged,
ARR_001647,ST_EVO_DEUTSCHES_HAUS,2026-08-20T13:37:17+07:00,0,14.98,served,ST_EVO_DEUTSCHES_HAUS_P3
ARR_001648,ST_EVO_AUDI_HCM,2026-08-20T13:41:22+07:00,0,11.8,served,ST_EVO_AUDI_HCM_P2
ARR_001649,ST_EVO_DEUTSCHES_HAUS,2026-08-20T13:47:38+07:00,1,8.62,served,ST_EVO_DEUTSCHES_HAUS_P2
ARR_001650,ST_EVO_LAVIDA_Q7,2026-08-20T13:58:20+07:00,0,0.0,served,ST_EVO_LAVIDA_Q7_P1
ARR_001651,ST_EVO_AUDI_HCM,2026-08-20T14:19:04+07:00,0,0.0,served,ST_EVO_AUDI_HCM_P1
ARR_001652,ST_EVO_LAVIDA_Q7,2026-08-20T14:36:40+07:00,0,0.0,served,ST_EVO_LAVIDA_Q7_P1
ARR_001653,ST_EVO_LAVIDA_Q7,2026-08-20T14:37:31+07:00,0,11.07,served,ST_EVO_LAVIDA_Q7_P1
ARR_001654,ST_EVO_DEUTSCHES_HAUS,2026-08-20T14:50:16+07:00,0,36.3,reneged,
ARR_001655,ST_EVO_DEUTSCHES_HAUS,2026-08-20T14:51:43+07:00,1,5.9,reneged,
ARR_001656,ST_EVO_DEUTSCHES_HAUS,2026-08-20T15:02:39+07:00,1,12.7,reneged,
ARR_001657,ST_EVO_AUDI_HCM,2026-08-20T15:11:54+07:00,0,0.0,served,ST_EVO_AUDI_HCM_P1
ARR_001658,ST_EVO_AUDI_HCM,2026-08-20T15:15:43+07:00,0,0.0,served,ST_EVO_AUDI_HCM_P2
ARR_001659,ST_EVO_AUDI_HCM,2026-08-20T15:17:54+07:00,0,11.12,served,ST_EVO_AUDI_HCM_P4
ARR_001660,ST_EVO_LAVIDA_Q7,2026-08-20T15:18:52+07:00,0,7.83,served,ST_EVO_LAVIDA_Q7_P1
ARR_001661,ST_EVO_AUDI_HCM,2026-08-20T15:30:35+07:00,0,14.08,served,ST_EVO_AUDI_HCM_P1
ARR_001662,ST_EVO_LAVIDA_Q7,2026-08-20T15:45:51+07:00,0,15.7,reneged,
ARR_001663,ST_EVO_AUDI_HCM,2026-08-20T16:32:54+07:00,0,0.0,served,ST_EVO_AUDI_HCM_P1
ARR_001664,ST_EVO_AUDI_HCM,2026-08-20T16:44:02+07:00,0,0.0,served,ST_EVO_AUDI_HCM_P2
ARR_001665,ST_EVO_LAVIDA_Q7,2026-08-20T16:51:41+07:00,0,0.0,served,ST_EVO_LAVIDA_Q7_P1
ARR_001666,ST_EVO_AUDI_HCM,2026-08-20T17:12:01+07:00,0,0.0,served,ST_EVO_AUDI_HCM_P1
ARR_001667,ST_EVO_AUDI_HCM,2026-08-20T17:21:52+07:00,0,0.0,served,ST_EVO_AUDI_HCM_P2
ARR_001668,ST_EVO_AUDI_HCM,2026-08-20T17:32:48+07:00,0,0.0,served,ST_EVO_AUDI_HCM_P3
ARR_001669,ST_EVO_AUDI_HCM,2026-08-20T17:38:46+07:00,0,0.0,served,ST_EVO_AUDI_HCM_P1
ARR_001670,ST_EVO_AUDI_HCM,2026-08-20T17:46:32+07:00,0,16.73,served,ST_EVO_AUDI_HCM_P2
ARR_001671,ST_EVO_LAVIDA_Q7,2026-08-20T18:00:53+07:00,0,0.0,served,ST_EVO_LAVIDA_Q7_P1
ARR_001672,ST_EVO_LAVIDA_Q7,2026-08-20T18:18:34+07:00,0,0.0,served,ST_EVO_LAVIDA_Q7_P1
ARR_001673,ST_EVO_DEUTSCHES_HAUS,2026-08-20T18:21:07+07:00,0,0.0,served,ST_EVO_DEUTSCHES_HAUS_P1
ARR_001674,ST_EVO_AUDI_HCM,2026-08-20T18:26:52+07:00,0,0.0,served,ST_EVO_AUDI_HCM_P1
ARR_001675,ST_EVO_AUDI_HCM,2026-08-20T18:33:11+07:00,0,0.0,served,ST_EVO_AUDI_HCM_P4
ARR_001676,ST_EVO_AUDI_HCM,2026-08-20T18:43:35+07:00,0,5.47,served,ST_EVO_AUDI_HCM_P2
ARR_001677,ST_EVO_LAVIDA_Q7,2026-08-20T18:45:50+07:00,0,0.0,served,ST_EVO_LAVIDA_Q7_P1
ARR_001678,ST_EVO_LAVIDA_Q7,2026-08-20T18:55:56+07:00,0,8.67,served,ST_EVO_LAVIDA_Q7_P1
ARR_001679,ST_EVO_LAVIDA_Q7,2026-08-20T19:02:02+07:00,1,35.2,served,ST_EVO_LAVIDA_Q7_P1
ARR_001680,ST_EVO_AUDI_HCM,2026-08-20T19:03:55+07:00,0,0.0,served,ST_EVO_AUDI_HCM_P1
ARR_001681,ST_EVO_AUDI_HCM,2026-08-20T19:18:13+07:00,0,5.95,served,ST_EVO_AUDI_HCM_P2
ARR_001682,ST_EVO_AUDI_HCM,2026-08-20T19:26:56+07:00,0,15.7,reneged,
ARR_001683,ST_EVO_AUDI_HCM,2026-08-20T19:35:37+07:00,1,21.7,reneged,
ARR_001684,ST_EVO_AUDI_HCM,2026-08-20T19:45:08+07:00,1,14.0,served,ST_EVO_AUDI_HCM_P2
ARR_001685,ST_EVO_AUDI_HCM,2026-08-20T20:08:29+07:00,0,20.27,served,ST_EVO_AUDI_HCM_P2
ARR_001686,ST_EVO_AUDI_HCM,2026-08-20T20:26:46+07:00,1,8.17,served,ST_EVO_AUDI_HCM_P1
ARR_001687,ST_EVO_DEUTSCHES_HAUS,2026-08-20T20:33:18+07:00,0,0.0,served,ST_EVO_DEUTSCHES_HAUS_P1
ARR_001688,ST_EVO_DEUTSCHES_HAUS,2026-08-20T20:47:56+07:00,0,0.0,served,ST_EVO_DEUTSCHES_HAUS_P2
ARR_001689,ST_EVO_LAVIDA_Q7,2026-08-20T21:02:51+07:00,0,0.0,served,ST_EVO_LAVIDA_Q7_P1
ARR_001690,ST_EVO_LAVIDA_Q7,2026-08-20T21:19:17+07:00,0,27.4,reneged,
ARR_001691,ST_EVO_AUDI_HCM,2026-08-20T21:24:33+07:00,0,0.0,served,ST_EVO_AUDI_HCM_P1
ARR_001692,ST_EVO_LAVIDA_Q7,2026-08-20T21:36:58+07:00,1,29.2,reneged,
ARR_001693,ST_EVO_AUDI_HCM,2026-08-20T21:50:02+07:00,0,0.0,served,ST_EVO_AUDI_HCM_P1
ARR_001694,ST_EVO_AUDI_HCM,2026-08-20T22:50:00+07:00,0,0.0,served,ST_EVO_AUDI_HCM_P1
ARR_001695,ST_EVO_AUDI_HCM,2026-08-20T22:52:20+07:00,0,0.0,served,ST_EVO_AUDI_HCM_P2
ARR_001696,ST_EVO_AUDI_HCM,2026-08-20T22:54:41+07:00,0,30.8,reneged,
ARR_001697,ST_EVO_AUDI_HCM,2026-08-20T23:47:53+07:00,0,10.9,reneged,
ARR_001698,ST_EVO_LAVIDA_Q7,2026-08-21T00:45:51+07:00,0,0.0,served,ST_EVO_LAVIDA_Q7_P1
ARR_001699,ST_EVO_AUDI_HCM,2026-08-21T03:12:20+07:00,0,0.0,served,ST_EVO_AUDI_HCM_P1
ARR_001700,ST_EVO_AUDI_HCM,2026-08-21T05:04:33+07:00,0,0.0,served,ST_EVO_AUDI_HCM_P2
ARR_001701,ST_EVO_LAVIDA_Q7,2026-08-21T05:47:43+07:00,0,24.2,reneged,
ARR_001702,ST_EVO_LAVIDA_Q7,2026-08-21T06:16:43+07:00,0,24.6,reneged,
ARR_001703,ST_EVO_AUDI_HCM,2026-08-21T06:25:56+07:00,0,0.0,served,ST_EVO_AUDI_HCM_P3
ARR_001704,ST_EVO_DEUTSCHES_HAUS,2026-08-21T06:39:09+07:00,0,0.0,served,ST_EVO_DEUTSCHES_HAUS_P1
ARR_001705,ST_EVO_AUDI_HCM,2026-08-21T07:06:55+07:00,0,0.0,served,ST_EVO_AUDI_HCM_P4
ARR_001706,ST_EVO_AUDI_HCM,2026-08-21T07:09:13+07:00,0,7.2,reneged,
ARR_001707,ST_EVO_LAVIDA_Q7,2026-08-21T07:12:42+07:00,0,46.0,reneged,
ARR_001708,ST_EVO_LAVIDA_Q7,2026-08-21T07:28:41+07:00,1,13.7,reneged,
ARR_001709,ST_EVO_DEUTSCHES_HAUS,2026-08-21T07:37:23+07:00,0,0.0,served,ST_EVO_DEUTSCHES_HAUS_P2
ARR_001710,ST_EVO_DEUTSCHES_HAUS,2026-08-21T07:44:23+07:00,0,0.0,served,ST_EVO_DEUTSCHES_HAUS_P3
ARR_001711,ST_EVO_AUDI_HCM,2026-08-21T08:08:50+07:00,0,0.0,served,ST_EVO_AUDI_HCM_P2
ARR_001712,ST_EVO_AUDI_HCM,2026-08-21T08:10:16+07:00,0,0.0,served,ST_EVO_AUDI_HCM_P3
ARR_001713,ST_EVO_DEUTSCHES_HAUS,2026-08-21T08:12:32+07:00,0,0.0,served,ST_EVO_DEUTSCHES_HAUS_P4
ARR_001714,ST_EVO_LAVIDA_Q7,2026-08-21T08:20:54+07:00,0,5.1,served,ST_EVO_LAVIDA_Q7_P1
ARR_001715,ST_EVO_DEUTSCHES_HAUS,2026-08-21T08:32:45+07:00,0,9.5,reneged,
ARR_001716,ST_EVO_LAVIDA_Q7,2026-08-21T08:45:18+07:00,0,10.27,served,ST_EVO_LAVIDA_Q7_P1
ARR_001717,ST_EVO_DEUTSCHES_HAUS,2026-08-21T08:55:15+07:00,0,0.0,served,ST_EVO_DEUTSCHES_HAUS_P2
ARR_001718,ST_EVO_AUDI_HCM,2026-08-21T09:12:16+07:00,0,0.0,served,ST_EVO_AUDI_HCM_P2
ARR_001719,ST_EVO_DEUTSCHES_HAUS,2026-08-21T10:11:40+07:00,0,9.2,reneged,
ARR_001720,ST_EVO_AUDI_HCM,2026-08-21T10:14:34+07:00,0,0.0,served,ST_EVO_AUDI_HCM_P1
ARR_001721,ST_EVO_LAVIDA_Q7,2026-08-21T10:15:47+07:00,0,0.0,served,ST_EVO_LAVIDA_Q7_P1
ARR_001722,ST_EVO_AUDI_HCM,2026-08-21T10:16:52+07:00,0,0.0,served,ST_EVO_AUDI_HCM_P2
ARR_001723,ST_EVO_LAVIDA_Q7,2026-08-21T10:21:51+07:00,0,13.5,reneged,
ARR_001724,ST_EVO_AUDI_HCM,2026-08-21T10:33:21+07:00,0,0.0,served,ST_EVO_AUDI_HCM_P4
ARR_001725,ST_EVO_AUDI_HCM,2026-08-21T10:46:09+07:00,0,4.43,served,ST_EVO_AUDI_HCM_P2
ARR_001726,ST_EVO_LAVIDA_Q7,2026-08-21T10:52:36+07:00,0,5.85,served,ST_EVO_LAVIDA_Q7_P1
ARR_001727,ST_EVO_LAVIDA_Q7,2026-08-21T11:15:55+07:00,0,0.0,served,ST_EVO_LAVIDA_Q7_P1
ARR_001728,ST_EVO_AUDI_HCM,2026-08-21T11:18:44+07:00,0,0.0,served,ST_EVO_AUDI_HCM_P1
ARR_001729,ST_EVO_AUDI_HCM,2026-08-21T11:19:54+07:00,0,0.0,served,ST_EVO_AUDI_HCM_P2
ARR_001730,ST_EVO_AUDI_HCM,2026-08-21T11:20:39+07:00,0,15.87,served,ST_EVO_AUDI_HCM_P1
ARR_001731,ST_EVO_LAVIDA_Q7,2026-08-21T11:27:40+07:00,0,12.0,reneged,
ARR_001732,ST_EVO_DEUTSCHES_HAUS,2026-08-21T11:42:40+07:00,0,0.0,served,ST_EVO_DEUTSCHES_HAUS_P2
ARR_001733,ST_EVO_DEUTSCHES_HAUS,2026-08-21T11:49:35+07:00,0,0.0,served,ST_EVO_DEUTSCHES_HAUS_P4
ARR_001734,ST_EVO_LAVIDA_Q7,2026-08-21T11:50:42+07:00,0,0.0,served,ST_EVO_LAVIDA_Q7_P1
ARR_001735,ST_EVO_LAVIDA_Q7,2026-08-21T11:53:47+07:00,0,26.3,reneged,
ARR_001736,ST_EVO_LAVIDA_Q7,2026-08-21T12:05:01+07:00,1,25.25,served,ST_EVO_LAVIDA_Q7_P1
ARR_001737,ST_EVO_DEUTSCHES_HAUS,2026-08-21T12:07:15+07:00,0,9.12,served,ST_EVO_DEUTSCHES_HAUS_P1
ARR_001738,ST_EVO_AUDI_HCM,2026-08-21T12:11:33+07:00,0,0.0,served,ST_EVO_AUDI_HCM_P2
ARR_001739,ST_EVO_AUDI_HCM,2026-08-21T12:16:16+07:00,0,0.0,served,ST_EVO_AUDI_HCM_P1
ARR_001740,ST_EVO_LAVIDA_Q7,2026-08-21T12:19:00+07:00,2,6.9,reneged,
ARR_001741,ST_EVO_DEUTSCHES_HAUS,2026-08-21T12:19:19+07:00,0,15.6,reneged,
ARR_001742,ST_EVO_LAVIDA_Q7,2026-08-21T12:19:20+07:00,3,12.7,reneged,
ARR_001743,ST_EVO_AUDI_HCM,2026-08-21T12:20:39+07:00,0,23.7,reneged,
ARR_001744,ST_EVO_AUDI_HCM,2026-08-21T12:21:06+07:00,1,17.2,reneged,
ARR_001745,ST_EVO_LAVIDA_Q7,2026-08-21T12:21:17+07:00,3,19.1,reneged,
ARR_001746,ST_EVO_DEUTSCHES_HAUS,2026-08-21T12:27:52+07:00,1,10.3,reneged,
ARR_001747,ST_EVO_LAVIDA_Q7,2026-08-21T12:29:47+07:00,3,13.1,reneged,
ARR_001748,ST_EVO_LAVIDA_Q7,2026-08-21T12:29:49+07:00,4,31.03,served,ST_EVO_LAVIDA_Q7_P1
ARR_001749,ST_EVO_DEUTSCHES_HAUS,2026-08-21T12:34:35+07:00,2,14.55,served,ST_EVO_DEUTSCHES_HAUS_P3
ARR_001750,ST_EVO_AUDI_HCM,2026-08-21T12:38:14+07:00,2,19.48,served,ST_EVO_AUDI_HCM_P2
ARR_001751,ST_EVO_AUDI_HCM,2026-08-21T12:41:47+07:00,2,19.85,served,ST_EVO_AUDI_HCM_P1
ARR_001752,ST_EVO_AUDI_HCM,2026-08-21T12:46:51+07:00,2,25.67,served,ST_EVO_AUDI_HCM_P3
ARR_001753,ST_EVO_AUDI_HCM,2026-08-21T12:50:13+07:00,3,15.5,reneged,
ARR_001754,ST_EVO_AUDI_HCM,2026-08-21T12:54:19+07:00,4,30.2,served,ST_EVO_AUDI_HCM_P2
ARR_001755,ST_EVO_AUDI_HCM,2026-08-21T12:54:49+07:00,5,38.9,reneged,
ARR_001756,ST_EVO_AUDI_HCM,2026-08-21T12:57:47+07:00,5,12.4,reneged,
ARR_001757,ST_EVO_AUDI_HCM,2026-08-21T13:00:30+07:00,6,13.2,reneged,
ARR_001758,ST_EVO_AUDI_HCM,2026-08-21T13:02:11+07:00,6,22.9,reneged,
ARR_001759,ST_EVO_AUDI_HCM,2026-08-21T13:04:06+07:00,7,27.8,reneged,
ARR_001760,ST_EVO_AUDI_HCM,2026-08-21T13:13:09+07:00,5,19.3,reneged,
ARR_001761,ST_EVO_DEUTSCHES_HAUS,2026-08-21T13:14:20+07:00,0,13.9,reneged,
ARR_001762,ST_EVO_AUDI_HCM,2026-08-21T13:38:11+07:00,0,6.43,served,ST_EVO_AUDI_HCM_P1
ARR_001763,ST_EVO_AUDI_HCM,2026-08-21T13:38:22+07:00,1,10.1,served,ST_EVO_AUDI_HCM_P2
ARR_001764,ST_EVO_LAVIDA_Q7,2026-08-21T13:43:45+07:00,0,0.0,served,ST_EVO_LAVIDA_Q7_P1
ARR_001765,ST_EVO_DEUTSCHES_HAUS,2026-08-21T13:56:54+07:00,0,13.6,reneged,
ARR_001766,ST_EVO_AUDI_HCM,2026-08-21T13:58:49+07:00,0,21.33,served,ST_EVO_AUDI_HCM_P2
ARR_001767,ST_EVO_LAVIDA_Q7,2026-08-21T14:00:44+07:00,0,6.6,served,ST_EVO_LAVIDA_Q7_P1
ARR_001768,ST_EVO_AUDI_HCM,2026-08-21T14:05:59+07:00,1,19.18,served,ST_EVO_AUDI_HCM_P1
ARR_001769,ST_EVO_LAVIDA_Q7,2026-08-21T14:09:23+07:00,0,40.63,served,ST_EVO_LAVIDA_Q7_P1
ARR_001770,ST_EVO_LAVIDA_Q7,2026-08-21T14:10:53+07:00,1,31.5,reneged,
ARR_001771,ST_EVO_AUDI_HCM,2026-08-21T14:17:55+07:00,2,24.7,reneged,
ARR_001772,ST_EVO_AUDI_HCM,2026-08-21T14:26:03+07:00,1,24.4,reneged,
ARR_001773,ST_EVO_DEUTSCHES_HAUS,2026-08-21T14:32:59+07:00,0,0.0,served,ST_EVO_DEUTSCHES_HAUS_P4
ARR_001774,ST_EVO_AUDI_HCM,2026-08-21T14:33:18+07:00,2,14.2,reneged,
ARR_001775,ST_EVO_AUDI_HCM,2026-08-21T14:50:08+07:00,1,4.23,served,ST_EVO_AUDI_HCM_P2
ARR_001776,ST_EVO_AUDI_HCM,2026-08-21T14:53:46+07:00,1,3.37,served,ST_EVO_AUDI_HCM_P1
ARR_001777,ST_EVO_LAVIDA_Q7,2026-08-21T14:53:52+07:00,0,26.38,served,ST_EVO_LAVIDA_Q7_P1
ARR_001778,ST_EVO_LAVIDA_Q7,2026-08-21T15:13:07+07:00,1,32.85,served,ST_EVO_LAVIDA_Q7_P1
ARR_001779,ST_EVO_AUDI_HCM,2026-08-21T15:19:16+07:00,0,0.0,served,ST_EVO_AUDI_HCM_P1
ARR_001780,ST_EVO_DEUTSCHES_HAUS,2026-08-21T15:21:54+07:00,0,0.0,served,ST_EVO_DEUTSCHES_HAUS_P2
ARR_001781,ST_EVO_AUDI_HCM,2026-08-21T15:24:40+07:00,0,0.0,served,ST_EVO_AUDI_HCM_P2
ARR_001782,ST_EVO_LAVIDA_Q7,2026-08-21T15:34:57+07:00,1,15.3,reneged,
ARR_001783,ST_EVO_AUDI_HCM,2026-08-21T15:40:58+07:00,0,0.0,served,ST_EVO_AUDI_HCM_P4
ARR_001784,ST_EVO_AUDI_HCM,2026-08-21T16:08:05+07:00,0,0.0,served,ST_EVO_AUDI_HCM_P1
ARR_001785,ST_EVO_AUDI_HCM,2026-08-21T16:21:33+07:00,0,0.0,served,ST_EVO_AUDI_HCM_P2
ARR_001786,ST_EVO_LAVIDA_Q7,2026-08-21T16:34:29+07:00,0,0.0,served,ST_EVO_LAVIDA_Q7_P1
ARR_001787,ST_EVO_AUDI_HCM,2026-08-21T16:42:58+07:00,0,0.0,served,ST_EVO_AUDI_HCM_P2
ARR_001788,ST_EVO_AUDI_HCM,2026-08-21T16:42:59+07:00,0,1.88,served,ST_EVO_AUDI_HCM_P3
ARR_001789,ST_EVO_AUDI_HCM,2026-08-21T16:56:11+07:00,0,3.37,served,ST_EVO_AUDI_HCM_P1
ARR_001790,ST_EVO_AUDI_HCM,2026-08-21T17:01:40+07:00,0,1.8,served,ST_EVO_AUDI_HCM_P2
ARR_001791,ST_EVO_AUDI_HCM,2026-08-21T17:04:12+07:00,0,15.8,reneged,
ARR_001792,ST_EVO_AUDI_HCM,2026-08-21T17:19:14+07:00,1,1.18,served,ST_EVO_AUDI_HCM_P1
ARR_001793,ST_EVO_AUDI_HCM,2026-08-21T17:31:47+07:00,0,7.6,reneged,
ARR_001794,ST_EVO_DEUTSCHES_HAUS,2026-08-21T18:04:25+07:00,0,0.0,served,ST_EVO_DEUTSCHES_HAUS_P1
ARR_001795,ST_EVO_DEUTSCHES_HAUS,2026-08-21T18:12:00+07:00,0,0.0,served,ST_EVO_DEUTSCHES_HAUS_P4
ARR_001796,ST_EVO_AUDI_HCM,2026-08-21T18:20:31+07:00,0,0.0,served,ST_EVO_AUDI_HCM_P1
ARR_001797,ST_EVO_DEUTSCHES_HAUS,2026-08-21T18:32:15+07:00,0,0.0,served,ST_EVO_DEUTSCHES_HAUS_P2
ARR_001798,ST_EVO_DEUTSCHES_HAUS,2026-08-21T18:48:35+07:00,0,0.0,served,ST_EVO_DEUTSCHES_HAUS_P3
ARR_001799,ST_EVO_AUDI_HCM,2026-08-21T18:48:50+07:00,0,0.0,served,ST_EVO_AUDI_HCM_P2
ARR_001800,ST_EVO_LAVIDA_Q7,2026-08-21T18:56:21+07:00,0,0.0,served,ST_EVO_LAVIDA_Q7_P1
ARR_001801,ST_EVO_LAVIDA_Q7,2026-08-21T18:56:37+07:00,0,8.8,reneged,
ARR_001802,ST_EVO_AUDI_HCM,2026-08-21T19:04:03+07:00,0,0.0,served,ST_EVO_AUDI_HCM_P1
ARR_001803,ST_EVO_AUDI_HCM,2026-08-21T19:20:41+07:00,0,0.0,served,ST_EVO_AUDI_HCM_P2
ARR_001804,ST_EVO_AUDI_HCM,2026-08-21T19:40:28+07:00,0,0.0,served,ST_EVO_AUDI_HCM_P4
ARR_001805,ST_EVO_AUDI_HCM,2026-08-21T19:57:22+07:00,0,0.0,served,ST_EVO_AUDI_HCM_P2
ARR_001806,ST_EVO_DEUTSCHES_HAUS,2026-08-21T20:03:30+07:00,0,54.2,reneged,
ARR_001807,ST_EVO_AUDI_HCM,2026-08-21T20:14:14+07:00,0,15.2,served,ST_EVO_AUDI_HCM_P1
ARR_001808,ST_EVO_AUDI_HCM,2026-08-21T20:15:32+07:00,1,6.8,reneged,
ARR_001809,ST_EVO_AUDI_HCM,2026-08-21T20:26:34+07:00,1,4.97,served,ST_EVO_AUDI_HCM_P2
ARR_001810,ST_EVO_AUDI_HCM,2026-08-21T20:51:43+07:00,0,0.0,served,ST_EVO_AUDI_HCM_P3
ARR_001811,ST_EVO_DEUTSCHES_HAUS,2026-08-21T20:52:00+07:00,1,10.03,served,ST_EVO_DEUTSCHES_HAUS_P2
ARR_001812,ST_EVO_AUDI_HCM,2026-08-21T21:06:57+07:00,0,1.85,served,ST_EVO_AUDI_HCM_P1
ARR_001813,ST_EVO_AUDI_HCM,2026-08-21T21:12:16+07:00,0,3.97,served,ST_EVO_AUDI_HCM_P2
ARR_001814,ST_EVO_AUDI_HCM,2026-08-21T23:23:43+07:00,0,0.0,served,ST_EVO_AUDI_HCM_P1
ARR_001815,ST_EVO_AUDI_HCM,2026-08-22T04:42:38+07:00,0,0.0,served,ST_EVO_AUDI_HCM_P1
ARR_001816,ST_EVO_DEUTSCHES_HAUS,2026-08-22T04:50:11+07:00,0,0.0,served,ST_EVO_DEUTSCHES_HAUS_P1
ARR_001817,ST_EVO_AUDI_HCM,2026-08-22T07:34:13+07:00,0,0.0,served,ST_EVO_AUDI_HCM_P2
ARR_001818,ST_EVO_DEUTSCHES_HAUS,2026-08-22T07:54:08+07:00,0,0.0,served,ST_EVO_DEUTSCHES_HAUS_P2
ARR_001819,ST_EVO_DEUTSCHES_HAUS,2026-08-22T08:06:04+07:00,0,0.0,served,ST_EVO_DEUTSCHES_HAUS_P3
ARR_001820,ST_EVO_DEUTSCHES_HAUS,2026-08-22T08:22:21+07:00,0,0.0,served,ST_EVO_DEUTSCHES_HAUS_P4
ARR_001821,ST_EVO_DEUTSCHES_HAUS,2026-08-22T08:27:54+07:00,0,14.9,reneged,
ARR_001822,ST_EVO_AUDI_HCM,2026-08-22T08:32:54+07:00,0,0.0,served,ST_EVO_AUDI_HCM_P2
ARR_001823,ST_EVO_AUDI_HCM,2026-08-22T08:43:59+07:00,0,0.0,served,ST_EVO_AUDI_HCM_P3
ARR_001824,ST_EVO_AUDI_HCM,2026-08-22T08:47:39+07:00,0,0.0,served,ST_EVO_AUDI_HCM_P4
ARR_001825,ST_EVO_AUDI_HCM,2026-08-22T09:04:46+07:00,0,8.4,served,ST_EVO_AUDI_HCM_P2
ARR_001826,ST_EVO_AUDI_HCM,2026-08-22T09:29:29+07:00,0,15.9,reneged,
ARR_001827,ST_EVO_AUDI_HCM,2026-08-22T09:33:07+07:00,1,27.3,reneged,
ARR_001828,ST_EVO_AUDI_HCM,2026-08-22T09:57:15+07:00,1,4.63,served,ST_EVO_AUDI_HCM_P2
ARR_001829,ST_EVO_DEUTSCHES_HAUS,2026-08-22T09:59:41+07:00,0,0.0,served,ST_EVO_DEUTSCHES_HAUS_P1
ARR_001830,ST_EVO_DEUTSCHES_HAUS,2026-08-22T10:22:55+07:00,0,0.0,served,ST_EVO_DEUTSCHES_HAUS_P3
ARR_001831,ST_EVO_AUDI_HCM,2026-08-22T10:39:45+07:00,0,19.28,served,ST_EVO_AUDI_HCM_P2
ARR_001832,ST_EVO_AUDI_HCM,2026-08-22T10:40:42+07:00,1,18.1,reneged,
ARR_001833,ST_EVO_AUDI_HCM,2026-08-22T10:57:56+07:00,2,24.4,reneged,
ARR_001834,ST_EVO_DEUTSCHES_HAUS,2026-08-22T10:59:20+07:00,0,0.0,served,ST_EVO_DEUTSCHES_HAUS_P4
ARR_001835,ST_EVO_DEUTSCHES_HAUS,2026-08-22T11:04:37+07:00,0,36.5,reneged,
ARR_001836,ST_EVO_AUDI_HCM,2026-08-22T11:12:14+07:00,1,30.0,reneged,
ARR_001837,ST_EVO_DEUTSCHES_HAUS,2026-08-22T11:15:03+07:00,1,40.9,reneged,
ARR_001838,ST_EVO_AUDI_HCM,2026-08-22T11:22:45+07:00,1,26.8,reneged,
ARR_001839,ST_EVO_AUDI_HCM,2026-08-22T11:26:00+07:00,2,23.9,reneged,
ARR_001840,ST_EVO_LAVIDA_Q7,2026-08-22T11:26:05+07:00,0,0.0,served,ST_EVO_LAVIDA_Q7_P1
ARR_001841,ST_EVO_DEUTSCHES_HAUS,2026-08-22T11:26:36+07:00,2,18.3,reneged,
ARR_001842,ST_EVO_DEUTSCHES_HAUS,2026-08-22T11:27:34+07:00,3,22.6,reneged,
ARR_001843,ST_EVO_AUDI_HCM,2026-08-22T11:30:21+07:00,3,8.5,reneged,
ARR_001844,ST_EVO_AUDI_HCM,2026-08-22T11:40:59+07:00,3,28.6,served,ST_EVO_AUDI_HCM_P4
ARR_001845,ST_EVO_AUDI_HCM,2026-08-22T11:45:09+07:00,3,15.7,reneged,
ARR_001846,ST_EVO_AUDI_HCM,2026-08-22T12:03:25+07:00,1,11.0,served,ST_EVO_AUDI_HCM_P2
ARR_001847,ST_EVO_AUDI_HCM,2026-08-22T12:03:31+07:00,2,32.47,served,ST_EVO_AUDI_HCM_P3
ARR_001848,ST_EVO_LAVIDA_Q7,2026-08-22T12:04:32+07:00,0,0.0,served,ST_EVO_LAVIDA_Q7_P1
ARR_001849,ST_EVO_DEUTSCHES_HAUS,2026-08-22T12:13:00+07:00,0,10.8,reneged,
ARR_001850,ST_EVO_DEUTSCHES_HAUS,2026-08-22T12:21:37+07:00,1,8.8,reneged,
ARR_001851,ST_EVO_AUDI_HCM,2026-08-22T12:25:36+07:00,1,13.27,served,ST_EVO_AUDI_HCM_P1
ARR_001852,ST_EVO_LAVIDA_Q7,2026-08-22T12:30:08+07:00,0,14.1,reneged,
ARR_001853,ST_EVO_DEUTSCHES_HAUS,2026-08-22T12:52:11+07:00,0,14.8,reneged,
ARR_001854,ST_EVO_AUDI_HCM,2026-08-22T12:57:59+07:00,0,13.4,reneged,
ARR_001855,ST_EVO_AUDI_HCM,2026-08-22T13:03:12+07:00,1,9.73,served,ST_EVO_AUDI_HCM_P2
ARR_001856,ST_EVO_DEUTSCHES_HAUS,2026-08-22T13:03:18+07:00,1,7.97,served,ST_EVO_DEUTSCHES_HAUS_P2
ARR_001857,ST_EVO_DEUTSCHES_HAUS,2026-08-22T13:04:05+07:00,2,5.3,reneged,
ARR_001858,ST_EVO_AUDI_HCM,2026-08-22T13:06:13+07:00,2,6.0,reneged,
ARR_001859,ST_EVO_DEUTSCHES_HAUS,2026-08-22T13:18:48+07:00,0,24.3,reneged,
ARR_001860,ST_EVO_AUDI_HCM,2026-08-22T13:20:16+07:00,0,0.75,served,ST_EVO_AUDI_HCM_P1
ARR_001861,ST_EVO_AUDI_HCM,2026-08-22T13:27:54+07:00,0,11.1,reneged,
ARR_001862,ST_EVO_DEUTSCHES_HAUS,2026-08-22T13:28:43+07:00,1,28.5,reneged,
ARR_001863,ST_EVO_AUDI_HCM,2026-08-22T13:32:16+07:00,1,9.58,served,ST_EVO_AUDI_HCM_P1
ARR_001864,ST_EVO_DEUTSCHES_HAUS,2026-08-22T13:41:26+07:00,2,20.0,reneged,
ARR_001865,ST_EVO_AUDI_HCM,2026-08-22T13:45:29+07:00,0,1.82,served,ST_EVO_AUDI_HCM_P2
ARR_001866,ST_EVO_AUDI_HCM,2026-08-22T13:46:54+07:00,1,14.5,reneged,
ARR_001867,ST_EVO_DEUTSCHES_HAUS,2026-08-22T13:51:53+07:00,2,48.4,served,ST_EVO_DEUTSCHES_HAUS_P4
ARR_001868,ST_EVO_AUDI_HCM,2026-08-22T13:52:23+07:00,1,26.9,reneged,
ARR_001869,ST_EVO_DEUTSCHES_HAUS,2026-08-22T14:05:22+07:00,1,23.0,reneged,
ARR_001870,ST_EVO_AUDI_HCM,2026-08-22T14:13:46+07:00,1,11.72,served,ST_EVO_AUDI_HCM_P1
ARR_001871,ST_EVO_LAVIDA_Q7,2026-08-22T14:15:48+07:00,0,0.0,served,ST_EVO_LAVIDA_Q7_P1
ARR_001872,ST_EVO_DEUTSCHES_HAUS,2026-08-22T14:17:19+07:00,2,13.3,reneged,
ARR_001873,ST_EVO_AUDI_HCM,2026-08-22T14:28:22+07:00,0,0.0,served,ST_EVO_AUDI_HCM_P2
ARR_001874,ST_EVO_AUDI_HCM,2026-08-22T14:31:23+07:00,0,22.57,served,ST_EVO_AUDI_HCM_P1
ARR_001875,ST_EVO_AUDI_HCM,2026-08-22T14:32:17+07:00,1,27.12,served,ST_EVO_AUDI_HCM_P2
ARR_001876,ST_EVO_AUDI_HCM,2026-08-22T14:40:08+07:00,2,18.1,reneged,
ARR_001877,ST_EVO_LAVIDA_Q7,2026-08-22T14:50:50+07:00,0,0.0,served,ST_EVO_LAVIDA_Q7_P1
ARR_001878,ST_EVO_AUDI_HCM,2026-08-22T14:59:15+07:00,1,27.35,served,ST_EVO_AUDI_HCM_P1
ARR_001879,ST_EVO_AUDI_HCM,2026-08-22T15:01:36+07:00,1,11.0,reneged,
ARR_001880,ST_EVO_LAVIDA_Q7,2026-08-22T15:07:18+07:00,0,9.7,reneged,
ARR_001881,ST_EVO_AUDI_HCM,2026-08-22T15:31:19+07:00,0,26.78,served,ST_EVO_AUDI_HCM_P1
ARR_001882,ST_EVO_AUDI_HCM,2026-08-22T15:36:52+07:00,1,17.6,reneged,
ARR_001883,ST_EVO_AUDI_HCM,2026-08-22T16:00:44+07:00,0,11.33,served,ST_EVO_AUDI_HCM_P1
ARR_001884,ST_EVO_AUDI_HCM,2026-08-22T16:42:22+07:00,0,0.0,served,ST_EVO_AUDI_HCM_P2
ARR_001885,ST_EVO_AUDI_HCM,2026-08-22T16:47:52+07:00,0,0.0,served,ST_EVO_AUDI_HCM_P3
ARR_001886,ST_EVO_AUDI_HCM,2026-08-22T16:54:59+07:00,0,1.58,served,ST_EVO_AUDI_HCM_P1
ARR_001887,ST_EVO_AUDI_HCM,2026-08-22T17:05:53+07:00,0,0.0,served,ST_EVO_AUDI_HCM_P2
ARR_001888,ST_EVO_AUDI_HCM,2026-08-22T17:34:58+07:00,0,0.0,served,ST_EVO_AUDI_HCM_P3
ARR_001889,ST_EVO_DEUTSCHES_HAUS,2026-08-22T17:35:22+07:00,0,0.0,served,ST_EVO_DEUTSCHES_HAUS_P1
ARR_001890,ST_EVO_AUDI_HCM,2026-08-22T17:45:06+07:00,0,2.27,served,ST_EVO_AUDI_HCM_P1
ARR_001891,ST_EVO_LAVIDA_Q7,2026-08-22T17:49:34+07:00,0,0.0,served,ST_EVO_LAVIDA_Q7_P1
ARR_001892,ST_EVO_DEUTSCHES_HAUS,2026-08-22T17:57:02+07:00,0,0.0,served,ST_EVO_DEUTSCHES_HAUS_P2
ARR_001893,ST_EVO_AUDI_HCM,2026-08-22T17:57:05+07:00,0,0.0,served,ST_EVO_AUDI_HCM_P2
ARR_001894,ST_EVO_AUDI_HCM,2026-08-22T18:02:46+07:00,0,0.0,served,ST_EVO_AUDI_HCM_P4
ARR_001895,ST_EVO_AUDI_HCM,2026-08-22T18:03:16+07:00,0,2.5,served,ST_EVO_AUDI_HCM_P1
ARR_001896,ST_EVO_LAVIDA_Q7,2026-08-22T18:08:03+07:00,0,8.7,served,ST_EVO_LAVIDA_Q7_P1
ARR_001897,ST_EVO_AUDI_HCM,2026-08-22T18:10:11+07:00,0,7.97,served,ST_EVO_AUDI_HCM_P2
ARR_001898,ST_EVO_AUDI_HCM,2026-08-22T18:14:35+07:00,1,20.8,reneged,
ARR_001899,ST_EVO_DEUTSCHES_HAUS,2026-08-22T18:15:29+07:00,0,0.0,served,ST_EVO_DEUTSCHES_HAUS_P3
ARR_001900,ST_EVO_LAVIDA_Q7,2026-08-22T18:16:29+07:00,1,18.1,reneged,
ARR_001901,ST_EVO_AUDI_HCM,2026-08-22T18:25:41+07:00,1,15.42,served,ST_EVO_AUDI_HCM_P1
ARR_001902,ST_EVO_AUDI_HCM,2026-08-22T18:26:55+07:00,2,11.8,reneged,
ARR_001903,ST_EVO_DEUTSCHES_HAUS,2026-08-22T18:28:58+07:00,0,0.0,served,ST_EVO_DEUTSCHES_HAUS_P4
ARR_001904,ST_EVO_AUDI_HCM,2026-08-22T18:42:46+07:00,0,16.2,reneged,
ARR_001905,ST_EVO_DEUTSCHES_HAUS,2026-08-22T18:42:49+07:00,0,18.13,served,ST_EVO_DEUTSCHES_HAUS_P2
ARR_001906,ST_EVO_AUDI_HCM,2026-08-22T18:44:27+07:00,1,18.4,reneged,
ARR_001907,ST_EVO_AUDI_HCM,2026-08-22T19:04:16+07:00,0,0.0,served,ST_EVO_AUDI_HCM_P1
ARR_001908,ST_EVO_DEUTSCHES_HAUS,2026-08-22T19:09:12+07:00,0,3.17,served,ST_EVO_DEUTSCHES_HAUS_P4
ARR_001909,ST_EVO_LAVIDA_Q7,2026-08-22T19:14:48+07:00,0,0.0,served,ST_EVO_LAVIDA_Q7_P1
ARR_001910,ST_EVO_AUDI_HCM,2026-08-22T19:16:15+07:00,0,0.0,served,ST_EVO_AUDI_HCM_P2
ARR_001911,ST_EVO_AUDI_HCM,2026-08-22T19:40:23+07:00,0,0.0,served,ST_EVO_AUDI_HCM_P1
ARR_001912,ST_EVO_AUDI_HCM,2026-08-22T19:44:17+07:00,0,5.9,served,ST_EVO_AUDI_HCM_P3
ARR_001913,ST_EVO_AUDI_HCM,2026-08-22T19:53:37+07:00,0,0.0,served,ST_EVO_AUDI_HCM_P2
ARR_001914,ST_EVO_LAVIDA_Q7,2026-08-22T19:57:15+07:00,0,0.0,served,ST_EVO_LAVIDA_Q7_P1
ARR_001915,ST_EVO_AUDI_HCM,2026-08-22T20:22:40+07:00,0,0.0,served,ST_EVO_AUDI_HCM_P1
ARR_001916,ST_EVO_DEUTSCHES_HAUS,2026-08-22T20:37:35+07:00,0,0.0,served,ST_EVO_DEUTSCHES_HAUS_P1
ARR_001917,ST_EVO_AUDI_HCM,2026-08-22T20:49:08+07:00,0,12.58,served,ST_EVO_AUDI_HCM_P1
ARR_001918,ST_EVO_AUDI_HCM,2026-08-22T21:32:37+07:00,0,0.0,served,ST_EVO_AUDI_HCM_P1
ARR_001919,ST_EVO_DEUTSCHES_HAUS,2026-08-22T21:40:38+07:00,0,0.0,served,ST_EVO_DEUTSCHES_HAUS_P2
ARR_001920,ST_EVO_DEUTSCHES_HAUS,2026-08-22T21:49:37+07:00,0,0.0,served,ST_EVO_DEUTSCHES_HAUS_P1
ARR_001921,ST_EVO_DEUTSCHES_HAUS,2026-08-22T22:05:05+07:00,0,9.6,reneged,
ARR_001922,ST_EVO_AUDI_HCM,2026-08-22T22:35:54+07:00,0,0.0,served,ST_EVO_AUDI_HCM_P1
ARR_001923,ST_EVO_AUDI_HCM,2026-08-22T23:03:14+07:00,0,0.0,served,ST_EVO_AUDI_HCM_P2
ARR_001924,ST_EVO_LAVIDA_Q7,2026-08-23T02:39:26+07:00,0,0.0,served,ST_EVO_LAVIDA_Q7_P1
ARR_001925,ST_EVO_DEUTSCHES_HAUS,2026-08-23T05:34:16+07:00,0,0.0,served,ST_EVO_DEUTSCHES_HAUS_P1
ARR_001926,ST_EVO_AUDI_HCM,2026-08-23T06:18:42+07:00,0,0.0,served,ST_EVO_AUDI_HCM_P1
ARR_001927,ST_EVO_LAVIDA_Q7,2026-08-23T06:36:02+07:00,0,0.0,served,ST_EVO_LAVIDA_Q7_P1
ARR_001928,ST_EVO_LAVIDA_Q7,2026-08-23T06:41:51+07:00,0,27.42,served,ST_EVO_LAVIDA_Q7_P1
ARR_001929,ST_EVO_AUDI_HCM,2026-08-23T07:07:16+07:00,0,0.0,served,ST_EVO_AUDI_HCM_P1
ARR_001930,ST_EVO_AUDI_HCM,2026-08-23T07:10:31+07:00,0,0.0,served,ST_EVO_AUDI_HCM_P2
ARR_001931,ST_EVO_AUDI_HCM,2026-08-23T07:20:41+07:00,0,0.0,served,ST_EVO_AUDI_HCM_P3
ARR_001932,ST_EVO_LAVIDA_Q7,2026-08-23T07:57:46+07:00,0,2.13,served,ST_EVO_LAVIDA_Q7_P1
ARR_001933,ST_EVO_AUDI_HCM,2026-08-23T08:23:15+07:00,0,0.0,served,ST_EVO_AUDI_HCM_P1
ARR_001934,ST_EVO_DEUTSCHES_HAUS,2026-08-23T08:27:16+07:00,0,0.0,served,ST_EVO_DEUTSCHES_HAUS_P2
ARR_001935,ST_EVO_AUDI_HCM,2026-08-23T09:04:12+07:00,0,0.0,served,ST_EVO_AUDI_HCM_P2
ARR_001936,ST_EVO_LAVIDA_Q7,2026-08-23T09:19:10+07:00,0,0.0,served,ST_EVO_LAVIDA_Q7_P1
ARR_001937,ST_EVO_AUDI_HCM,2026-08-23T09:39:21+07:00,0,0.0,served,ST_EVO_AUDI_HCM_P1
ARR_001938,ST_EVO_DEUTSCHES_HAUS,2026-08-23T09:43:44+07:00,0,0.0,served,ST_EVO_DEUTSCHES_HAUS_P2
ARR_001939,ST_EVO_DEUTSCHES_HAUS,2026-08-23T09:44:01+07:00,0,0.0,served,ST_EVO_DEUTSCHES_HAUS_P3
ARR_001940,ST_EVO_LAVIDA_Q7,2026-08-23T10:18:38+07:00,0,0.0,served,ST_EVO_LAVIDA_Q7_P1
ARR_001941,ST_EVO_AUDI_HCM,2026-08-23T10:21:24+07:00,0,0.0,served,ST_EVO_AUDI_HCM_P2
ARR_001942,ST_EVO_DEUTSCHES_HAUS,2026-08-23T10:29:09+07:00,0,0.0,served,ST_EVO_DEUTSCHES_HAUS_P4
ARR_001943,ST_EVO_AUDI_HCM,2026-08-23T10:38:50+07:00,0,0.0,served,ST_EVO_AUDI_HCM_P1
ARR_001944,ST_EVO_AUDI_HCM,2026-08-23T10:42:41+07:00,0,0.0,served,ST_EVO_AUDI_HCM_P3
ARR_001945,ST_EVO_AUDI_HCM,2026-08-23T10:59:39+07:00,0,0.0,served,ST_EVO_AUDI_HCM_P4
ARR_001946,ST_EVO_DEUTSCHES_HAUS,2026-08-23T11:08:41+07:00,0,13.0,reneged,
ARR_001947,ST_EVO_AUDI_HCM,2026-08-23T11:09:04+07:00,0,0.0,served,ST_EVO_AUDI_HCM_P1
ARR_001948,ST_EVO_DEUTSCHES_HAUS,2026-08-23T11:10:26+07:00,1,29.38,served,ST_EVO_DEUTSCHES_HAUS_P1
ARR_001949,ST_EVO_DEUTSCHES_HAUS,2026-08-23T11:40:54+07:00,0,27.9,reneged,
ARR_001950,ST_EVO_LAVIDA_Q7,2026-08-23T11:46:42+07:00,0,0.0,served,ST_EVO_LAVIDA_Q7_P1
ARR_001951,ST_EVO_LAVIDA_Q7,2026-08-23T12:07:02+07:00,0,10.9,reneged,
ARR_001952,ST_EVO_AUDI_HCM,2026-08-23T12:08:13+07:00,0,0.0,served,ST_EVO_AUDI_HCM_P1
ARR_001953,ST_EVO_AUDI_HCM,2026-08-23T12:11:17+07:00,0,0.0,served,ST_EVO_AUDI_HCM_P2
ARR_001954,ST_EVO_AUDI_HCM,2026-08-23T12:16:35+07:00,0,4.33,served,ST_EVO_AUDI_HCM_P3
ARR_001955,ST_EVO_AUDI_HCM,2026-08-23T12:20:55+07:00,1,10.68,served,ST_EVO_AUDI_HCM_P2
ARR_001956,ST_EVO_AUDI_HCM,2026-08-23T12:26:10+07:00,1,37.7,served,ST_EVO_AUDI_HCM_P1
ARR_001957,ST_EVO_AUDI_HCM,2026-08-23T12:27:33+07:00,2,11.6,reneged,
ARR_001958,ST_EVO_AUDI_HCM,2026-08-23T12:28:33+07:00,3,43.08,served,ST_EVO_AUDI_HCM_P2
ARR_001959,ST_EVO_DEUTSCHES_HAUS,2026-08-23T12:33:56+07:00,0,15.5,reneged,
ARR_001960,ST_EVO_AUDI_HCM,2026-08-23T12:38:17+07:00,3,25.1,reneged,
ARR_001961,ST_EVO_AUDI_HCM,2026-08-23T13:07:59+07:00,1,22.9,served,ST_EVO_AUDI_HCM_P1
ARR_001962,ST_EVO_AUDI_HCM,2026-08-23T13:16:01+07:00,1,14.92,served,ST_EVO_AUDI_HCM_P2
ARR_001963,ST_EVO_DEUTSCHES_HAUS,2026-08-23T13:29:22+07:00,0,13.9,reneged,
ARR_001964,ST_EVO_DEUTSCHES_HAUS,2026-08-23T13:32:46+07:00,1,39.35,served,ST_EVO_DEUTSCHES_HAUS_P4
ARR_001965,ST_EVO_DEUTSCHES_HAUS,2026-08-23T13:34:34+07:00,2,21.5,reneged,
ARR_001966,ST_EVO_DEUTSCHES_HAUS,2026-08-23T13:43:47+07:00,2,4.0,reneged,
ARR_001967,ST_EVO_AUDI_HCM,2026-08-23T14:31:12+07:00,0,0.0,served,ST_EVO_AUDI_HCM_P1
ARR_001968,ST_EVO_AUDI_HCM,2026-08-23T14:57:57+07:00,0,0.0,served,ST_EVO_AUDI_HCM_P2
ARR_001969,ST_EVO_AUDI_HCM,2026-08-23T15:10:37+07:00,0,0.0,served,ST_EVO_AUDI_HCM_P1
ARR_001970,ST_EVO_DEUTSCHES_HAUS,2026-08-23T15:31:32+07:00,0,0.0,served,ST_EVO_DEUTSCHES_HAUS_P3
ARR_001971,ST_EVO_AUDI_HCM,2026-08-23T16:01:01+07:00,0,0.0,served,ST_EVO_AUDI_HCM_P1
ARR_001972,ST_EVO_AUDI_HCM,2026-08-23T16:09:08+07:00,0,0.0,served,ST_EVO_AUDI_HCM_P2
ARR_001973,ST_EVO_DEUTSCHES_HAUS,2026-08-23T16:25:24+07:00,0,0.0,served,ST_EVO_DEUTSCHES_HAUS_P2
ARR_001974,ST_EVO_AUDI_HCM,2026-08-23T16:35:08+07:00,0,0.0,served,ST_EVO_AUDI_HCM_P1
ARR_001975,ST_EVO_AUDI_HCM,2026-08-23T16:35:10+07:00,0,0.0,served,ST_EVO_AUDI_HCM_P2
ARR_001976,ST_EVO_AUDI_HCM,2026-08-23T17:00:54+07:00,0,0.0,served,ST_EVO_AUDI_HCM_P4
ARR_001977,ST_EVO_LAVIDA_Q7,2026-08-23T17:11:13+07:00,0,0.0,served,ST_EVO_LAVIDA_Q7_P1
ARR_001978,ST_EVO_DEUTSCHES_HAUS,2026-08-23T17:15:02+07:00,0,0.0,served,ST_EVO_DEUTSCHES_HAUS_P1
ARR_001979,ST_EVO_AUDI_HCM,2026-08-23T17:17:03+07:00,0,0.0,served,ST_EVO_AUDI_HCM_P1
ARR_001980,ST_EVO_LAVIDA_Q7,2026-08-23T17:28:13+07:00,0,27.92,served,ST_EVO_LAVIDA_Q7_P1
ARR_001981,ST_EVO_AUDI_HCM,2026-08-23T17:28:41+07:00,0,0.0,served,ST_EVO_AUDI_HCM_P2
ARR_001982,ST_EVO_LAVIDA_Q7,2026-08-23T17:34:48+07:00,1,12.8,reneged,
ARR_001983,ST_EVO_DEUTSCHES_HAUS,2026-08-23T17:36:56+07:00,0,0.0,served,ST_EVO_DEUTSCHES_HAUS_P3
ARR_001984,ST_EVO_DEUTSCHES_HAUS,2026-08-23T17:42:34+07:00,0,0.0,served,ST_EVO_DEUTSCHES_HAUS_P4
ARR_001985,ST_EVO_DEUTSCHES_HAUS,2026-08-23T17:44:47+07:00,0,34.6,reneged,
ARR_001986,ST_EVO_AUDI_HCM,2026-08-23T17:48:41+07:00,0,0.0,served,ST_EVO_AUDI_HCM_P2
ARR_001987,ST_EVO_AUDI_HCM,2026-08-23T17:53:17+07:00,0,5.6,served,ST_EVO_AUDI_HCM_P1
ARR_001988,ST_EVO_AUDI_HCM,2026-08-23T17:53:22+07:00,1,13.57,served,ST_EVO_AUDI_HCM_P2
ARR_001989,ST_EVO_AUDI_HCM,2026-08-23T18:17:18+07:00,0,15.6,reneged,
ARR_001990,ST_EVO_AUDI_HCM,2026-08-23T18:19:44+07:00,1,14.02,served,ST_EVO_AUDI_HCM_P1
ARR_001991,ST_EVO_AUDI_HCM,2026-08-23T18:23:24+07:00,2,7.5,reneged,
ARR_001992,ST_EVO_DEUTSCHES_HAUS,2026-08-23T18:49:15+07:00,0,20.4,reneged,
ARR_001993,ST_EVO_DEUTSCHES_HAUS,2026-08-23T18:58:45+07:00,1,12.9,reneged,
ARR_001994,ST_EVO_AUDI_HCM,2026-08-23T19:36:00+07:00,0,0.0,served,ST_EVO_AUDI_HCM_P1
ARR_001995,ST_EVO_DEUTSCHES_HAUS,2026-08-23T19:36:07+07:00,0,2.23,served,ST_EVO_DEUTSCHES_HAUS_P2
ARR_001996,ST_EVO_LAVIDA_Q7,2026-08-23T19:46:30+07:00,0,0.0,served,ST_EVO_LAVIDA_Q7_P1
ARR_001997,ST_EVO_AUDI_HCM,2026-08-23T20:15:34+07:00,0,0.0,served,ST_EVO_AUDI_HCM_P1
ARR_001998,ST_EVO_AUDI_HCM,2026-08-23T20:25:01+07:00,0,0.0,served,ST_EVO_AUDI_HCM_P2
ARR_001999,ST_EVO_DEUTSCHES_HAUS,2026-08-23T20:25:58+07:00,0,19.85,served,ST_EVO_DEUTSCHES_HAUS_P1
ARR_002000,ST_EVO_AUDI_HCM,2026-08-23T20:26:20+07:00,0,0.0,served,ST_EVO_AUDI_HCM_P3
ARR_002001,ST_EVO_AUDI_HCM,2026-08-23T20:31:58+07:00,0,18.52,served,ST_EVO_AUDI_HCM_P2
ARR_002002,ST_EVO_AUDI_HCM,2026-08-23T20:47:14+07:00,1,5.7,served,ST_EVO_AUDI_HCM_P4
ARR_002003,ST_EVO_AUDI_HCM,2026-08-23T20:49:51+07:00,2,4.0,reneged,
ARR_002004,ST_EVO_AUDI_HCM,2026-08-23T20:53:11+07:00,1,2.95,served,ST_EVO_AUDI_HCM_P1
ARR_002005,ST_EVO_AUDI_HCM,2026-08-23T20:58:19+07:00,0,11.63,served,ST_EVO_AUDI_HCM_P1
ARR_002006,ST_EVO_AUDI_HCM,2026-08-23T21:03:20+07:00,1,19.3,reneged,
ARR_002007,ST_EVO_AUDI_HCM,2026-08-23T21:13:30+07:00,1,25.25,served,ST_EVO_AUDI_HCM_P2
ARR_002008,ST_EVO_AUDI_HCM,2026-08-23T21:43:41+07:00,0,0.0,served,ST_EVO_AUDI_HCM_P1
ARR_002009,ST_EVO_DEUTSCHES_HAUS,2026-08-23T21:56:52+07:00,0,0.0,served,ST_EVO_DEUTSCHES_HAUS_P4
ARR_002010,ST_EVO_AUDI_HCM,2026-08-23T22:06:02+07:00,0,0.0,served,ST_EVO_AUDI_HCM_P2
ARR_002011,ST_EVO_AUDI_HCM,2026-08-23T22:28:13+07:00,0,30.8,reneged,
ARR_002012,ST_EVO_AUDI_HCM,2026-08-23T22:44:53+07:00,1,23.6,reneged,
ARR_002013,ST_EVO_LAVIDA_Q7,2026-08-23T23:02:47+07:00,0,0.0,served,ST_EVO_LAVIDA_Q7_P1
ARR_002014,ST_EVO_AUDI_HCM,2026-08-23T23:06:13+07:00,1,25.3,reneged,
ARR_002015,ST_EVO_AUDI_HCM,2026-08-23T23:35:53+07:00,0,14.0,reneged,
ARR_002016,ST_EVO_DEUTSCHES_HAUS,2026-08-24T03:15:15+07:00,0,0.0,served,ST_EVO_DEUTSCHES_HAUS_P1
ARR_002017,ST_EVO_DEUTSCHES_HAUS,2026-08-24T07:23:51+07:00,0,0.0,served,ST_EVO_DEUTSCHES_HAUS_P2
ARR_002018,ST_EVO_AUDI_HCM,2026-08-24T08:19:47+07:00,0,0.0,served,ST_EVO_AUDI_HCM_P1
ARR_002019,ST_EVO_LAVIDA_Q7,2026-08-24T08:30:22+07:00,0,0.0,served,ST_EVO_LAVIDA_Q7_P1
ARR_002020,ST_EVO_DEUTSCHES_HAUS,2026-08-24T08:40:33+07:00,0,0.0,served,ST_EVO_DEUTSCHES_HAUS_P3
ARR_002021,ST_EVO_AUDI_HCM,2026-08-24T08:54:05+07:00,0,0.0,served,ST_EVO_AUDI_HCM_P1
ARR_002022,ST_EVO_AUDI_HCM,2026-08-24T09:35:36+07:00,0,0.0,served,ST_EVO_AUDI_HCM_P1
ARR_002023,ST_EVO_LAVIDA_Q7,2026-08-24T09:41:13+07:00,0,0.0,served,ST_EVO_LAVIDA_Q7_P1
ARR_002024,ST_EVO_AUDI_HCM,2026-08-24T09:58:18+07:00,0,0.0,served,ST_EVO_AUDI_HCM_P2
ARR_002025,ST_EVO_LAVIDA_Q7,2026-08-24T10:01:12+07:00,0,19.43,served,ST_EVO_LAVIDA_Q7_P1
ARR_002026,ST_EVO_AUDI_HCM,2026-08-24T10:16:16+07:00,0,0.0,served,ST_EVO_AUDI_HCM_P3
ARR_002027,ST_EVO_AUDI_HCM,2026-08-24T10:21:34+07:00,0,0.0,served,ST_EVO_AUDI_HCM_P1
ARR_002028,ST_EVO_DEUTSCHES_HAUS,2026-08-24T10:26:03+07:00,0,0.0,served,ST_EVO_DEUTSCHES_HAUS_P1
ARR_002029,ST_EVO_DEUTSCHES_HAUS,2026-08-24T10:34:09+07:00,0,0.0,served,ST_EVO_DEUTSCHES_HAUS_P4
ARR_002030,ST_EVO_AUDI_HCM,2026-08-24T10:44:59+07:00,0,0.0,served,ST_EVO_AUDI_HCM_P4
ARR_002031,ST_EVO_AUDI_HCM,2026-08-24T11:02:40+07:00,0,0.0,served,ST_EVO_AUDI_HCM_P1
ARR_002032,ST_EVO_AUDI_HCM,2026-08-24T11:06:55+07:00,0,0.0,served,ST_EVO_AUDI_HCM_P2
ARR_002033,ST_EVO_AUDI_HCM,2026-08-24T11:18:21+07:00,0,15.4,reneged,
ARR_002034,ST_EVO_AUDI_HCM,2026-08-24T11:22:22+07:00,1,23.63,served,ST_EVO_AUDI_HCM_P1
ARR_002035,ST_EVO_LAVIDA_Q7,2026-08-24T11:23:51+07:00,0,4.33,served,ST_EVO_LAVIDA_Q7_P1
ARR_002036,ST_EVO_LAVIDA_Q7,2026-08-24T11:32:19+07:00,0,21.5,reneged,
ARR_002037,ST_EVO_AUDI_HCM,2026-08-24T11:34:27+07:00,1,15.88,served,ST_EVO_AUDI_HCM_P2
ARR_002038,ST_EVO_AUDI_HCM,2026-08-24T11:40:47+07:00,2,21.42,served,ST_EVO_AUDI_HCM_P1
ARR_002039,ST_EVO_AUDI_HCM,2026-08-24T11:45:02+07:00,3,17.43,served,ST_EVO_AUDI_HCM_P2
ARR_002040,ST_EVO_AUDI_HCM,2026-08-24T11:45:50+07:00,4,36.2,reneged,
ARR_002041,ST_EVO_AUDI_HCM,2026-08-24T11:52:15+07:00,3,46.7,served,ST_EVO_AUDI_HCM_P1
ARR_002042,ST_EVO_DEUTSCHES_HAUS,2026-08-24T11:53:39+07:00,0,6.8,reneged,
ARR_002043,ST_EVO_AUDI_HCM,2026-08-24T12:04:47+07:00,2,17.8,reneged,
ARR_002044,ST_EVO_AUDI_HCM,2026-08-24T12:08:45+07:00,3,37.0,served,ST_EVO_AUDI_HCM_P2
ARR_002045,ST_EVO_LAVIDA_Q7,2026-08-24T12:14:18+07:00,0,0.0,served,ST_EVO_LAVIDA_Q7_P1
ARR_002046,ST_EVO_AUDI_HCM,2026-08-24T12:20:53+07:00,4,28.6,reneged,
ARR_002047,ST_EVO_LAVIDA_Q7,2026-08-24T12:24:00+07:00,0,5.9,served,ST_EVO_LAVIDA_Q7_P1
ARR_002048,ST_EVO_AUDI_HCM,2026-08-24T12:25:54+07:00,3,24.5,reneged,
ARR_002049,ST_EVO_AUDI_HCM,2026-08-24T12:28:53+07:00,4,21.9,reneged,
ARR_002050,ST_EVO_DEUTSCHES_HAUS,2026-08-24T12:31:42+07:00,0,0.0,served,ST_EVO_DEUTSCHES_HAUS_P2
ARR_002051,ST_EVO_LAVIDA_Q7,2026-08-24T12:37:17+07:00,0,12.72,served,ST_EVO_LAVIDA_Q7_P1
ARR_002052,ST_EVO_DEUTSCHES_HAUS,2026-08-24T12:37:30+07:00,0,0.0,served,ST_EVO_DEUTSCHES_HAUS_P3
ARR_002053,ST_EVO_AUDI_HCM,2026-08-24T12:39:37+07:00,4,14.1,served,ST_EVO_AUDI_HCM_P1
ARR_002054,ST_EVO_AUDI_HCM,2026-08-24T12:49:38+07:00,3,5.27,served,ST_EVO_AUDI_HCM_P2
ARR_002055,ST_EVO_DEUTSCHES_HAUS,2026-08-24T12:53:26+07:00,0,0.0,served,ST_EVO_DEUTSCHES_HAUS_P4
ARR_002056,ST_EVO_AUDI_HCM,2026-08-24T13:02:23+07:00,0,21.83,served,ST_EVO_AUDI_HCM_P1
ARR_002057,ST_EVO_AUDI_HCM,2026-08-24T13:24:04+07:00,1,7.43,served,ST_EVO_AUDI_HCM_P2
ARR_002058,ST_EVO_AUDI_HCM,2026-08-24T13:31:51+07:00,0,19.6,reneged,
ARR_002059,ST_EVO_AUDI_HCM,2026-08-24T13:32:41+07:00,1,29.5,reneged,
ARR_002060,ST_EVO_DEUTSCHES_HAUS,2026-08-24T13:44:14+07:00,0,4.85,served,ST_EVO_DEUTSCHES_HAUS_P1
ARR_002061,ST_EVO_AUDI_HCM,2026-08-24T13:45:25+07:00,2,9.7,reneged,
ARR_002062,ST_EVO_DEUTSCHES_HAUS,2026-08-24T13:56:55+07:00,0,49.6,reneged,
ARR_002063,ST_EVO_AUDI_HCM,2026-08-24T14:10:32+07:00,0,1.28,served,ST_EVO_AUDI_HCM_P1
ARR_002064,ST_EVO_DEUTSCHES_HAUS,2026-08-24T14:19:24+07:00,1,26.5,reneged,
ARR_002065,ST_EVO_AUDI_HCM,2026-08-24T14:27:47+07:00,0,0.0,served,ST_EVO_AUDI_HCM_P2
ARR_002066,ST_EVO_DEUTSCHES_HAUS,2026-08-24T14:28:23+07:00,2,11.9,reneged,
ARR_002067,ST_EVO_LAVIDA_Q7,2026-08-24T15:01:16+07:00,0,0.0,served,ST_EVO_LAVIDA_Q7_P1
ARR_002068,ST_EVO_DEUTSCHES_HAUS,2026-08-24T15:13:32+07:00,0,10.7,reneged,
ARR_002069,ST_EVO_DEUTSCHES_HAUS,2026-08-24T15:45:52+07:00,0,19.0,reneged,
ARR_002070,ST_EVO_AUDI_HCM,2026-08-24T15:58:03+07:00,0,0.0,served,ST_EVO_AUDI_HCM_P1
ARR_002071,ST_EVO_AUDI_HCM,2026-08-24T16:07:04+07:00,0,0.0,served,ST_EVO_AUDI_HCM_P2
ARR_002072,ST_EVO_AUDI_HCM,2026-08-24T16:12:28+07:00,0,0.0,served,ST_EVO_AUDI_HCM_P3
ARR_002073,ST_EVO_AUDI_HCM,2026-08-24T16:17:09+07:00,0,0.0,served,ST_EVO_AUDI_HCM_P4
ARR_002074,ST_EVO_AUDI_HCM,2026-08-24T16:50:42+07:00,0,0.0,served,ST_EVO_AUDI_HCM_P1
ARR_002075,ST_EVO_LAVIDA_Q7,2026-08-24T16:56:51+07:00,0,0.0,served,ST_EVO_LAVIDA_Q7_P1
ARR_002076,ST_EVO_AUDI_HCM,2026-08-24T17:24:20+07:00,0,0.0,served,ST_EVO_AUDI_HCM_P2
ARR_002077,ST_EVO_AUDI_HCM,2026-08-24T17:30:42+07:00,0,0.0,served,ST_EVO_AUDI_HCM_P1
ARR_002078,ST_EVO_DEUTSCHES_HAUS,2026-08-24T17:34:59+07:00,0,0.0,served,ST_EVO_DEUTSCHES_HAUS_P1
ARR_002079,ST_EVO_AUDI_HCM,2026-08-24T17:38:31+07:00,0,21.9,reneged,
ARR_002080,ST_EVO_AUDI_HCM,2026-08-24T17:47:12+07:00,1,19.87,served,ST_EVO_AUDI_HCM_P1
ARR_002081,ST_EVO_AUDI_HCM,2026-08-24T18:02:05+07:00,1,18.67,served,ST_EVO_AUDI_HCM_P2
ARR_002082,ST_EVO_AUDI_HCM,2026-08-24T18:02:27+07:00,2,34.47,served,ST_EVO_AUDI_HCM_P1
ARR_002083,ST_EVO_LAVIDA_Q7,2026-08-24T18:16:21+07:00,0,0.0,served,ST_EVO_LAVIDA_Q7_P1
ARR_002084,ST_EVO_AUDI_HCM,2026-08-24T18:30:27+07:00,1,20.23,served,ST_EVO_AUDI_HCM_P2
ARR_002085,ST_EVO_DEUTSCHES_HAUS,2026-08-24T18:36:28+07:00,0,0.0,served,ST_EVO_DEUTSCHES_HAUS_P2
ARR_002086,ST_EVO_DEUTSCHES_HAUS,2026-08-24T18:37:10+07:00,0,0.0,served,ST_EVO_DEUTSCHES_HAUS_P3
ARR_002087,ST_EVO_DEUTSCHES_HAUS,2026-08-24T18:41:58+07:00,0,7.2,reneged,
ARR_002088,ST_EVO_AUDI_HCM,2026-08-24T18:45:40+07:00,1,17.0,reneged,
ARR_002089,ST_EVO_LAVIDA_Q7,2026-08-24T18:48:06+07:00,0,12.8,served,ST_EVO_LAVIDA_Q7_P1
ARR_002090,ST_EVO_AUDI_HCM,2026-08-24T18:49:58+07:00,2,17.5,served,ST_EVO_AUDI_HCM_P4
ARR_002091,ST_EVO_DEUTSCHES_HAUS,2026-08-24T18:51:22+07:00,0,9.8,reneged,
ARR_002092,ST_EVO_AUDI_HCM,2026-08-24T18:59:56+07:00,2,12.98,served,ST_EVO_AUDI_HCM_P1
ARR_002093,ST_EVO_AUDI_HCM,2026-08-24T19:10:59+07:00,1,23.87,served,ST_EVO_AUDI_HCM_P2
ARR_002094,ST_EVO_AUDI_HCM,2026-08-24T19:16:45+07:00,1,12.5,reneged,
ARR_002095,ST_EVO_AUDI_HCM,2026-08-24T19:33:40+07:00,1,14.1,served,ST_EVO_AUDI_HCM_P1
ARR_002096,ST_EVO_LAVIDA_Q7,2026-08-24T19:55:28+07:00,0,0.0,served,ST_EVO_LAVIDA_Q7_P1
ARR_002097,ST_EVO_AUDI_HCM,2026-08-24T19:57:46+07:00,0,1.3,served,ST_EVO_AUDI_HCM_P2
ARR_002098,ST_EVO_AUDI_HCM,2026-08-24T19:57:57+07:00,1,5.25,served,ST_EVO_AUDI_HCM_P1
ARR_002099,ST_EVO_LAVIDA_Q7,2026-08-24T20:16:02+07:00,0,13.7,reneged,
ARR_002100,ST_EVO_AUDI_HCM,2026-08-24T21:21:06+07:00,0,0.0,served,ST_EVO_AUDI_HCM_P1
ARR_002101,ST_EVO_LAVIDA_Q7,2026-08-24T21:44:21+07:00,0,0.0,served,ST_EVO_LAVIDA_Q7_P1
ARR_002102,ST_EVO_AUDI_HCM,2026-08-24T21:57:35+07:00,0,0.0,served,ST_EVO_AUDI_HCM_P1
ARR_002103,ST_EVO_AUDI_HCM,2026-08-24T22:44:33+07:00,0,0.0,served,ST_EVO_AUDI_HCM_P2
ARR_002104,ST_EVO_LAVIDA_Q7,2026-08-24T22:48:39+07:00,0,16.8,reneged,
ARR_002105,ST_EVO_DEUTSCHES_HAUS,2026-08-25T03:52:34+07:00,0,0.0,served,ST_EVO_DEUTSCHES_HAUS_P1
ARR_002106,ST_EVO_AUDI_HCM,2026-08-25T05:15:40+07:00,0,0.0,served,ST_EVO_AUDI_HCM_P1
ARR_002107,ST_EVO_DEUTSCHES_HAUS,2026-08-25T06:10:30+07:00,0,0.0,served,ST_EVO_DEUTSCHES_HAUS_P2
ARR_002108,ST_EVO_AUDI_HCM,2026-08-25T06:34:28+07:00,0,0.0,served,ST_EVO_AUDI_HCM_P2
ARR_002109,ST_EVO_AUDI_HCM,2026-08-25T06:51:36+07:00,0,0.0,served,ST_EVO_AUDI_HCM_P3
ARR_002110,ST_EVO_DEUTSCHES_HAUS,2026-08-25T07:17:06+07:00,0,0.0,served,ST_EVO_DEUTSCHES_HAUS_P3
ARR_002111,ST_EVO_DEUTSCHES_HAUS,2026-08-25T07:45:28+07:00,0,0.0,served,ST_EVO_DEUTSCHES_HAUS_P4
ARR_002112,ST_EVO_DEUTSCHES_HAUS,2026-08-25T08:00:56+07:00,0,12.2,reneged,
ARR_002113,ST_EVO_AUDI_HCM,2026-08-25T08:01:54+07:00,0,0.0,served,ST_EVO_AUDI_HCM_P1
ARR_002114,ST_EVO_AUDI_HCM,2026-08-25T08:04:34+07:00,0,0.0,served,ST_EVO_AUDI_HCM_P2
ARR_002115,ST_EVO_DEUTSCHES_HAUS,2026-08-25T08:06:25+07:00,1,7.4,reneged,
ARR_002116,ST_EVO_AUDI_HCM,2026-08-25T08:54:28+07:00,0,0.0,served,ST_EVO_AUDI_HCM_P1
ARR_002117,ST_EVO_AUDI_HCM,2026-08-25T09:05:53+07:00,0,0.0,served,ST_EVO_AUDI_HCM_P2
ARR_002118,ST_EVO_LAVIDA_Q7,2026-08-25T09:54:51+07:00,0,0.0,served,ST_EVO_LAVIDA_Q7_P1
ARR_002119,ST_EVO_DEUTSCHES_HAUS,2026-08-25T10:03:26+07:00,0,0.0,served,ST_EVO_DEUTSCHES_HAUS_P1
ARR_002120,ST_EVO_AUDI_HCM,2026-08-25T10:03:53+07:00,0,0.0,served,ST_EVO_AUDI_HCM_P1
ARR_002121,ST_EVO_DEUTSCHES_HAUS,2026-08-25T10:17:09+07:00,0,0.0,served,ST_EVO_DEUTSCHES_HAUS_P2
ARR_002122,ST_EVO_DEUTSCHES_HAUS,2026-08-25T10:18:49+07:00,0,0.0,served,ST_EVO_DEUTSCHES_HAUS_P3
ARR_002123,ST_EVO_AUDI_HCM,2026-08-25T10:21:01+07:00,0,0.0,served,ST_EVO_AUDI_HCM_P1
ARR_002124,ST_EVO_DEUTSCHES_HAUS,2026-08-25T10:22:59+07:00,0,5.5,reneged,
ARR_002125,ST_EVO_DEUTSCHES_HAUS,2026-08-25T10:25:03+07:00,1,28.08,served,ST_EVO_DEUTSCHES_HAUS_P4
ARR_002126,ST_EVO_AUDI_HCM,2026-08-25T10:31:26+07:00,0,0.0,served,ST_EVO_AUDI_HCM_P2
ARR_002127,ST_EVO_DEUTSCHES_HAUS,2026-08-25T10:44:20+07:00,1,16.85,served,ST_EVO_DEUTSCHES_HAUS_P3
ARR_002128,ST_EVO_AUDI_HCM,2026-08-25T11:13:57+07:00,0,0.0,served,ST_EVO_AUDI_HCM_P1
ARR_002129,ST_EVO_AUDI_HCM,2026-08-25T11:20:34+07:00,0,0.0,served,ST_EVO_AUDI_HCM_P4
ARR_002130,ST_EVO_AUDI_HCM,2026-08-25T11:23:38+07:00,0,8.7,served,ST_EVO_AUDI_HCM_P2
ARR_002131,ST_EVO_AUDI_HCM,2026-08-25T11:38:51+07:00,0,8.92,served,ST_EVO_AUDI_HCM_P1
ARR_002132,ST_EVO_AUDI_HCM,2026-08-25T11:54:11+07:00,0,8.4,reneged,
ARR_002133,ST_EVO_AUDI_HCM,2026-08-25T12:08:35+07:00,0,6.57,served,ST_EVO_AUDI_HCM_P3
ARR_002134,ST_EVO_AUDI_HCM,2026-08-25T12:35:20+07:00,0,0.0,served,ST_EVO_AUDI_HCM_P1
ARR_002135,ST_EVO_LAVIDA_Q7,2026-08-25T12:52:55+07:00,0,0.0,served,ST_EVO_LAVIDA_Q7_P1
ARR_002136,ST_EVO_AUDI_HCM,2026-08-25T12:55:07+07:00,0,0.0,served,ST_EVO_AUDI_HCM_P2
ARR_002137,ST_EVO_DEUTSCHES_HAUS,2026-08-25T12:57:26+07:00,0,0.0,served,ST_EVO_DEUTSCHES_HAUS_P2
ARR_002138,ST_EVO_AUDI_HCM,2026-08-25T12:57:50+07:00,0,9.7,served,ST_EVO_AUDI_HCM_P1
ARR_002139,ST_EVO_AUDI_HCM,2026-08-25T13:10:54+07:00,0,1.83,served,ST_EVO_AUDI_HCM_P2
ARR_002140,ST_EVO_AUDI_HCM,2026-08-25T13:18:41+07:00,0,34.0,reneged,
ARR_002141,ST_EVO_AUDI_HCM,2026-08-25T13:24:38+07:00,1,31.08,served,ST_EVO_AUDI_HCM_P1
ARR_002142,ST_EVO_AUDI_HCM,2026-08-25T13:27:01+07:00,2,17.6,reneged,
ARR_002143,ST_EVO_AUDI_HCM,2026-08-25T13:31:13+07:00,3,25.07,served,ST_EVO_AUDI_HCM_P2
ARR_002144,ST_EVO_AUDI_HCM,2026-08-25T13:43:40+07:00,4,28.1,served,ST_EVO_AUDI_HCM_P4
ARR_002145,ST_EVO_AUDI_HCM,2026-08-25T14:07:03+07:00,1,9.4,reneged,
ARR_002146,ST_EVO_LAVIDA_Q7,2026-08-25T14:08:55+07:00,0,0.0,served,ST_EVO_LAVIDA_Q7_P1
ARR_002147,ST_EVO_LAVIDA_Q7,2026-08-25T14:15:05+07:00,0,14.07,served,ST_EVO_LAVIDA_Q7_P1
ARR_002148,ST_EVO_DEUTSCHES_HAUS,2026-08-25T14:28:49+07:00,0,0.0,served,ST_EVO_DEUTSCHES_HAUS_P3
ARR_002149,ST_EVO_AUDI_HCM,2026-08-25T14:33:56+07:00,0,0.52,served,ST_EVO_AUDI_HCM_P2
ARR_002150,ST_EVO_AUDI_HCM,2026-08-25T14:50:54+07:00,0,0.0,served,ST_EVO_AUDI_HCM_P3
ARR_002151,ST_EVO_DEUTSCHES_HAUS,2026-08-25T14:52:48+07:00,0,26.5,reneged,
ARR_002152,ST_EVO_AUDI_HCM,2026-08-25T14:53:23+07:00,0,4.85,served,ST_EVO_AUDI_HCM_P1
ARR_002153,ST_EVO_AUDI_HCM,2026-08-25T15:12:02+07:00,0,7.07,served,ST_EVO_AUDI_HCM_P2
ARR_002154,ST_EVO_LAVIDA_Q7,2026-08-25T15:20:36+07:00,0,0.0,served,ST_EVO_LAVIDA_Q7_P1
ARR_002155,ST_EVO_DEUTSCHES_HAUS,2026-08-25T15:23:59+07:00,0,6.37,served,ST_EVO_DEUTSCHES_HAUS_P4
ARR_002156,ST_EVO_DEUTSCHES_HAUS,2026-08-25T15:56:03+07:00,0,0.0,served,ST_EVO_DEUTSCHES_HAUS_P1
ARR_002157,ST_EVO_LAVIDA_Q7,2026-08-25T15:58:48+07:00,0,3.07,served,ST_EVO_LAVIDA_Q7_P1
ARR_002158,ST_EVO_AUDI_HCM,2026-08-25T16:13:32+07:00,0,0.0,served,ST_EVO_AUDI_HCM_P1
ARR_002159,ST_EVO_AUDI_HCM,2026-08-25T16:17:19+07:00,0,0.0,served,ST_EVO_AUDI_HCM_P2
ARR_002160,ST_EVO_DEUTSCHES_HAUS,2026-08-25T16:20:43+07:00,0,48.0,served,ST_EVO_DEUTSCHES_HAUS_P3
ARR_002161,ST_EVO_LAVIDA_Q7,2026-08-25T16:25:38+07:00,0,20.52,served,ST_EVO_LAVIDA_Q7_P1
ARR_002162,ST_EVO_DEUTSCHES_HAUS,2026-08-25T16:44:49+07:00,1,21.5,reneged,
ARR_002163,ST_EVO_LAVIDA_Q7,2026-08-25T16:52:39+07:00,0,9.43,served,ST_EVO_LAVIDA_Q7_P1
ARR_002164,ST_EVO_AUDI_HCM,2026-08-25T16:57:10+07:00,0,0.0,served,ST_EVO_AUDI_HCM_P3
ARR_002165,ST_EVO_AUDI_HCM,2026-08-25T17:01:18+07:00,0,0.0,served,ST_EVO_AUDI_HCM_P4
ARR_002166,ST_EVO_AUDI_HCM,2026-08-25T17:19:39+07:00,0,0.0,served,ST_EVO_AUDI_HCM_P2
ARR_002167,ST_EVO_LAVIDA_Q7,2026-08-25T17:20:45+07:00,0,13.9,reneged,
ARR_002168,ST_EVO_LAVIDA_Q7,2026-08-25T17:26:24+07:00,1,21.03,served,ST_EVO_LAVIDA_Q7_P1
ARR_002169,ST_EVO_AUDI_HCM,2026-08-25T17:36:00+07:00,0,0.0,served,ST_EVO_AUDI_HCM_P1
ARR_002170,ST_EVO_AUDI_HCM,2026-08-25T17:40:11+07:00,0,9.53,served,ST_EVO_AUDI_HCM_P2
ARR_002171,ST_EVO_AUDI_HCM,2026-08-25T18:15:30+07:00,0,14.3,reneged,
ARR_002172,ST_EVO_AUDI_HCM,2026-08-25T18:25:18+07:00,1,4.87,served,ST_EVO_AUDI_HCM_P1
ARR_002173,ST_EVO_LAVIDA_Q7,2026-08-25T18:48:06+07:00,0,0.0,served,ST_EVO_LAVIDA_Q7_P1
ARR_002174,ST_EVO_AUDI_HCM,2026-08-25T18:59:11+07:00,0,0.0,served,ST_EVO_AUDI_HCM_P1
ARR_002175,ST_EVO_AUDI_HCM,2026-08-25T19:02:26+07:00,0,0.0,served,ST_EVO_AUDI_HCM_P2
ARR_002176,ST_EVO_DEUTSCHES_HAUS,2026-08-25T19:11:20+07:00,0,0.0,served,ST_EVO_DEUTSCHES_HAUS_P2
ARR_002177,ST_EVO_AUDI_HCM,2026-08-25T19:15:56+07:00,0,0.0,served,ST_EVO_AUDI_HCM_P3
ARR_002178,ST_EVO_AUDI_HCM,2026-08-25T19:22:35+07:00,0,11.42,served,ST_EVO_AUDI_HCM_P1
ARR_002179,ST_EVO_AUDI_HCM,2026-08-25T19:22:57+07:00,1,12.8,reneged,
ARR_002180,ST_EVO_LAVIDA_Q7,2026-08-25T19:28:10+07:00,0,0.0,served,ST_EVO_LAVIDA_Q7_P1
ARR_002181,ST_EVO_AUDI_HCM,2026-08-25T19:45:03+07:00,0,17.15,served,ST_EVO_AUDI_HCM_P1
ARR_002182,ST_EVO_AUDI_HCM,2026-08-25T19:52:18+07:00,1,21.33,served,ST_EVO_AUDI_HCM_P2
ARR_002183,ST_EVO_AUDI_HCM,2026-08-25T20:31:36+07:00,0,0.0,served,ST_EVO_AUDI_HCM_P1
ARR_002184,ST_EVO_LAVIDA_Q7,2026-08-25T21:06:22+07:00,0,0.0,served,ST_EVO_LAVIDA_Q7_P1
ARR_002185,ST_EVO_LAVIDA_Q7,2026-08-25T21:50:14+07:00,0,7.1,reneged,
ARR_002186,ST_EVO_LAVIDA_Q7,2026-08-25T22:09:02+07:00,0,13.45,served,ST_EVO_LAVIDA_Q7_P1
ARR_002187,ST_EVO_DEUTSCHES_HAUS,2026-08-25T22:14:21+07:00,0,0.0,served,ST_EVO_DEUTSCHES_HAUS_P2
ARR_002188,ST_EVO_AUDI_HCM,2026-08-25T22:23:15+07:00,0,0.0,served,ST_EVO_AUDI_HCM_P1
ARR_002189,ST_EVO_LAVIDA_Q7,2026-08-25T22:23:27+07:00,0,14.9,reneged,
ARR_002190,ST_EVO_DEUTSCHES_HAUS,2026-08-25T23:14:52+07:00,0,0.0,served,ST_EVO_DEUTSCHES_HAUS_P4
ARR_002191,ST_EVO_DEUTSCHES_HAUS,2026-08-26T00:57:22+07:00,0,0.0,served,ST_EVO_DEUTSCHES_HAUS_P1
ARR_002192,ST_EVO_AUDI_HCM,2026-08-26T06:25:50+07:00,0,0.0,served,ST_EVO_AUDI_HCM_P1
ARR_002193,ST_EVO_AUDI_HCM,2026-08-26T06:36:43+07:00,0,0.0,served,ST_EVO_AUDI_HCM_P2
ARR_002194,ST_EVO_LAVIDA_Q7,2026-08-26T07:40:24+07:00,0,0.0,served,ST_EVO_LAVIDA_Q7_P1
ARR_002195,ST_EVO_DEUTSCHES_HAUS,2026-08-26T07:49:03+07:00,0,0.0,served,ST_EVO_DEUTSCHES_HAUS_P1
ARR_002196,ST_EVO_DEUTSCHES_HAUS,2026-08-26T07:56:57+07:00,0,0.0,served,ST_EVO_DEUTSCHES_HAUS_P2
ARR_002197,ST_EVO_AUDI_HCM,2026-08-26T08:15:50+07:00,0,0.0,served,ST_EVO_AUDI_HCM_P1
ARR_002198,ST_EVO_AUDI_HCM,2026-08-26T09:00:57+07:00,0,0.0,served,ST_EVO_AUDI_HCM_P2
ARR_002199,ST_EVO_AUDI_HCM,2026-08-26T09:21:59+07:00,0,0.0,served,ST_EVO_AUDI_HCM_P1
ARR_002200,ST_EVO_AUDI_HCM,2026-08-26T09:36:51+07:00,0,0.0,served,ST_EVO_AUDI_HCM_P2
ARR_002201,ST_EVO_AUDI_HCM,2026-08-26T10:02:33+07:00,0,0.0,served,ST_EVO_AUDI_HCM_P1
ARR_002202,ST_EVO_AUDI_HCM,2026-08-26T10:17:19+07:00,0,0.0,served,ST_EVO_AUDI_HCM_P2
ARR_002203,ST_EVO_AUDI_HCM,2026-08-26T10:17:25+07:00,0,0.0,served,ST_EVO_AUDI_HCM_P3
ARR_002204,ST_EVO_LAVIDA_Q7,2026-08-26T10:18:48+07:00,0,0.0,served,ST_EVO_LAVIDA_Q7_P1
ARR_002205,ST_EVO_DEUTSCHES_HAUS,2026-08-26T10:19:26+07:00,0,0.0,served,ST_EVO_DEUTSCHES_HAUS_P3
ARR_002206,ST_EVO_AUDI_HCM,2026-08-26T10:21:30+07:00,0,0.0,served,ST_EVO_AUDI_HCM_P4
ARR_002207,ST_EVO_LAVIDA_Q7,2026-08-26T10:22:52+07:00,0,23.3,reneged,
ARR_002208,ST_EVO_AUDI_HCM,2026-08-26T10:34:04+07:00,0,0.0,served,ST_EVO_AUDI_HCM_P1
ARR_002209,ST_EVO_LAVIDA_Q7,2026-08-26T10:45:49+07:00,1,19.6,served,ST_EVO_LAVIDA_Q7_P1
ARR_002210,ST_EVO_AUDI_HCM,2026-08-26T11:11:42+07:00,0,0.0,served,ST_EVO_AUDI_HCM_P1
ARR_002211,ST_EVO_AUDI_HCM,2026-08-26T11:22:31+07:00,0,0.0,served,ST_EVO_AUDI_HCM_P2
ARR_002212,ST_EVO_AUDI_HCM,2026-08-26T11:22:43+07:00,0,11.12,served,ST_EVO_AUDI_HCM_P1
ARR_002213,ST_EVO_LAVIDA_Q7,2026-08-26T11:23:36+07:00,0,34.3,reneged,
ARR_002214,ST_EVO_AUDI_HCM,2026-08-26T11:28:35+07:00,1,26.75,served,ST_EVO_AUDI_HCM_P2
ARR_002215,ST_EVO_AUDI_HCM,2026-08-26T11:46:59+07:00,1,25.45,served,ST_EVO_AUDI_HCM_P2
ARR_002216,ST_EVO_AUDI_HCM,2026-08-26T11:48:35+07:00,2,14.8,reneged,
ARR_002217,ST_EVO_DEUTSCHES_HAUS,2026-08-26T11:50:03+07:00,0,0.0,served,ST_EVO_DEUTSCHES_HAUS_P1
ARR_002218,ST_EVO_DEUTSCHES_HAUS,2026-08-26T11:50:56+07:00,0,0.0,served,ST_EVO_DEUTSCHES_HAUS_P2
ARR_002219,ST_EVO_LAVIDA_Q7,2026-08-26T11:57:39+07:00,1,1.13,served,ST_EVO_LAVIDA_Q7_P1
ARR_002220,ST_EVO_AUDI_HCM,2026-08-26T12:02:17+07:00,2,11.57,served,ST_EVO_AUDI_HCM_P1
ARR_002221,ST_EVO_DEUTSCHES_HAUS,2026-08-26T12:12:44+07:00,0,0.0,served,ST_EVO_DEUTSCHES_HAUS_P4
ARR_002222,ST_EVO_AUDI_HCM,2026-08-26T12:15:36+07:00,0,7.63,served,ST_EVO_AUDI_HCM_P4
ARR_002223,ST_EVO_LAVIDA_Q7,2026-08-26T12:26:56+07:00,0,0.0,served,ST_EVO_LAVIDA_Q7_P1
ARR_002224,ST_EVO_AUDI_HCM,2026-08-26T12:28:51+07:00,0,9.6,reneged,
ARR_002225,ST_EVO_DEUTSCHES_HAUS,2026-08-26T12:29:19+07:00,0,12.5,reneged,
ARR_002226,ST_EVO_AUDI_HCM,2026-08-26T12:29:39+07:00,1,9.33,served,ST_EVO_AUDI_HCM_P2
ARR_002227,ST_EVO_AUDI_HCM,2026-08-26T12:33:28+07:00,2,10.1,reneged,
ARR_002228,ST_EVO_DEUTSCHES_HAUS,2026-08-26T12:39:50+07:00,1,4.1,reneged,
ARR_002229,ST_EVO_AUDI_HCM,2026-08-26T12:56:14+07:00,0,0.0,served,ST_EVO_AUDI_HCM_P2
ARR_002230,ST_EVO_AUDI_HCM,2026-08-26T12:57:22+07:00,0,0.95,served,ST_EVO_AUDI_HCM_P1
ARR_002231,ST_EVO_AUDI_HCM,2026-08-26T13:02:04+07:00,0,27.63,served,ST_EVO_AUDI_HCM_P2
ARR_002232,ST_EVO_AUDI_HCM,2026-08-26T13:36:51+07:00,0,8.4,reneged,
ARR_002233,ST_EVO_AUDI_HCM,2026-08-26T13:41:28+07:00,1,9.5,reneged,
ARR_002234,ST_EVO_AUDI_HCM,2026-08-26T13:52:26+07:00,0,7.15,served,ST_EVO_AUDI_HCM_P2
ARR_002235,ST_EVO_AUDI_HCM,2026-08-26T14:07:53+07:00,0,0.68,served,ST_EVO_AUDI_HCM_P1
ARR_002236,ST_EVO_LAVIDA_Q7,2026-08-26T14:16:37+07:00,0,0.0,served,ST_EVO_LAVIDA_Q7_P1
ARR_002237,ST_EVO_AUDI_HCM,2026-08-26T15:11:09+07:00,0,0.0,served,ST_EVO_AUDI_HCM_P1
ARR_002238,ST_EVO_AUDI_HCM,2026-08-26T15:16:38+07:00,0,0.0,served,ST_EVO_AUDI_HCM_P2
ARR_002239,ST_EVO_AUDI_HCM,2026-08-26T15:32:50+07:00,0,0.0,served,ST_EVO_AUDI_HCM_P4
ARR_002240,ST_EVO_AUDI_HCM,2026-08-26T15:43:02+07:00,0,0.0,served,ST_EVO_AUDI_HCM_P1
ARR_002241,ST_EVO_DEUTSCHES_HAUS,2026-08-26T15:43:33+07:00,0,0.0,served,ST_EVO_DEUTSCHES_HAUS_P1
ARR_002242,ST_EVO_AUDI_HCM,2026-08-26T15:50:57+07:00,0,0.0,served,ST_EVO_AUDI_HCM_P2
ARR_002243,ST_EVO_AUDI_HCM,2026-08-26T15:52:10+07:00,0,17.8,reneged,
ARR_002244,ST_EVO_DEUTSCHES_HAUS,2026-08-26T16:03:05+07:00,0,0.0,served,ST_EVO_DEUTSCHES_HAUS_P2
ARR_002245,ST_EVO_LAVIDA_Q7,2026-08-26T16:25:54+07:00,0,0.0,served,ST_EVO_LAVIDA_Q7_P1
ARR_002246,ST_EVO_AUDI_HCM,2026-08-26T16:42:49+07:00,0,0.0,served,ST_EVO_AUDI_HCM_P1
ARR_002247,ST_EVO_AUDI_HCM,2026-08-26T17:22:21+07:00,0,0.0,served,ST_EVO_AUDI_HCM_P1
ARR_002248,ST_EVO_DEUTSCHES_HAUS,2026-08-26T17:23:58+07:00,0,0.0,served,ST_EVO_DEUTSCHES_HAUS_P3
ARR_002249,ST_EVO_AUDI_HCM,2026-08-26T17:39:28+07:00,0,0.0,served,ST_EVO_AUDI_HCM_P2
ARR_002250,ST_EVO_DEUTSCHES_HAUS,2026-08-26T17:47:12+07:00,0,0.0,served,ST_EVO_DEUTSCHES_HAUS_P4
ARR_002251,ST_EVO_DEUTSCHES_HAUS,2026-08-26T17:51:56+07:00,0,17.5,reneged,
ARR_002252,ST_EVO_AUDI_HCM,2026-08-26T17:58:27+07:00,0,0.0,served,ST_EVO_AUDI_HCM_P1
ARR_002253,ST_EVO_DEUTSCHES_HAUS,2026-08-26T18:03:30+07:00,1,6.0,reneged,
ARR_002254,ST_EVO_AUDI_HCM,2026-08-26T18:07:37+07:00,0,10.72,served,ST_EVO_AUDI_HCM_P2
ARR_002255,ST_EVO_DEUTSCHES_HAUS,2026-08-26T18:10:21+07:00,0,18.55,served,ST_EVO_DEUTSCHES_HAUS_P1
ARR_002256,ST_EVO_AUDI_HCM,2026-08-26T18:12:14+07:00,1,13.6,served,ST_EVO_AUDI_HCM_P3
ARR_002257,ST_EVO_LAVIDA_Q7,2026-08-26T18:24:51+07:00,0,0.0,served,ST_EVO_LAVIDA_Q7_P1
ARR_002258,ST_EVO_AUDI_HCM,2026-08-26T18:45:18+07:00,0,0.0,served,ST_EVO_AUDI_HCM_P1
ARR_002259,ST_EVO_DEUTSCHES_HAUS,2026-08-26T18:57:58+07:00,0,19.4,reneged,
ARR_002260,ST_EVO_DEUTSCHES_HAUS,2026-08-26T19:17:02+07:00,1,16.7,reneged,
ARR_002261,ST_EVO_AUDI_HCM,2026-08-26T19:20:39+07:00,0,0.0,served,ST_EVO_AUDI_HCM_P1
ARR_002262,ST_EVO_LAVIDA_Q7,2026-08-26T20:24:13+07:00,0,0.0,served,ST_EVO_LAVIDA_Q7_P1
ARR_002263,ST_EVO_LAVIDA_Q7,2026-08-26T20:25:49+07:00,0,10.6,reneged,
ARR_002264,ST_EVO_DEUTSCHES_HAUS,2026-08-26T20:31:34+07:00,0,0.0,served,ST_EVO_DEUTSCHES_HAUS_P3
ARR_002265,ST_EVO_AUDI_HCM,2026-08-26T20:39:49+07:00,0,0.0,served,ST_EVO_AUDI_HCM_P1
ARR_002266,ST_EVO_LAVIDA_Q7,2026-08-26T20:47:08+07:00,0,6.68,served,ST_EVO_LAVIDA_Q7_P1
ARR_002267,ST_EVO_AUDI_HCM,2026-08-26T20:49:49+07:00,0,0.0,served,ST_EVO_AUDI_HCM_P2
ARR_002268,ST_EVO_AUDI_HCM,2026-08-26T20:58:39+07:00,0,0.0,served,ST_EVO_AUDI_HCM_P4
ARR_002269,ST_EVO_AUDI_HCM,2026-08-26T21:25:46+07:00,0,0.0,served,ST_EVO_AUDI_HCM_P2
ARR_002270,ST_EVO_DEUTSCHES_HAUS,2026-08-26T21:48:27+07:00,0,0.0,served,ST_EVO_DEUTSCHES_HAUS_P2
ARR_002271,ST_EVO_AUDI_HCM,2026-08-26T22:10:20+07:00,0,0.0,served,ST_EVO_AUDI_HCM_P1
ARR_002272,ST_EVO_DEUTSCHES_HAUS,2026-08-26T22:19:27+07:00,0,0.0,served,ST_EVO_DEUTSCHES_HAUS_P4
ARR_002273,ST_EVO_AUDI_HCM,2026-08-26T22:33:01+07:00,0,0.0,served,ST_EVO_AUDI_HCM_P2
ARR_002274,ST_EVO_AUDI_HCM,2026-08-26T22:34:16+07:00,0,0.0,served,ST_EVO_AUDI_HCM_P4
ARR_002275,ST_EVO_AUDI_HCM,2026-08-26T22:35:22+07:00,0,28.42,served,ST_EVO_AUDI_HCM_P2
ARR_002276,ST_EVO_DEUTSCHES_HAUS,2026-08-27T00:29:38+07:00,0,24.2,reneged,
ARR_002277,ST_EVO_AUDI_HCM,2026-08-27T04:08:12+07:00,0,0.0,served,ST_EVO_AUDI_HCM_P1
ARR_002278,ST_EVO_AUDI_HCM,2026-08-27T06:18:09+07:00,0,0.0,served,ST_EVO_AUDI_HCM_P2
ARR_002279,ST_EVO_AUDI_HCM,2026-08-27T06:41:25+07:00,0,0.0,served,ST_EVO_AUDI_HCM_P3
ARR_002280,ST_EVO_LAVIDA_Q7,2026-08-27T06:46:54+07:00,0,0.0,served,ST_EVO_LAVIDA_Q7_P1
ARR_002281,ST_EVO_LAVIDA_Q7,2026-08-27T07:00:20+07:00,0,15.97,served,ST_EVO_LAVIDA_Q7_P1
ARR_002282,ST_EVO_AUDI_HCM,2026-08-27T07:22:12+07:00,0,0.0,served,ST_EVO_AUDI_HCM_P1
ARR_002283,ST_EVO_AUDI_HCM,2026-08-27T07:48:56+07:00,0,0.0,served,ST_EVO_AUDI_HCM_P1
ARR_002284,ST_EVO_DEUTSCHES_HAUS,2026-08-27T08:03:03+07:00,0,0.0,served,ST_EVO_DEUTSCHES_HAUS_P1
ARR_002285,ST_EVO_LAVIDA_Q7,2026-08-27T08:38:24+07:00,0,0.0,served,ST_EVO_LAVIDA_Q7_P1
ARR_002286,ST_EVO_AUDI_HCM,2026-08-27T08:49:28+07:00,0,0.0,served,ST_EVO_AUDI_HCM_P1
ARR_002287,ST_EVO_DEUTSCHES_HAUS,2026-08-27T09:23:42+07:00,0,0.0,served,ST_EVO_DEUTSCHES_HAUS_P2
ARR_002288,ST_EVO_AUDI_HCM,2026-08-27T09:44:25+07:00,0,0.0,served,ST_EVO_AUDI_HCM_P1
ARR_002289,ST_EVO_AUDI_HCM,2026-08-27T10:18:29+07:00,0,0.0,served,ST_EVO_AUDI_HCM_P1
ARR_002290,ST_EVO_AUDI_HCM,2026-08-27T10:24:59+07:00,0,0.0,served,ST_EVO_AUDI_HCM_P2
ARR_002291,ST_EVO_AUDI_HCM,2026-08-27T10:25:36+07:00,0,0.0,served,ST_EVO_AUDI_HCM_P3
ARR_002292,ST_EVO_LAVIDA_Q7,2026-08-27T10:29:08+07:00,0,0.0,served,ST_EVO_LAVIDA_Q7_P1
ARR_002293,ST_EVO_LAVIDA_Q7,2026-08-27T10:40:21+07:00,0,18.35,served,ST_EVO_LAVIDA_Q7_P1
ARR_002294,ST_EVO_AUDI_HCM,2026-08-27T10:55:02+07:00,0,0.0,served,ST_EVO_AUDI_HCM_P2
ARR_002295,ST_EVO_AUDI_HCM,2026-08-27T11:02:02+07:00,0,0.0,served,ST_EVO_AUDI_HCM_P1
ARR_002296,ST_EVO_AUDI_HCM,2026-08-27T11:04:05+07:00,0,0.0,served,ST_EVO_AUDI_HCM_P4
ARR_002297,ST_EVO_AUDI_HCM,2026-08-27T11:12:09+07:00,0,14.42,served,ST_EVO_AUDI_HCM_P2
ARR_002298,ST_EVO_AUDI_HCM,2026-08-27T11:17:28+07:00,1,17.1,reneged,
ARR_002299,ST_EVO_DEUTSCHES_HAUS,2026-08-27T11:27:21+07:00,0,0.0,served,ST_EVO_DEUTSCHES_HAUS_P1
ARR_002300,ST_EVO_AUDI_HCM,2026-08-27T11:31:54+07:00,1,5.12,served,ST_EVO_AUDI_HCM_P1
ARR_002301,ST_EVO_AUDI_HCM,2026-08-27T11:31:54+07:00,2,21.6,served,ST_EVO_AUDI_HCM_P2
ARR_002302,ST_EVO_AUDI_HCM,2026-08-27T11:32:08+07:00,3,19.1,reneged,
ARR_002303,ST_EVO_DEUTSCHES_HAUS,2026-08-27T11:37:42+07:00,0,0.0,served,ST_EVO_DEUTSCHES_HAUS_P3
ARR_002304,ST_EVO_DEUTSCHES_HAUS,2026-08-27T11:39:06+07:00,0,0.0,served,ST_EVO_DEUTSCHES_HAUS_P4
ARR_002305,ST_EVO_DEUTSCHES_HAUS,2026-08-27T11:45:10+07:00,0,6.9,reneged,
ARR_002306,ST_EVO_AUDI_HCM,2026-08-27T11:48:56+07:00,2,19.28,served,ST_EVO_AUDI_HCM_P1
ARR_002307,ST_EVO_LAVIDA_Q7,2026-08-27T11:57:38+07:00,0,0.0,served,ST_EVO_LAVIDA_Q7_P1
ARR_002308,ST_EVO_LAVIDA_Q7,2026-08-27T12:03:04+07:00,0,6.3,reneged,
ARR_002309,ST_EVO_LAVIDA_Q7,2026-08-27T12:03:59+07:00,1,15.23,served,ST_EVO_LAVIDA_Q7_P1
ARR_002310,ST_EVO_AUDI_HCM,2026-08-27T12:08:37+07:00,0,10.0,reneged,
ARR_002311,ST_EVO_AUDI_HCM,2026-08-27T12:41:14+07:00,0,1.17,served,ST_EVO_AUDI_HCM_P2
ARR_002312,ST_EVO_DEUTSCHES_HAUS,2026-08-27T12:47:07+07:00,0,0.0,served,ST_EVO_DEUTSCHES_HAUS_P2
ARR_002313,ST_EVO_AUDI_HCM,2026-08-27T12:47:38+07:00,0,1.07,served,ST_EVO_AUDI_HCM_P1
ARR_002314,ST_EVO_DEUTSCHES_HAUS,2026-08-27T12:49:33+07:00,0,18.9,reneged,
ARR_002315,ST_EVO_AUDI_HCM,2026-08-27T12:58:43+07:00,0,18.05,served,ST_EVO_AUDI_HCM_P2
ARR_002316,ST_EVO_DEUTSCHES_HAUS,2026-08-27T13:00:44+07:00,1,17.9,reneged,
ARR_002317,ST_EVO_DEUTSCHES_HAUS,2026-08-27T13:04:37+07:00,2,6.6,reneged,
ARR_002318,ST_EVO_AUDI_HCM,2026-08-27T13:05:55+07:00,1,12.3,reneged,
ARR_002319,ST_EVO_AUDI_HCM,2026-08-27T13:17:25+07:00,1,2.8,served,ST_EVO_AUDI_HCM_P1
ARR_002320,ST_EVO_DEUTSCHES_HAUS,2026-08-27T13:22:37+07:00,0,15.1,reneged,
ARR_002321,ST_EVO_DEUTSCHES_HAUS,2026-08-27T13:30:21+07:00,1,6.2,reneged,
ARR_002322,ST_EVO_DEUTSCHES_HAUS,2026-08-27T13:42:02+07:00,0,20.47,served,ST_EVO_DEUTSCHES_HAUS_P4
ARR_002323,ST_EVO_AUDI_HCM,2026-08-27T14:01:15+07:00,0,0.0,served,ST_EVO_AUDI_HCM_P1
ARR_002324,ST_EVO_LAVIDA_Q7,2026-08-27T14:04:55+07:00,0,0.0,served,ST_EVO_LAVIDA_Q7_P1
ARR_002325,ST_EVO_LAVIDA_Q7,2026-08-27T14:36:59+07:00,0,0.0,served,ST_EVO_LAVIDA_Q7_P1
ARR_002326,ST_EVO_LAVIDA_Q7,2026-08-27T14:54:00+07:00,0,20.65,served,ST_EVO_LAVIDA_Q7_P1
ARR_002327,ST_EVO_DEUTSCHES_HAUS,2026-08-27T14:55:28+07:00,0,0.0,served,ST_EVO_DEUTSCHES_HAUS_P3
ARR_002328,ST_EVO_AUDI_HCM,2026-08-27T15:10:51+07:00,0,0.0,served,ST_EVO_AUDI_HCM_P1
ARR_002329,ST_EVO_AUDI_HCM,2026-08-27T15:12:06+07:00,0,0.0,served,ST_EVO_AUDI_HCM_P2
ARR_002330,ST_EVO_LAVIDA_Q7,2026-08-27T15:41:06+07:00,0,12.1,reneged,
ARR_002331,ST_EVO_DEUTSCHES_HAUS,2026-08-27T15:59:41+07:00,0,0.0,served,ST_EVO_DEUTSCHES_HAUS_P1
ARR_002332,ST_EVO_AUDI_HCM,2026-08-27T16:09:04+07:00,0,0.0,served,ST_EVO_AUDI_HCM_P1
ARR_002333,ST_EVO_AUDI_HCM,2026-08-27T16:14:41+07:00,0,0.0,served,ST_EVO_AUDI_HCM_P2
ARR_002334,ST_EVO_DEUTSCHES_HAUS,2026-08-27T16:18:02+07:00,0,0.0,served,ST_EVO_DEUTSCHES_HAUS_P2
ARR_002335,ST_EVO_AUDI_HCM,2026-08-27T16:25:33+07:00,0,16.78,served,ST_EVO_AUDI_HCM_P1
ARR_002336,ST_EVO_DEUTSCHES_HAUS,2026-08-27T16:26:05+07:00,0,15.7,reneged,
ARR_002337,ST_EVO_AUDI_HCM,2026-08-27T16:27:43+07:00,1,8.8,reneged,
ARR_002338,ST_EVO_LAVIDA_Q7,2026-08-27T16:29:18+07:00,0,0.0,served,ST_EVO_LAVIDA_Q7_P1
ARR_002339,ST_EVO_AUDI_HCM,2026-08-27T16:41:01+07:00,1,5.12,served,ST_EVO_AUDI_HCM_P2
ARR_002340,ST_EVO_AUDI_HCM,2026-08-27T16:47:26+07:00,0,16.85,served,ST_EVO_AUDI_HCM_P1
ARR_002341,ST_EVO_AUDI_HCM,2026-08-27T17:13:14+07:00,0,0.0,served,ST_EVO_AUDI_HCM_P4
ARR_002342,ST_EVO_LAVIDA_Q7,2026-08-27T17:18:45+07:00,0,0.0,served,ST_EVO_LAVIDA_Q7_P1
ARR_002343,ST_EVO_DEUTSCHES_HAUS,2026-08-27T17:20:47+07:00,0,25.82,served,ST_EVO_DEUTSCHES_HAUS_P3
ARR_002344,ST_EVO_AUDI_HCM,2026-08-27T17:37:38+07:00,0,0.0,served,ST_EVO_AUDI_HCM_P1
ARR_002345,ST_EVO_DEUTSCHES_HAUS,2026-08-27T17:52:58+07:00,0,18.9,reneged,
ARR_002346,ST_EVO_DEUTSCHES_HAUS,2026-08-27T18:00:18+07:00,1,8.7,reneged,
ARR_002347,ST_EVO_DEUTSCHES_HAUS,2026-08-27T18:12:05+07:00,0,45.5,reneged,
ARR_002348,ST_EVO_AUDI_HCM,2026-08-27T18:45:57+07:00,0,0.0,served,ST_EVO_AUDI_HCM_P1
ARR_002349,ST_EVO_LAVIDA_Q7,2026-08-27T18:49:48+07:00,0,0.0,served,ST_EVO_LAVIDA_Q7_P1
ARR_002350,ST_EVO_LAVIDA_Q7,2026-08-27T18:49:53+07:00,0,14.3,reneged,
ARR_002351,ST_EVO_AUDI_HCM,2026-08-27T18:52:49+07:00,0,0.0,served,ST_EVO_AUDI_HCM_P2
ARR_002352,ST_EVO_AUDI_HCM,2026-08-27T18:59:39+07:00,0,13.6,reneged,
ARR_002353,ST_EVO_LAVIDA_Q7,2026-08-27T19:07:50+07:00,0,12.88,served,ST_EVO_LAVIDA_Q7_P1
ARR_002354,ST_EVO_AUDI_HCM,2026-08-27T19:19:23+07:00,0,0.0,served,ST_EVO_AUDI_HCM_P3
ARR_002355,ST_EVO_AUDI_HCM,2026-08-27T19:19:49+07:00,0,0.0,served,ST_EVO_AUDI_HCM_P4
ARR_002356,ST_EVO_AUDI_HCM,2026-08-27T19:31:41+07:00,0,7.4,served,ST_EVO_AUDI_HCM_P1
ARR_002357,ST_EVO_AUDI_HCM,2026-08-27T19:36:40+07:00,1,4.05,served,ST_EVO_AUDI_HCM_P2
ARR_002358,ST_EVO_DEUTSCHES_HAUS,2026-08-27T19:44:13+07:00,0,0.0,served,ST_EVO_DEUTSCHES_HAUS_P4
ARR_002359,ST_EVO_AUDI_HCM,2026-08-27T19:45:16+07:00,0,16.32,served,ST_EVO_AUDI_HCM_P2
ARR_002360,ST_EVO_DEUTSCHES_HAUS,2026-08-27T19:47:35+07:00,0,12.88,served,ST_EVO_DEUTSCHES_HAUS_P2
ARR_002361,ST_EVO_AUDI_HCM,2026-08-27T20:16:22+07:00,0,9.65,served,ST_EVO_AUDI_HCM_P1
ARR_002362,ST_EVO_AUDI_HCM,2026-08-27T20:21:54+07:00,1,10.4,reneged,
ARR_002363,ST_EVO_DEUTSCHES_HAUS,2026-08-27T20:26:26+07:00,0,0.0,served,ST_EVO_DEUTSCHES_HAUS_P1
ARR_002364,ST_EVO_DEUTSCHES_HAUS,2026-08-27T20:43:44+07:00,0,81.32,served,ST_EVO_DEUTSCHES_HAUS_P2
ARR_002365,ST_EVO_DEUTSCHES_HAUS,2026-08-27T21:03:18+07:00,1,14.4,reneged,
ARR_002366,ST_EVO_AUDI_HCM,2026-08-27T21:14:06+07:00,0,0.0,served,ST_EVO_AUDI_HCM_P2
ARR_002367,ST_EVO_DEUTSCHES_HAUS,2026-08-27T21:15:11+07:00,2,42.4,reneged,
ARR_002368,ST_EVO_AUDI_HCM,2026-08-27T21:27:29+07:00,0,2.4,served,ST_EVO_AUDI_HCM_P1
ARR_002369,ST_EVO_DEUTSCHES_HAUS,2026-08-27T21:45:22+07:00,2,33.8,reneged,
ARR_002370,ST_EVO_AUDI_HCM,2026-08-27T22:50:09+07:00,0,0.0,served,ST_EVO_AUDI_HCM_P1
ARR_002371,ST_EVO_AUDI_HCM,2026-08-27T23:06:14+07:00,0,0.0,served,ST_EVO_AUDI_HCM_P2
ARR_002372,ST_EVO_AUDI_HCM,2026-08-28T00:30:24+07:00,0,0.0,served,ST_EVO_AUDI_HCM_P4
ARR_002373,ST_EVO_AUDI_HCM,2026-08-28T01:31:45+07:00,0,0.0,served,ST_EVO_AUDI_HCM_P3
ARR_002374,ST_EVO_LAVIDA_Q7,2026-08-28T06:20:08+07:00,0,0.0,served,ST_EVO_LAVIDA_Q7_P1
ARR_002375,ST_EVO_AUDI_HCM,2026-08-28T06:49:55+07:00,0,0.0,served,ST_EVO_AUDI_HCM_P1
ARR_002376,ST_EVO_AUDI_HCM,2026-08-28T07:27:59+07:00,0,0.0,served,ST_EVO_AUDI_HCM_P2
ARR_002377,ST_EVO_AUDI_HCM,2026-08-28T08:19:49+07:00,0,0.0,served,ST_EVO_AUDI_HCM_P1
ARR_002378,ST_EVO_AUDI_HCM,2026-08-28T08:41:13+07:00,0,0.0,served,ST_EVO_AUDI_HCM_P2
ARR_002379,ST_EVO_AUDI_HCM,2026-08-28T08:46:42+07:00,0,0.0,served,ST_EVO_AUDI_HCM_P3
ARR_002380,ST_EVO_LAVIDA_Q7,2026-08-28T09:07:16+07:00,0,0.0,served,ST_EVO_LAVIDA_Q7_P1
ARR_002381,ST_EVO_AUDI_HCM,2026-08-28T09:30:26+07:00,0,0.0,served,ST_EVO_AUDI_HCM_P1
ARR_002382,ST_EVO_AUDI_HCM,2026-08-28T09:31:45+07:00,0,0.0,served,ST_EVO_AUDI_HCM_P2
ARR_002383,ST_EVO_AUDI_HCM,2026-08-28T09:48:14+07:00,0,0.0,served,ST_EVO_AUDI_HCM_P4
ARR_002384,ST_EVO_DEUTSCHES_HAUS,2026-08-28T10:02:48+07:00,0,0.0,served,ST_EVO_DEUTSCHES_HAUS_P1
ARR_002385,ST_EVO_DEUTSCHES_HAUS,2026-08-28T10:13:05+07:00,0,0.0,served,ST_EVO_DEUTSCHES_HAUS_P2
ARR_002386,ST_EVO_LAVIDA_Q7,2026-08-28T10:19:00+07:00,0,0.0,served,ST_EVO_LAVIDA_Q7_P1
ARR_002387,ST_EVO_DEUTSCHES_HAUS,2026-08-28T10:51:29+07:00,0,0.0,served,ST_EVO_DEUTSCHES_HAUS_P3
ARR_002388,ST_EVO_DEUTSCHES_HAUS,2026-08-28T10:53:55+07:00,0,20.7,reneged,
ARR_002389,ST_EVO_DEUTSCHES_HAUS,2026-08-28T11:05:55+07:00,1,8.1,reneged,
ARR_002390,ST_EVO_DEUTSCHES_HAUS,2026-08-28T11:11:50+07:00,2,11.4,reneged,
ARR_002391,ST_EVO_AUDI_HCM,2026-08-28T11:12:48+07:00,0,0.0,served,ST_EVO_AUDI_HCM_P1
ARR_002392,ST_EVO_DEUTSCHES_HAUS,2026-08-28T11:23:09+07:00,1,17.7,reneged,
ARR_002393,ST_EVO_LAVIDA_Q7,2026-08-28T11:33:38+07:00,0,0.0,served,ST_EVO_LAVIDA_Q7_P1
ARR_002394,ST_EVO_AUDI_HCM,2026-08-28T11:34:06+07:00,0,0.0,served,ST_EVO_AUDI_HCM_P2
ARR_002395,ST_EVO_LAVIDA_Q7,2026-08-28T11:37:45+07:00,0,16.6,reneged,
ARR_002396,ST_EVO_AUDI_HCM,2026-08-28T11:42:37+07:00,0,0.0,served,ST_EVO_AUDI_HCM_P4
ARR_002397,ST_EVO_LAVIDA_Q7,2026-08-28T11:48:37+07:00,1,5.7,reneged,
ARR_002398,ST_EVO_AUDI_HCM,2026-08-28T11:54:35+07:00,0,0.0,served,ST_EVO_AUDI_HCM_P1
ARR_002399,ST_EVO_LAVIDA_Q7,2026-08-28T11:56:46+07:00,0,6.22,served,ST_EVO_LAVIDA_Q7_P1
ARR_002400,ST_EVO_AUDI_HCM,2026-08-28T12:01:28+07:00,0,0.0,served,ST_EVO_AUDI_HCM_P2
ARR_002401,ST_EVO_LAVIDA_Q7,2026-08-28T12:06:52+07:00,0,39.6,reneged,
ARR_002402,ST_EVO_AUDI_HCM,2026-08-28T12:07:56+07:00,0,12.93,served,ST_EVO_AUDI_HCM_P2
ARR_002403,ST_EVO_AUDI_HCM,2026-08-28T12:16:30+07:00,1,13.15,served,ST_EVO_AUDI_HCM_P1
ARR_002404,ST_EVO_AUDI_HCM,2026-08-28T12:18:01+07:00,2,13.0,served,ST_EVO_AUDI_HCM_P3
ARR_002405,ST_EVO_AUDI_HCM,2026-08-28T12:19:07+07:00,3,12.1,reneged,
ARR_002406,ST_EVO_AUDI_HCM,2026-08-28T12:29:57+07:00,2,10.05,served,ST_EVO_AUDI_HCM_P2
ARR_002407,ST_EVO_AUDI_HCM,2026-08-28T12:31:55+07:00,1,13.5,reneged,
ARR_002408,ST_EVO_AUDI_HCM,2026-08-28T12:33:11+07:00,2,22.28,served,ST_EVO_AUDI_HCM_P1
ARR_002409,ST_EVO_AUDI_HCM,2026-08-28T12:36:30+07:00,3,26.6,reneged,
ARR_002410,ST_EVO_AUDI_HCM,2026-08-28T12:37:01+07:00,4,19.1,reneged,
ARR_002411,ST_EVO_LAVIDA_Q7,2026-08-28T12:43:44+07:00,1,23.98,served,ST_EVO_LAVIDA_Q7_P1
ARR_002412,ST_EVO_AUDI_HCM,2026-08-28T12:45:01+07:00,4,10.7,reneged,
ARR_002413,ST_EVO_AUDI_HCM,2026-08-28T12:50:13+07:00,4,19.67,served,ST_EVO_AUDI_HCM_P1
ARR_002414,ST_EVO_AUDI_HCM,2026-08-28T12:50:48+07:00,5,24.23,served,ST_EVO_AUDI_HCM_P2
ARR_002415,ST_EVO_DEUTSCHES_HAUS,2026-08-28T12:51:07+07:00,0,0.0,served,ST_EVO_DEUTSCHES_HAUS_P1
ARR_002416,ST_EVO_DEUTSCHES_HAUS,2026-08-28T13:00:28+07:00,0,0.0,served,ST_EVO_DEUTSCHES_HAUS_P3
ARR_002417,ST_EVO_DEUTSCHES_HAUS,2026-08-28T13:00:53+07:00,0,0.0,served,ST_EVO_DEUTSCHES_HAUS_P4
ARR_002418,ST_EVO_AUDI_HCM,2026-08-28T13:09:50+07:00,2,9.0,reneged,
ARR_002419,ST_EVO_AUDI_HCM,2026-08-28T13:12:06+07:00,2,26.53,served,ST_EVO_AUDI_HCM_P4
ARR_002420,ST_EVO_LAVIDA_Q7,2026-08-28T13:17:49+07:00,0,11.22,served,ST_EVO_LAVIDA_Q7_P1
ARR_002421,ST_EVO_AUDI_HCM,2026-08-28T13:40:13+07:00,0,13.55,served,ST_EVO_AUDI_HCM_P1
ARR_002422,ST_EVO_AUDI_HCM,2026-08-28T13:49:40+07:00,1,12.97,served,ST_EVO_AUDI_HCM_P2
ARR_002423,ST_EVO_DEUTSCHES_HAUS,2026-08-28T13:58:17+07:00,0,12.9,reneged,
ARR_002424,ST_EVO_LAVIDA_Q7,2026-08-28T13:58:25+07:00,0,9.25,served,ST_EVO_LAVIDA_Q7_P1
ARR_002425,ST_EVO_AUDI_HCM,2026-08-28T14:11:36+07:00,0,0.0,served,ST_EVO_AUDI_HCM_P1
ARR_002426,ST_EVO_DEUTSCHES_HAUS,2026-08-28T14:14:26+07:00,0,1.48,served,ST_EVO_DEUTSCHES_HAUS_P2
ARR_002427,ST_EVO_AUDI_HCM,2026-08-28T14:20:13+07:00,0,5.93,served,ST_EVO_AUDI_HCM_P2
ARR_002428,ST_EVO_DEUTSCHES_HAUS,2026-08-28T14:20:41+07:00,0,10.6,reneged,
ARR_002429,ST_EVO_AUDI_HCM,2026-08-28T14:22:50+07:00,1,12.53,served,ST_EVO_AUDI_HCM_P3
ARR_002430,ST_EVO_AUDI_HCM,2026-08-28T14:49:50+07:00,0,0.0,served,ST_EVO_AUDI_HCM_P1
ARR_002431,ST_EVO_AUDI_HCM,2026-08-28T14:50:16+07:00,0,11.6,reneged,
ARR_002432,ST_EVO_LAVIDA_Q7,2026-08-28T14:59:12+07:00,0,0.0,served,ST_EVO_LAVIDA_Q7_P1
ARR_002433,ST_EVO_AUDI_HCM,2026-08-28T15:02:41+07:00,0,16.2,reneged,
ARR_002434,ST_EVO_DEUTSCHES_HAUS,2026-08-28T15:13:43+07:00,0,0.0,served,ST_EVO_DEUTSCHES_HAUS_P1
ARR_002435,ST_EVO_LAVIDA_Q7,2026-08-28T15:34:26+07:00,0,0.0,served,ST_EVO_LAVIDA_Q7_P1
ARR_002436,ST_EVO_AUDI_HCM,2026-08-28T15:52:05+07:00,0,0.0,served,ST_EVO_AUDI_HCM_P1
ARR_002437,ST_EVO_DEUTSCHES_HAUS,2026-08-28T16:23:46+07:00,0,0.0,served,ST_EVO_DEUTSCHES_HAUS_P3
ARR_002438,ST_EVO_LAVIDA_Q7,2026-08-28T16:25:21+07:00,0,0.0,served,ST_EVO_LAVIDA_Q7_P1
ARR_002439,ST_EVO_AUDI_HCM,2026-08-28T16:43:14+07:00,0,0.0,served,ST_EVO_AUDI_HCM_P1
ARR_002440,ST_EVO_DEUTSCHES_HAUS,2026-08-28T16:57:36+07:00,0,0.0,served,ST_EVO_DEUTSCHES_HAUS_P4
ARR_002441,ST_EVO_AUDI_HCM,2026-08-28T17:08:29+07:00,0,0.0,served,ST_EVO_AUDI_HCM_P2
ARR_002442,ST_EVO_AUDI_HCM,2026-08-28T17:18:35+07:00,0,0.0,served,ST_EVO_AUDI_HCM_P1
ARR_002443,ST_EVO_AUDI_HCM,2026-08-28T17:21:49+07:00,0,2.22,served,ST_EVO_AUDI_HCM_P4
ARR_002444,ST_EVO_AUDI_HCM,2026-08-28T17:23:36+07:00,1,17.9,reneged,
ARR_002445,ST_EVO_AUDI_HCM,2026-08-28T17:24:12+07:00,1,16.4,reneged,
ARR_002446,ST_EVO_AUDI_HCM,2026-08-28T17:25:52+07:00,2,18.65,served,ST_EVO_AUDI_HCM_P1
ARR_002447,ST_EVO_AUDI_HCM,2026-08-28T17:27:42+07:00,3,29.5,reneged,
ARR_002448,ST_EVO_AUDI_HCM,2026-08-28T17:31:19+07:00,4,27.48,served,ST_EVO_AUDI_HCM_P2
ARR_002449,ST_EVO_DEUTSCHES_HAUS,2026-08-28T18:08:49+07:00,0,13.45,served,ST_EVO_DEUTSCHES_HAUS_P1
ARR_002450,ST_EVO_AUDI_HCM,2026-08-28T18:35:18+07:00,0,0.0,served,ST_EVO_AUDI_HCM_P1
ARR_002451,ST_EVO_AUDI_HCM,2026-08-28T18:36:28+07:00,0,0.0,served,ST_EVO_AUDI_HCM_P2
ARR_002452,ST_EVO_LAVIDA_Q7,2026-08-28T18:44:43+07:00,0,0.0,served,ST_EVO_LAVIDA_Q7_P1
ARR_002453,ST_EVO_AUDI_HCM,2026-08-28T18:56:54+07:00,0,0.0,served,ST_EVO_AUDI_HCM_P2
ARR_002454,ST_EVO_AUDI_HCM,2026-08-28T19:15:56+07:00,0,0.0,served,ST_EVO_AUDI_HCM_P1
ARR_002455,ST_EVO_AUDI_HCM,2026-08-28T19:17:10+07:00,0,0.0,served,ST_EVO_AUDI_HCM_P3
ARR_002456,ST_EVO_AUDI_HCM,2026-08-28T19:48:35+07:00,0,0.0,served,ST_EVO_AUDI_HCM_P1
ARR_002457,ST_EVO_AUDI_HCM,2026-08-28T20:01:02+07:00,0,0.0,served,ST_EVO_AUDI_HCM_P2
ARR_002458,ST_EVO_AUDI_HCM,2026-08-28T20:39:32+07:00,0,0.0,served,ST_EVO_AUDI_HCM_P1
ARR_002459,ST_EVO_AUDI_HCM,2026-08-28T20:40:18+07:00,0,4.55,served,ST_EVO_AUDI_HCM_P2
ARR_002460,ST_EVO_AUDI_HCM,2026-08-28T21:04:11+07:00,0,0.0,served,ST_EVO_AUDI_HCM_P1
ARR_002461,ST_EVO_AUDI_HCM,2026-08-28T21:08:16+07:00,0,10.78,served,ST_EVO_AUDI_HCM_P2
ARR_002462,ST_EVO_DEUTSCHES_HAUS,2026-08-28T21:23:20+07:00,0,0.0,served,ST_EVO_DEUTSCHES_HAUS_P1
ARR_002463,ST_EVO_AUDI_HCM,2026-08-28T21:44:58+07:00,0,0.0,served,ST_EVO_AUDI_HCM_P1
ARR_002464,ST_EVO_AUDI_HCM,2026-08-28T21:59:27+07:00,0,0.0,served,ST_EVO_AUDI_HCM_P2
ARR_002465,ST_EVO_AUDI_HCM,2026-08-28T22:28:27+07:00,0,0.0,served,ST_EVO_AUDI_HCM_P4
ARR_002466,ST_EVO_DEUTSCHES_HAUS,2026-08-28T22:39:26+07:00,0,0.0,served,ST_EVO_DEUTSCHES_HAUS_P3
ARR_002467,ST_EVO_DEUTSCHES_HAUS,2026-08-29T01:03:56+07:00,0,0.0,served,ST_EVO_DEUTSCHES_HAUS_P2
ARR_002468,ST_EVO_DEUTSCHES_HAUS,2026-08-29T04:46:25+07:00,0,0.0,served,ST_EVO_DEUTSCHES_HAUS_P1
ARR_002469,ST_EVO_LAVIDA_Q7,2026-08-29T06:40:38+07:00,0,0.0,served,ST_EVO_LAVIDA_Q7_P1
ARR_002470,ST_EVO_AUDI_HCM,2026-08-29T07:53:47+07:00,0,0.0,served,ST_EVO_AUDI_HCM_P1
ARR_002471,ST_EVO_AUDI_HCM,2026-08-29T07:55:15+07:00,0,0.0,served,ST_EVO_AUDI_HCM_P3
ARR_002472,ST_EVO_AUDI_HCM,2026-08-29T08:03:19+07:00,0,0.0,served,ST_EVO_AUDI_HCM_P4
ARR_002473,ST_EVO_AUDI_HCM,2026-08-29T08:18:20+07:00,0,0.0,served,ST_EVO_AUDI_HCM_P1
ARR_002474,ST_EVO_AUDI_HCM,2026-08-29T08:22:38+07:00,0,23.98,served,ST_EVO_AUDI_HCM_P1
ARR_002475,ST_EVO_DEUTSCHES_HAUS,2026-08-29T09:08:31+07:00,0,0.0,served,ST_EVO_DEUTSCHES_HAUS_P1
ARR_002476,ST_EVO_LAVIDA_Q7,2026-08-29T09:43:51+07:00,0,0.0,served,ST_EVO_LAVIDA_Q7_P1
ARR_002477,ST_EVO_DEUTSCHES_HAUS,2026-08-29T09:53:17+07:00,0,0.0,served,ST_EVO_DEUTSCHES_HAUS_P2
ARR_002478,ST_EVO_AUDI_HCM,2026-08-29T09:54:11+07:00,0,0.0,served,ST_EVO_AUDI_HCM_P1
ARR_002479,ST_EVO_LAVIDA_Q7,2026-08-29T10:02:52+07:00,0,0.0,served,ST_EVO_LAVIDA_Q7_P1
ARR_002480,ST_EVO_LAVIDA_Q7,2026-08-29T10:20:52+07:00,0,5.48,served,ST_EVO_LAVIDA_Q7_P1
ARR_002481,ST_EVO_AUDI_HCM,2026-08-29T10:41:59+07:00,0,0.0,served,ST_EVO_AUDI_HCM_P1
ARR_002482,ST_EVO_LAVIDA_Q7,2026-08-29T10:47:59+07:00,0,21.85,served,ST_EVO_LAVIDA_Q7_P1
ARR_002483,ST_EVO_AUDI_HCM,2026-08-29T10:50:49+07:00,0,0.0,served,ST_EVO_AUDI_HCM_P3
ARR_002484,ST_EVO_AUDI_HCM,2026-08-29T10:51:31+07:00,0,13.83,served,ST_EVO_AUDI_HCM_P2
ARR_002485,ST_EVO_AUDI_HCM,2026-08-29T10:59:02+07:00,1,21.8,reneged,
ARR_002486,ST_EVO_LAVIDA_Q7,2026-08-29T11:15:27+07:00,0,17.23,served,ST_EVO_LAVIDA_Q7_P1
ARR_002487,ST_EVO_DEUTSCHES_HAUS,2026-08-29T11:36:20+07:00,0,0.0,served,ST_EVO_DEUTSCHES_HAUS_P3
ARR_002488,ST_EVO_AUDI_HCM,2026-08-29T11:38:00+07:00,0,0.0,served,ST_EVO_AUDI_HCM_P1
ARR_002489,ST_EVO_AUDI_HCM,2026-08-29T11:40:04+07:00,0,17.68,served,ST_EVO_AUDI_HCM_P1
ARR_002490,ST_EVO_DEUTSCHES_HAUS,2026-08-29T11:45:08+07:00,0,0.0,served,ST_EVO_DEUTSCHES_HAUS_P4
ARR_002491,ST_EVO_DEUTSCHES_HAUS,2026-08-29T11:46:46+07:00,0,42.4,reneged,
ARR_002492,ST_EVO_DEUTSCHES_HAUS,2026-08-29T11:51:08+07:00,1,14.3,reneged,
ARR_002493,ST_EVO_LAVIDA_Q7,2026-08-29T11:58:00+07:00,0,8.15,served,ST_EVO_LAVIDA_Q7_P1
ARR_002494,ST_EVO_LAVIDA_Q7,2026-08-29T12:07:34+07:00,0,16.0,reneged,
ARR_002495,ST_EVO_AUDI_HCM,2026-08-29T12:17:56+07:00,0,0.0,served,ST_EVO_AUDI_HCM_P2
ARR_002496,ST_EVO_DEUTSCHES_HAUS,2026-08-29T12:26:15+07:00,1,12.53,served,ST_EVO_DEUTSCHES_HAUS_P3
ARR_002497,ST_EVO_AUDI_HCM,2026-08-29T12:40:16+07:00,0,0.0,served,ST_EVO_AUDI_HCM_P1
ARR_002498,ST_EVO_AUDI_HCM,2026-08-29T12:51:26+07:00,0,0.0,served,ST_EVO_AUDI_HCM_P4
ARR_002499,ST_EVO_AUDI_HCM,2026-08-29T12:55:38+07:00,0,15.2,reneged,
ARR_002500,ST_EVO_LAVIDA_Q7,2026-08-29T13:03:54+07:00,0,0.0,served,ST_EVO_LAVIDA_Q7_P1
ARR_002501,ST_EVO_DEUTSCHES_HAUS,2026-08-29T13:05:23+07:00,0,4.8,reneged,
ARR_002502,ST_EVO_AUDI_HCM,2026-08-29T13:26:01+07:00,0,0.0,served,ST_EVO_AUDI_HCM_P3
ARR_002503,ST_EVO_AUDI_HCM,2026-08-29T13:38:18+07:00,0,0.0,served,ST_EVO_AUDI_HCM_P2
ARR_002504,ST_EVO_DEUTSCHES_HAUS,2026-08-29T13:39:07+07:00,0,0.0,served,ST_EVO_DEUTSCHES_HAUS_P3
ARR_002505,ST_EVO_AUDI_HCM,2026-08-29T13:48:34+07:00,0,5.98,served,ST_EVO_AUDI_HCM_P1
ARR_002506,ST_EVO_AUDI_HCM,2026-08-29T13:58:16+07:00,0,43.1,reneged,
ARR_002507,ST_EVO_DEUTSCHES_HAUS,2026-08-29T14:34:25+07:00,0,11.4,reneged,
ARR_002508,ST_EVO_AUDI_HCM,2026-08-29T14:47:08+07:00,0,0.0,served,ST_EVO_AUDI_HCM_P2
ARR_002509,ST_EVO_AUDI_HCM,2026-08-29T14:48:06+07:00,0,4.45,served,ST_EVO_AUDI_HCM_P1
ARR_002510,ST_EVO_DEUTSCHES_HAUS,2026-08-29T14:50:27+07:00,0,0.0,served,ST_EVO_DEUTSCHES_HAUS_P1
ARR_002511,ST_EVO_AUDI_HCM,2026-08-29T14:53:14+07:00,0,10.2,reneged,
ARR_002512,ST_EVO_AUDI_HCM,2026-08-29T14:54:06+07:00,1,12.4,reneged,
ARR_002513,ST_EVO_AUDI_HCM,2026-08-29T15:19:10+07:00,0,4.68,served,ST_EVO_AUDI_HCM_P1
ARR_002514,ST_EVO_AUDI_HCM,2026-08-29T15:31:38+07:00,0,0.0,served,ST_EVO_AUDI_HCM_P2
ARR_002515,ST_EVO_AUDI_HCM,2026-08-29T15:46:34+07:00,0,14.0,reneged,
ARR_002516,ST_EVO_DEUTSCHES_HAUS,2026-08-29T16:00:16+07:00,0,30.6,reneged,
ARR_002517,ST_EVO_AUDI_HCM,2026-08-29T16:10:12+07:00,0,10.07,served,ST_EVO_AUDI_HCM_P2
ARR_002518,ST_EVO_LAVIDA_Q7,2026-08-29T16:10:14+07:00,0,0.0,served,ST_EVO_LAVIDA_Q7_P1
ARR_002519,ST_EVO_DEUTSCHES_HAUS,2026-08-29T16:34:11+07:00,0,17.5,reneged,
ARR_002520,ST_EVO_LAVIDA_Q7,2026-08-29T16:42:12+07:00,0,5.4,served,ST_EVO_LAVIDA_Q7_P1
ARR_002521,ST_EVO_DEUTSCHES_HAUS,2026-08-29T16:59:25+07:00,0,0.22,served,ST_EVO_DEUTSCHES_HAUS_P2
ARR_002522,ST_EVO_AUDI_HCM,2026-08-29T17:08:38+07:00,0,0.0,served,ST_EVO_AUDI_HCM_P1
ARR_002523,ST_EVO_DEUTSCHES_HAUS,2026-08-29T17:33:54+07:00,0,0.0,served,ST_EVO_DEUTSCHES_HAUS_P3
ARR_002524,ST_EVO_LAVIDA_Q7,2026-08-29T17:45:54+07:00,0,0.0,served,ST_EVO_LAVIDA_Q7_P1
ARR_002525,ST_EVO_AUDI_HCM,2026-08-29T18:04:15+07:00,0,0.0,served,ST_EVO_AUDI_HCM_P1
ARR_002526,ST_EVO_AUDI_HCM,2026-08-29T18:09:43+07:00,0,0.0,served,ST_EVO_AUDI_HCM_P2
ARR_002527,ST_EVO_DEUTSCHES_HAUS,2026-08-29T18:12:25+07:00,0,0.0,served,ST_EVO_DEUTSCHES_HAUS_P4
ARR_002528,ST_EVO_AUDI_HCM,2026-08-29T18:25:03+07:00,0,0.0,served,ST_EVO_AUDI_HCM_P3
ARR_002529,ST_EVO_AUDI_HCM,2026-08-29T18:32:45+07:00,0,2.1,served,ST_EVO_AUDI_HCM_P1
ARR_002530,ST_EVO_AUDI_HCM,2026-08-29T18:44:28+07:00,0,14.32,served,ST_EVO_AUDI_HCM_P2
ARR_002531,ST_EVO_LAVIDA_Q7,2026-08-29T18:48:32+07:00,0,0.0,served,ST_EVO_LAVIDA_Q7_P1
ARR_002532,ST_EVO_AUDI_HCM,2026-08-29T19:28:55+07:00,0,3.92,served,ST_EVO_AUDI_HCM_P2
ARR_002533,ST_EVO_LAVIDA_Q7,2026-08-29T19:45:12+07:00,0,0.0,served,ST_EVO_LAVIDA_Q7_P1
ARR_002534,ST_EVO_AUDI_HCM,2026-08-29T19:47:57+07:00,0,14.65,served,ST_EVO_AUDI_HCM_P4
ARR_002535,ST_EVO_LAVIDA_Q7,2026-08-29T19:51:51+07:00,0,27.33,served,ST_EVO_LAVIDA_Q7_P1
ARR_002536,ST_EVO_AUDI_HCM,2026-08-29T19:55:29+07:00,1,7.92,served,ST_EVO_AUDI_HCM_P1
ARR_002537,ST_EVO_AUDI_HCM,2026-08-29T20:12:13+07:00,0,6.5,served,ST_EVO_AUDI_HCM_P2
ARR_002538,ST_EVO_AUDI_HCM,2026-08-29T20:38:20+07:00,0,0.0,served,ST_EVO_AUDI_HCM_P2
ARR_002539,ST_EVO_LAVIDA_Q7,2026-08-29T20:49:41+07:00,0,11.28,served,ST_EVO_LAVIDA_Q7_P1
ARR_002540,ST_EVO_AUDI_HCM,2026-08-29T20:53:49+07:00,0,0.0,served,ST_EVO_AUDI_HCM_P1
ARR_002541,ST_EVO_AUDI_HCM,2026-08-29T20:54:23+07:00,0,7.7,reneged,
ARR_002542,ST_EVO_DEUTSCHES_HAUS,2026-08-29T21:02:24+07:00,0,0.0,served,ST_EVO_DEUTSCHES_HAUS_P1
ARR_002543,ST_EVO_DEUTSCHES_HAUS,2026-08-29T21:37:02+07:00,0,0.0,served,ST_EVO_DEUTSCHES_HAUS_P2
ARR_002544,ST_EVO_AUDI_HCM,2026-08-29T21:39:33+07:00,0,0.0,served,ST_EVO_AUDI_HCM_P1
ARR_002545,ST_EVO_AUDI_HCM,2026-08-29T21:45:26+07:00,0,0.0,served,ST_EVO_AUDI_HCM_P2
ARR_002546,ST_EVO_AUDI_HCM,2026-08-29T22:26:41+07:00,0,0.0,served,ST_EVO_AUDI_HCM_P3
ARR_002547,ST_EVO_AUDI_HCM,2026-08-29T23:25:50+07:00,0,0.0,served,ST_EVO_AUDI_HCM_P2
ARR_002548,ST_EVO_DEUTSCHES_HAUS,2026-08-30T01:17:31+07:00,0,0.0,served,ST_EVO_DEUTSCHES_HAUS_P3
ARR_002549,ST_EVO_AUDI_HCM,2026-08-30T07:35:18+07:00,0,0.0,served,ST_EVO_AUDI_HCM_P1
ARR_002550,ST_EVO_AUDI_HCM,2026-08-30T07:42:48+07:00,0,0.0,served,ST_EVO_AUDI_HCM_P2
ARR_002551,ST_EVO_AUDI_HCM,2026-08-30T08:48:26+07:00,0,0.0,served,ST_EVO_AUDI_HCM_P1
ARR_002552,ST_EVO_AUDI_HCM,2026-08-30T09:14:11+07:00,0,0.0,served,ST_EVO_AUDI_HCM_P2
ARR_002553,ST_EVO_AUDI_HCM,2026-08-30T09:30:07+07:00,0,0.0,served,ST_EVO_AUDI_HCM_P3
ARR_002554,ST_EVO_LAVIDA_Q7,2026-08-30T09:43:57+07:00,0,0.0,served,ST_EVO_LAVIDA_Q7_P1
ARR_002555,ST_EVO_AUDI_HCM,2026-08-30T09:56:02+07:00,0,0.0,served,ST_EVO_AUDI_HCM_P1
ARR_002556,ST_EVO_AUDI_HCM,2026-08-30T10:20:39+07:00,0,0.0,served,ST_EVO_AUDI_HCM_P2
ARR_002557,ST_EVO_DEUTSCHES_HAUS,2026-08-30T10:29:45+07:00,0,0.0,served,ST_EVO_DEUTSCHES_HAUS_P1
ARR_002558,ST_EVO_DEUTSCHES_HAUS,2026-08-30T11:00:15+07:00,0,0.0,served,ST_EVO_DEUTSCHES_HAUS_P2
ARR_002559,ST_EVO_AUDI_HCM,2026-08-30T11:32:23+07:00,0,0.0,served,ST_EVO_AUDI_HCM_P1
ARR_002560,ST_EVO_AUDI_HCM,2026-08-30T11:34:40+07:00,0,0.0,served,ST_EVO_AUDI_HCM_P2
ARR_002561,ST_EVO_AUDI_HCM,2026-08-30T11:36:07+07:00,0,0.0,served,ST_EVO_AUDI_HCM_P4
ARR_002562,ST_EVO_AUDI_HCM,2026-08-30T11:47:53+07:00,0,26.6,served,ST_EVO_AUDI_HCM_P1
ARR_002563,ST_EVO_AUDI_HCM,2026-08-30T11:51:26+07:00,1,23.42,served,ST_EVO_AUDI_HCM_P3
ARR_002564,ST_EVO_AUDI_HCM,2026-08-30T12:02:44+07:00,2,16.33,served,ST_EVO_AUDI_HCM_P2
ARR_002565,ST_EVO_AUDI_HCM,2026-08-30T12:06:06+07:00,3,28.4,reneged,
ARR_002566,ST_EVO_AUDI_HCM,2026-08-30T12:06:26+07:00,4,28.55,served,ST_EVO_AUDI_HCM_P2
ARR_002567,ST_EVO_LAVIDA_Q7,2026-08-30T12:08:38+07:00,0,0.0,served,ST_EVO_LAVIDA_Q7_P1
ARR_002568,ST_EVO_DEUTSCHES_HAUS,2026-08-30T12:12:47+07:00,0,0.0,served,ST_EVO_DEUTSCHES_HAUS_P3
ARR_002569,ST_EVO_DEUTSCHES_HAUS,2026-08-30T12:13:54+07:00,0,0.0,served,ST_EVO_DEUTSCHES_HAUS_P4
ARR_002570,ST_EVO_AUDI_HCM,2026-08-30T12:26:03+07:00,2,16.73,served,ST_EVO_AUDI_HCM_P1
ARR_002571,ST_EVO_AUDI_HCM,2026-08-30T12:32:32+07:00,3,34.75,served,ST_EVO_AUDI_HCM_P1
ARR_002572,ST_EVO_AUDI_HCM,2026-08-30T12:46:20+07:00,1,20.3,reneged,
ARR_002573,ST_EVO_LAVIDA_Q7,2026-08-30T12:46:23+07:00,0,0.0,served,ST_EVO_LAVIDA_Q7_P1
ARR_002574,ST_EVO_AUDI_HCM,2026-08-30T12:50:14+07:00,2,25.92,served,ST_EVO_AUDI_HCM_P3
ARR_002575,ST_EVO_AUDI_HCM,2026-08-30T13:22:43+07:00,0,7.6,served,ST_EVO_AUDI_HCM_P4
ARR_002576,ST_EVO_AUDI_HCM,2026-08-30T13:33:53+07:00,0,4.6,served,ST_EVO_AUDI_HCM_P2
ARR_002577,ST_EVO_LAVIDA_Q7,2026-08-30T13:45:03+07:00,0,0.0,served,ST_EVO_LAVIDA_Q7_P1
ARR_002578,ST_EVO_AUDI_HCM,2026-08-30T13:47:37+07:00,0,0.33,served,ST_EVO_AUDI_HCM_P1
ARR_002579,ST_EVO_AUDI_HCM,2026-08-30T13:57:13+07:00,0,8.87,served,ST_EVO_AUDI_HCM_P1
ARR_002580,ST_EVO_LAVIDA_Q7,2026-08-30T14:08:34+07:00,0,17.37,served,ST_EVO_LAVIDA_Q7_P1
ARR_002581,ST_EVO_DEUTSCHES_HAUS,2026-08-30T14:11:33+07:00,0,0.0,served,ST_EVO_DEUTSCHES_HAUS_P4
ARR_002582,ST_EVO_AUDI_HCM,2026-08-30T14:12:25+07:00,0,0.0,served,ST_EVO_AUDI_HCM_P2
ARR_002583,ST_EVO_AUDI_HCM,2026-08-30T14:33:09+07:00,0,0.0,served,ST_EVO_AUDI_HCM_P2
ARR_002584,ST_EVO_AUDI_HCM,2026-08-30T15:03:35+07:00,0,0.0,served,ST_EVO_AUDI_HCM_P1
ARR_002585,ST_EVO_AUDI_HCM,2026-08-30T15:13:19+07:00,0,0.0,served,ST_EVO_AUDI_HCM_P2
ARR_002586,ST_EVO_AUDI_HCM,2026-08-30T15:18:39+07:00,0,9.9,served,ST_EVO_AUDI_HCM_P1
ARR_002587,ST_EVO_LAVIDA_Q7,2026-08-30T15:30:05+07:00,0,0.0,served,ST_EVO_LAVIDA_Q7_P1
ARR_002588,ST_EVO_AUDI_HCM,2026-08-30T15:32:18+07:00,0,11.98,served,ST_EVO_AUDI_HCM_P1
ARR_002589,ST_EVO_AUDI_HCM,2026-08-30T15:38:08+07:00,1,21.1,reneged,
ARR_002590,ST_EVO_LAVIDA_Q7,2026-08-30T15:52:43+07:00,0,0.0,served,ST_EVO_LAVIDA_Q7_P1
ARR_002591,ST_EVO_AUDI_HCM,2026-08-30T15:52:50+07:00,1,8.63,served,ST_EVO_AUDI_HCM_P2
ARR_002592,ST_EVO_DEUTSCHES_HAUS,2026-08-30T16:21:52+07:00,0,0.0,served,ST_EVO_DEUTSCHES_HAUS_P1
ARR_002593,ST_EVO_AUDI_HCM,2026-08-30T17:00:48+07:00,0,0.0,served,ST_EVO_AUDI_HCM_P1
ARR_002594,ST_EVO_AUDI_HCM,2026-08-30T17:01:41+07:00,0,0.0,served,ST_EVO_AUDI_HCM_P2
ARR_002595,ST_EVO_DEUTSCHES_HAUS,2026-08-30T17:16:31+07:00,0,0.0,served,ST_EVO_DEUTSCHES_HAUS_P2
ARR_002596,ST_EVO_LAVIDA_Q7,2026-08-30T17:22:45+07:00,0,0.0,served,ST_EVO_LAVIDA_Q7_P1
ARR_002597,ST_EVO_DEUTSCHES_HAUS,2026-08-30T17:30:11+07:00,0,0.0,served,ST_EVO_DEUTSCHES_HAUS_P3
ARR_002598,ST_EVO_AUDI_HCM,2026-08-30T17:39:33+07:00,0,0.0,served,ST_EVO_AUDI_HCM_P1
ARR_002599,ST_EVO_DEUTSCHES_HAUS,2026-08-30T18:03:44+07:00,0,0.0,served,ST_EVO_DEUTSCHES_HAUS_P1
ARR_002600,ST_EVO_AUDI_HCM,2026-08-30T18:08:41+07:00,0,0.0,served,ST_EVO_AUDI_HCM_P2
ARR_002601,ST_EVO_AUDI_HCM,2026-08-30T18:21:12+07:00,0,0.0,served,ST_EVO_AUDI_HCM_P1
ARR_002602,ST_EVO_DEUTSCHES_HAUS,2026-08-30T18:33:06+07:00,0,13.58,served,ST_EVO_DEUTSCHES_HAUS_P3
ARR_002603,ST_EVO_AUDI_HCM,2026-08-30T18:44:19+07:00,0,0.0,served,ST_EVO_AUDI_HCM_P3
ARR_002604,ST_EVO_LAVIDA_Q7,2026-08-30T18:52:19+07:00,0,0.0,served,ST_EVO_LAVIDA_Q7_P1
ARR_002605,ST_EVO_AUDI_HCM,2026-08-30T18:56:34+07:00,0,0.0,served,ST_EVO_AUDI_HCM_P2
ARR_002606,ST_EVO_AUDI_HCM,2026-08-30T19:31:24+07:00,0,0.0,served,ST_EVO_AUDI_HCM_P1
ARR_002607,ST_EVO_AUDI_HCM,2026-08-30T19:32:53+07:00,0,7.1,served,ST_EVO_AUDI_HCM_P2
ARR_002608,ST_EVO_AUDI_HCM,2026-08-30T19:40:29+07:00,0,8.18,served,ST_EVO_AUDI_HCM_P4
ARR_002609,ST_EVO_DEUTSCHES_HAUS,2026-08-30T19:48:14+07:00,0,0.0,served,ST_EVO_DEUTSCHES_HAUS_P4
ARR_002610,ST_EVO_DEUTSCHES_HAUS,2026-08-30T20:13:24+07:00,0,19.6,reneged,
ARR_002611,ST_EVO_DEUTSCHES_HAUS,2026-08-30T20:32:47+07:00,1,11.2,reneged,
ARR_002612,ST_EVO_AUDI_HCM,2026-08-30T20:51:48+07:00,0,0.0,served,ST_EVO_AUDI_HCM_P1
ARR_002613,ST_EVO_AUDI_HCM,2026-08-30T20:52:08+07:00,0,0.0,served,ST_EVO_AUDI_HCM_P2
ARR_002614,ST_EVO_DEUTSCHES_HAUS,2026-08-30T21:01:12+07:00,0,18.13,served,ST_EVO_DEUTSCHES_HAUS_P2
ARR_002615,ST_EVO_DEUTSCHES_HAUS,2026-08-30T21:04:46+07:00,1,20.0,reneged,
ARR_002616,ST_EVO_LAVIDA_Q7,2026-08-30T21:18:01+07:00,0,0.0,served,ST_EVO_LAVIDA_Q7_P1
ARR_002617,ST_EVO_AUDI_HCM,2026-08-30T21:43:46+07:00,0,0.0,served,ST_EVO_AUDI_HCM_P1
ARR_002618,ST_EVO_AUDI_HCM,2026-08-30T23:10:30+07:00,0,0.0,served,ST_EVO_AUDI_HCM_P2
ARR_002619,ST_EVO_DEUTSCHES_HAUS,2026-08-31T02:50:32+07:00,0,0.0,served,ST_EVO_DEUTSCHES_HAUS_P1
ARR_002620,ST_EVO_AUDI_HCM,2026-08-31T04:22:48+07:00,0,0.0,served,ST_EVO_AUDI_HCM_P1
ARR_002621,ST_EVO_LAVIDA_Q7,2026-08-31T05:04:15+07:00,0,0.0,served,ST_EVO_LAVIDA_Q7_P1
ARR_002622,ST_EVO_DEUTSCHES_HAUS,2026-08-31T06:36:29+07:00,0,0.0,served,ST_EVO_DEUTSCHES_HAUS_P1
ARR_002623,ST_EVO_AUDI_HCM,2026-08-31T06:36:56+07:00,0,0.0,served,ST_EVO_AUDI_HCM_P2
ARR_002624,ST_EVO_AUDI_HCM,2026-08-31T07:13:46+07:00,0,0.0,served,ST_EVO_AUDI_HCM_P1
ARR_002625,ST_EVO_AUDI_HCM,2026-08-31T07:45:46+07:00,0,0.0,served,ST_EVO_AUDI_HCM_P2
ARR_002626,ST_EVO_AUDI_HCM,2026-08-31T08:33:00+07:00,0,0.0,served,ST_EVO_AUDI_HCM_P1
ARR_002627,ST_EVO_DEUTSCHES_HAUS,2026-08-31T08:48:24+07:00,0,0.0,served,ST_EVO_DEUTSCHES_HAUS_P1
ARR_002628,ST_EVO_AUDI_HCM,2026-08-31T08:48:29+07:00,0,0.0,served,ST_EVO_AUDI_HCM_P2
ARR_002629,ST_EVO_AUDI_HCM,2026-08-31T09:02:27+07:00,0,0.0,served,ST_EVO_AUDI_HCM_P1
ARR_002630,ST_EVO_AUDI_HCM,2026-08-31T09:09:47+07:00,0,0.0,served,ST_EVO_AUDI_HCM_P3
ARR_002631,ST_EVO_LAVIDA_Q7,2026-08-31T09:20:27+07:00,0,0.0,served,ST_EVO_LAVIDA_Q7_P1
ARR_002632,ST_EVO_DEUTSCHES_HAUS,2026-08-31T09:57:49+07:00,0,0.0,served,ST_EVO_DEUTSCHES_HAUS_P2
ARR_002633,ST_EVO_LAVIDA_Q7,2026-08-31T10:43:34+07:00,0,0.0,served,ST_EVO_LAVIDA_Q7_P1
ARR_002634,ST_EVO_LAVIDA_Q7,2026-08-31T10:46:30+07:00,0,15.0,reneged,
ARR_002635,ST_EVO_DEUTSCHES_HAUS,2026-08-31T10:48:27+07:00,0,0.0,served,ST_EVO_DEUTSCHES_HAUS_P3
ARR_002636,ST_EVO_AUDI_HCM,2026-08-31T10:50:22+07:00,0,0.0,served,ST_EVO_AUDI_HCM_P1
ARR_002637,ST_EVO_DEUTSCHES_HAUS,2026-08-31T11:04:45+07:00,0,0.0,served,ST_EVO_DEUTSCHES_HAUS_P4
ARR_002638,ST_EVO_LAVIDA_Q7,2026-08-31T11:14:00+07:00,0,3.97,served,ST_EVO_LAVIDA_Q7_P1
ARR_002639,ST_EVO_LAVIDA_Q7,2026-08-31T11:21:17+07:00,0,13.98,served,ST_EVO_LAVIDA_Q7_P1
ARR_002640,ST_EVO_AUDI_HCM,2026-08-31T11:21:30+07:00,0,0.0,served,ST_EVO_AUDI_HCM_P2
ARR_002641,ST_EVO_LAVIDA_Q7,2026-08-31T11:29:35+07:00,1,34.67,served,ST_EVO_LAVIDA_Q7_P1
ARR_002642,ST_EVO_AUDI_HCM,2026-08-31T11:32:55+07:00,0,0.0,served,ST_EVO_AUDI_HCM_P1
ARR_002643,ST_EVO_AUDI_HCM,2026-08-31T11:42:15+07:00,0,0.0,served,ST_EVO_AUDI_HCM_P4
ARR_002644,ST_EVO_AUDI_HCM,2026-08-31T11:46:07+07:00,0,19.48,served,ST_EVO_AUDI_HCM_P2
ARR_002645,ST_EVO_DEUTSCHES_HAUS,2026-08-31T11:58:03+07:00,0,25.5,reneged,
ARR_002646,ST_EVO_AUDI_HCM,2026-08-31T12:02:23+07:00,1,16.2,reneged,
ARR_002647,ST_EVO_DEUTSCHES_HAUS,2026-08-31T12:18:09+07:00,1,31.6,reneged,
ARR_002648,ST_EVO_DEUTSCHES_HAUS,2026-08-31T12:22:39+07:00,2,56.4,reneged,
ARR_002649,ST_EVO_DEUTSCHES_HAUS,2026-08-31T12:37:53+07:00,2,56.7,reneged,
ARR_002650,ST_EVO_AUDI_HCM,2026-08-31T12:45:04+07:00,0,0.0,served,ST_EVO_AUDI_HCM_P1
ARR_002651,ST_EVO_AUDI_HCM,2026-08-31T12:45:30+07:00,0,0.0,served,ST_EVO_AUDI_HCM_P2
ARR_002652,ST_EVO_DEUTSCHES_HAUS,2026-08-31T12:49:08+07:00,3,37.5,reneged,
ARR_002653,ST_EVO_DEUTSCHES_HAUS,2026-08-31T12:54:07+07:00,3,20.5,reneged,
ARR_002654,ST_EVO_AUDI_HCM,2026-08-31T13:00:25+07:00,0,3.62,served,ST_EVO_AUDI_HCM_P2
ARR_002655,ST_EVO_DEUTSCHES_HAUS,2026-08-31T13:21:14+07:00,2,22.12,served,ST_EVO_DEUTSCHES_HAUS_P4
ARR_002656,ST_EVO_AUDI_HCM,2026-08-31T13:26:06+07:00,0,0.0,served,ST_EVO_AUDI_HCM_P1
ARR_002657,ST_EVO_AUDI_HCM,2026-08-31T13:52:04+07:00,0,0.0,served,ST_EVO_AUDI_HCM_P1
ARR_002658,ST_EVO_DEUTSCHES_HAUS,2026-08-31T13:59:29+07:00,0,23.1,reneged,
ARR_002659,ST_EVO_DEUTSCHES_HAUS,2026-08-31T14:08:07+07:00,1,23.1,reneged,
ARR_002660,ST_EVO_DEUTSCHES_HAUS,2026-08-31T14:20:12+07:00,2,12.17,served,ST_EVO_DEUTSCHES_HAUS_P2
ARR_002661,ST_EVO_AUDI_HCM,2026-08-31T14:29:57+07:00,0,0.0,served,ST_EVO_AUDI_HCM_P1
ARR_002662,ST_EVO_AUDI_HCM,2026-08-31T14:53:17+07:00,0,0.0,served,ST_EVO_AUDI_HCM_P2
ARR_002663,ST_EVO_LAVIDA_Q7,2026-08-31T15:04:04+07:00,0,0.0,served,ST_EVO_LAVIDA_Q7_P1
ARR_002664,ST_EVO_LAVIDA_Q7,2026-08-31T15:09:03+07:00,0,0.03,served,ST_EVO_LAVIDA_Q7_P1
ARR_002665,ST_EVO_AUDI_HCM,2026-08-31T15:22:37+07:00,0,0.0,served,ST_EVO_AUDI_HCM_P1
ARR_002666,ST_EVO_AUDI_HCM,2026-08-31T15:33:14+07:00,0,0.0,served,ST_EVO_AUDI_HCM_P3
ARR_002667,ST_EVO_AUDI_HCM,2026-08-31T15:57:16+07:00,0,0.0,served,ST_EVO_AUDI_HCM_P1
ARR_002668,ST_EVO_AUDI_HCM,2026-08-31T16:08:36+07:00,0,0.0,served,ST_EVO_AUDI_HCM_P2
ARR_002669,ST_EVO_AUDI_HCM,2026-08-31T16:23:51+07:00,0,0.0,served,ST_EVO_AUDI_HCM_P1
ARR_002670,ST_EVO_LAVIDA_Q7,2026-08-31T16:29:24+07:00,0,0.0,served,ST_EVO_LAVIDA_Q7_P1
ARR_002671,ST_EVO_AUDI_HCM,2026-08-31T16:46:36+07:00,0,0.0,served,ST_EVO_AUDI_HCM_P2
ARR_002672,ST_EVO_LAVIDA_Q7,2026-08-31T17:07:14+07:00,0,0.0,served,ST_EVO_LAVIDA_Q7_P1
ARR_002673,ST_EVO_LAVIDA_Q7,2026-08-31T17:11:29+07:00,0,23.3,reneged,
ARR_002674,ST_EVO_LAVIDA_Q7,2026-08-31T17:18:19+07:00,1,15.9,reneged,
ARR_002675,ST_EVO_DEUTSCHES_HAUS,2026-08-31T17:24:50+07:00,0,0.0,served,ST_EVO_DEUTSCHES_HAUS_P1
ARR_002676,ST_EVO_DEUTSCHES_HAUS,2026-08-31T17:25:38+07:00,0,0.0,served,ST_EVO_DEUTSCHES_HAUS_P2
ARR_002677,ST_EVO_AUDI_HCM,2026-08-31T17:32:35+07:00,0,0.0,served,ST_EVO_AUDI_HCM_P1
ARR_002678,ST_EVO_AUDI_HCM,2026-08-31T17:39:17+07:00,0,0.0,served,ST_EVO_AUDI_HCM_P2
ARR_002679,ST_EVO_AUDI_HCM,2026-08-31T17:40:23+07:00,0,0.0,served,ST_EVO_AUDI_HCM_P3
ARR_002680,ST_EVO_DEUTSCHES_HAUS,2026-08-31T18:01:31+07:00,0,0.0,served,ST_EVO_DEUTSCHES_HAUS_P3
ARR_002681,ST_EVO_LAVIDA_Q7,2026-08-31T18:27:25+07:00,0,0.0,served,ST_EVO_LAVIDA_Q7_P1
ARR_002682,ST_EVO_AUDI_HCM,2026-08-31T18:30:13+07:00,0,0.0,served,ST_EVO_AUDI_HCM_P1
ARR_002683,ST_EVO_DEUTSCHES_HAUS,2026-08-31T18:30:13+07:00,0,33.8,reneged,
ARR_002684,ST_EVO_AUDI_HCM,2026-08-31T18:32:18+07:00,0,0.0,served,ST_EVO_AUDI_HCM_P4
ARR_002685,ST_EVO_AUDI_HCM,2026-08-31T18:57:27+07:00,0,0.0,served,ST_EVO_AUDI_HCM_P2
ARR_002686,ST_EVO_AUDI_HCM,2026-08-31T18:59:05+07:00,0,0.0,served,ST_EVO_AUDI_HCM_P3
ARR_002687,ST_EVO_LAVIDA_Q7,2026-08-31T19:00:26+07:00,0,0.98,served,ST_EVO_LAVIDA_Q7_P1
ARR_002688,ST_EVO_AUDI_HCM,2026-08-31T19:01:48+07:00,0,3.62,served,ST_EVO_AUDI_HCM_P1
ARR_002689,ST_EVO_LAVIDA_Q7,2026-08-31T19:06:13+07:00,0,13.0,reneged,
ARR_002690,ST_EVO_AUDI_HCM,2026-08-31T19:06:30+07:00,0,11.2,reneged,
ARR_002691,ST_EVO_AUDI_HCM,2026-08-31T19:07:44+07:00,1,21.52,served,ST_EVO_AUDI_HCM_P2
ARR_002692,ST_EVO_AUDI_HCM,2026-08-31T19:16:04+07:00,2,13.4,reneged,
ARR_002693,ST_EVO_AUDI_HCM,2026-08-31T19:52:23+07:00,0,0.0,served,ST_EVO_AUDI_HCM_P1
ARR_002694,ST_EVO_DEUTSCHES_HAUS,2026-08-31T19:55:14+07:00,0,0.0,served,ST_EVO_DEUTSCHES_HAUS_P1
ARR_002695,ST_EVO_DEUTSCHES_HAUS,2026-08-31T20:13:34+07:00,0,10.2,reneged,
ARR_002696,ST_EVO_AUDI_HCM,2026-08-31T20:24:09+07:00,0,0.0,served,ST_EVO_AUDI_HCM_P2
ARR_002697,ST_EVO_LAVIDA_Q7,2026-08-31T20:40:50+07:00,0,0.0,served,ST_EVO_LAVIDA_Q7_P1
ARR_002698,ST_EVO_AUDI_HCM,2026-08-31T21:10:19+07:00,0,0.0,served,ST_EVO_AUDI_HCM_P1
ARR_002699,ST_EVO_DEUTSCHES_HAUS,2026-08-31T21:11:10+07:00,0,0.0,served,ST_EVO_DEUTSCHES_HAUS_P2
ARR_002700,ST_EVO_AUDI_HCM,2026-08-31T21:15:24+07:00,0,0.0,served,ST_EVO_AUDI_HCM_P2
ARR_002701,ST_EVO_LAVIDA_Q7,2026-08-31T21:53:06+07:00,0,0.0,served,ST_EVO_LAVIDA_Q7_P1
ARR_002702,ST_EVO_DEUTSCHES_HAUS,2026-08-31T22:18:10+07:00,0,0.0,served,ST_EVO_DEUTSCHES_HAUS_P3
ARR_002703,ST_EVO_LAVIDA_Q7,2026-08-31T22:38:35+07:00,0,14.5,reneged,
ARR_002704,ST_EVO_DEUTSCHES_HAUS,2026-08-31T22:46:47+07:00,0,0.0,served,ST_EVO_DEUTSCHES_HAUS_P4
ARR_002705,ST_EVO_AUDI_HCM,2026-08-31T23:15:17+07:00,0,0.0,served,ST_EVO_AUDI_HCM_P1
ARR_002706,ST_EVO_AUDI_HCM,2026-09-01T05:12:47+07:00,0,0.0,served,ST_EVO_AUDI_HCM_P1
ARR_002707,ST_EVO_AUDI_HCM,2026-09-01T06:05:51+07:00,0,0.0,served,ST_EVO_AUDI_HCM_P2
ARR_002708,ST_EVO_AUDI_HCM,2026-09-01T06:33:27+07:00,0,0.0,served,ST_EVO_AUDI_HCM_P4
ARR_002709,ST_EVO_AUDI_HCM,2026-09-01T06:33:50+07:00,0,6.35,served,ST_EVO_AUDI_HCM_P2
ARR_002710,ST_EVO_AUDI_HCM,2026-09-01T07:43:50+07:00,0,0.0,served,ST_EVO_AUDI_HCM_P1
ARR_002711,ST_EVO_AUDI_HCM,2026-09-01T07:47:15+07:00,0,0.0,served,ST_EVO_AUDI_HCM_P2
ARR_002712,ST_EVO_AUDI_HCM,2026-09-01T08:04:23+07:00,0,0.0,served,ST_EVO_AUDI_HCM_P3
ARR_002713,ST_EVO_AUDI_HCM,2026-09-01T08:11:11+07:00,0,0.78,served,ST_EVO_AUDI_HCM_P2
ARR_002714,ST_EVO_DEUTSCHES_HAUS,2026-09-01T08:57:16+07:00,0,0.0,served,ST_EVO_DEUTSCHES_HAUS_P1
ARR_002715,ST_EVO_AUDI_HCM,2026-09-01T09:04:26+07:00,0,0.0,served,ST_EVO_AUDI_HCM_P1
ARR_002716,ST_EVO_LAVIDA_Q7,2026-09-01T09:23:10+07:00,0,0.0,served,ST_EVO_LAVIDA_Q7_P1
ARR_002717,ST_EVO_DEUTSCHES_HAUS,2026-09-01T09:40:29+07:00,0,0.0,served,ST_EVO_DEUTSCHES_HAUS_P2
ARR_002718,ST_EVO_AUDI_HCM,2026-09-01T09:50:43+07:00,0,0.0,served,ST_EVO_AUDI_HCM_P1
ARR_002719,ST_EVO_AUDI_HCM,2026-09-01T09:53:30+07:00,0,0.0,served,ST_EVO_AUDI_HCM_P2
ARR_002720,ST_EVO_DEUTSCHES_HAUS,2026-09-01T10:03:14+07:00,0,0.0,served,ST_EVO_DEUTSCHES_HAUS_P3
ARR_002721,ST_EVO_LAVIDA_Q7,2026-09-01T10:10:06+07:00,0,0.0,served,ST_EVO_LAVIDA_Q7_P1
ARR_002722,ST_EVO_DEUTSCHES_HAUS,2026-09-01T10:13:02+07:00,0,0.0,served,ST_EVO_DEUTSCHES_HAUS_P4
ARR_002723,ST_EVO_LAVIDA_Q7,2026-09-01T10:20:37+07:00,0,41.23,served,ST_EVO_LAVIDA_Q7_P1
ARR_002724,ST_EVO_AUDI_HCM,2026-09-01T10:27:34+07:00,0,0.0,served,ST_EVO_AUDI_HCM_P1
ARR_002725,ST_EVO_AUDI_HCM,2026-09-01T10:39:32+07:00,0,0.0,served,ST_EVO_AUDI_HCM_P2
ARR_002726,ST_EVO_AUDI_HCM,2026-09-01T11:04:29+07:00,0,0.0,served,ST_EVO_AUDI_HCM_P1
ARR_002727,ST_EVO_DEUTSCHES_HAUS,2026-09-01T11:33:06+07:00,0,17.8,reneged,
ARR_002728,ST_EVO_AUDI_HCM,2026-09-01T11:33:09+07:00,0,0.0,served,ST_EVO_AUDI_HCM_P2
ARR_002729,ST_EVO_AUDI_HCM,2026-09-01T11:38:33+07:00,0,0.0,served,ST_EVO_AUDI_HCM_P1
ARR_002730,ST_EVO_AUDI_HCM,2026-09-01T11:39:46+07:00,0,0.0,served,ST_EVO_AUDI_HCM_P4
ARR_002731,ST_EVO_AUDI_HCM,2026-09-01T11:44:46+07:00,0,11.98,served,ST_EVO_AUDI_HCM_P2
ARR_002732,ST_EVO_AUDI_HCM,2026-09-01T12:03:24+07:00,0,4.05,served,ST_EVO_AUDI_HCM_P1
ARR_002733,ST_EVO_DEUTSCHES_HAUS,2026-09-01T12:06:12+07:00,0,0.0,served,ST_EVO_DEUTSCHES_HAUS_P2
ARR_002734,ST_EVO_LAVIDA_Q7,2026-09-01T12:06:54+07:00,0,0.0,served,ST_EVO_LAVIDA_Q7_P1
ARR_002735,ST_EVO_AUDI_HCM,2026-09-01T12:10:37+07:00,0,12.0,reneged,
ARR_002736,ST_EVO_LAVIDA_Q7,2026-09-01T12:11:32+07:00,0,17.1,reneged,
ARR_002737,ST_EVO_AUDI_HCM,2026-09-01T12:12:11+07:00,1,21.7,reneged,
ARR_002738,ST_EVO_AUDI_HCM,2026-09-01T12:16:46+07:00,2,28.68,served,ST_EVO_AUDI_HCM_P2
ARR_002739,ST_EVO_DEUTSCHES_HAUS,2026-09-01T12:23:49+07:00,0,7.0,served,ST_EVO_DEUTSCHES_HAUS_P4
ARR_002740,ST_EVO_AUDI_HCM,2026-09-01T12:28:50+07:00,2,31.25,served,ST_EVO_AUDI_HCM_P1
ARR_002741,ST_EVO_DEUTSCHES_HAUS,2026-09-01T12:30:33+07:00,1,24.2,reneged,
ARR_002742,ST_EVO_LAVIDA_Q7,2026-09-01T12:46:21+07:00,0,18.03,served,ST_EVO_LAVIDA_Q7_P1
ARR_002743,ST_EVO_AUDI_HCM,2026-09-01T12:53:51+07:00,1,17.0,served,ST_EVO_AUDI_HCM_P2
ARR_002744,ST_EVO_AUDI_HCM,2026-09-01T13:03:34+07:00,1,30.0,reneged,
ARR_002745,ST_EVO_DEUTSCHES_HAUS,2026-09-01T13:10:17+07:00,0,11.2,reneged,
ARR_002746,ST_EVO_LAVIDA_Q7,2026-09-01T13:21:02+07:00,0,14.02,served,ST_EVO_LAVIDA_Q7_P1
ARR_002747,ST_EVO_LAVIDA_Q7,2026-09-01T13:47:15+07:00,0,20.1,reneged,
ARR_002748,ST_EVO_LAVIDA_Q7,2026-09-01T13:47:19+07:00,1,15.0,reneged,
ARR_002749,ST_EVO_AUDI_HCM,2026-09-01T13:53:03+07:00,0,0.0,served,ST_EVO_AUDI_HCM_P1
ARR_002750,ST_EVO_AUDI_HCM,2026-09-01T13:53:31+07:00,0,0.0,served,ST_EVO_AUDI_HCM_P2
ARR_002751,ST_EVO_AUDI_HCM,2026-09-01T13:57:12+07:00,0,15.7,served,ST_EVO_AUDI_HCM_P1
ARR_002752,ST_EVO_DEUTSCHES_HAUS,2026-09-01T14:21:31+07:00,0,0.0,served,ST_EVO_DEUTSCHES_HAUS_P4
ARR_002753,ST_EVO_AUDI_HCM,2026-09-01T14:38:48+07:00,0,0.0,served,ST_EVO_AUDI_HCM_P3
ARR_002754,ST_EVO_DEUTSCHES_HAUS,2026-09-01T14:43:03+07:00,0,14.98,served,ST_EVO_DEUTSCHES_HAUS_P3
ARR_002755,ST_EVO_DEUTSCHES_HAUS,2026-09-01T15:29:19+07:00,0,0.0,served,ST_EVO_DEUTSCHES_HAUS_P1
ARR_002756,ST_EVO_DEUTSCHES_HAUS,2026-09-01T15:41:38+07:00,0,0.0,served,ST_EVO_DEUTSCHES_HAUS_P2
ARR_002757,ST_EVO_AUDI_HCM,2026-09-01T15:45:34+07:00,0,0.0,served,ST_EVO_AUDI_HCM_P1
ARR_002758,ST_EVO_AUDI_HCM,2026-09-01T15:52:50+07:00,0,0.0,served,ST_EVO_AUDI_HCM_P2
ARR_002759,ST_EVO_AUDI_HCM,2026-09-01T15:56:54+07:00,0,10.6,reneged,
ARR_002760,ST_EVO_AUDI_HCM,2026-09-01T16:07:58+07:00,0,10.32,served,ST_EVO_AUDI_HCM_P1
ARR_002761,ST_EVO_AUDI_HCM,2026-09-01T16:12:37+07:00,1,9.78,served,ST_EVO_AUDI_HCM_P2
ARR_002762,ST_EVO_LAVIDA_Q7,2026-09-01T16:36:43+07:00,0,0.0,served,ST_EVO_LAVIDA_Q7_P1
ARR_002763,ST_EVO_AUDI_HCM,2026-09-01T16:46:26+07:00,0,0.0,served,ST_EVO_AUDI_HCM_P1
ARR_002764,ST_EVO_DEUTSCHES_HAUS,2026-09-01T16:47:49+07:00,0,0.0,served,ST_EVO_DEUTSCHES_HAUS_P4
ARR_002765,ST_EVO_LAVIDA_Q7,2026-09-01T17:08:08+07:00,0,38.57,served,ST_EVO_LAVIDA_Q7_P1
ARR_002766,ST_EVO_AUDI_HCM,2026-09-01T17:17:19+07:00,0,0.0,served,ST_EVO_AUDI_HCM_P2
ARR_002767,ST_EVO_AUDI_HCM,2026-09-01T17:21:33+07:00,0,0.0,served,ST_EVO_AUDI_HCM_P1
ARR_002768,ST_EVO_AUDI_HCM,2026-09-01T17:24:46+07:00,0,0.0,served,ST_EVO_AUDI_HCM_P4
ARR_002769,ST_EVO_AUDI_HCM,2026-09-01T17:53:37+07:00,0,0.0,served,ST_EVO_AUDI_HCM_P2
ARR_002770,ST_EVO_DEUTSCHES_HAUS,2026-09-01T18:01:19+07:00,0,0.0,served,ST_EVO_DEUTSCHES_HAUS_P1
ARR_002771,ST_EVO_AUDI_HCM,2026-09-01T18:04:31+07:00,0,0.0,served,ST_EVO_AUDI_HCM_P1
ARR_002772,ST_EVO_AUDI_HCM,2026-09-01T18:07:18+07:00,0,6.8,served,ST_EVO_AUDI_HCM_P2
ARR_002773,ST_EVO_AUDI_HCM,2026-09-01T18:07:51+07:00,1,14.7,reneged,
ARR_002774,ST_EVO_LAVIDA_Q7,2026-09-01T18:50:11+07:00,0,0.0,served,ST_EVO_LAVIDA_Q7_P1
ARR_002775,ST_EVO_DEUTSCHES_HAUS,2026-09-01T19:01:24+07:00,0,0.0,served,ST_EVO_DEUTSCHES_HAUS_P2
ARR_002776,ST_EVO_AUDI_HCM,2026-09-01T19:17:50+07:00,0,0.0,served,ST_EVO_AUDI_HCM_P1
ARR_002777,ST_EVO_AUDI_HCM,2026-09-01T19:59:15+07:00,0,0.0,served,ST_EVO_AUDI_HCM_P2
ARR_002778,ST_EVO_LAVIDA_Q7,2026-09-01T20:16:14+07:00,0,0.0,served,ST_EVO_LAVIDA_Q7_P1
ARR_002779,ST_EVO_LAVIDA_Q7,2026-09-01T20:18:51+07:00,0,22.6,reneged,
ARR_002780,ST_EVO_AUDI_HCM,2026-09-01T20:41:04+07:00,0,0.0,served,ST_EVO_AUDI_HCM_P2
ARR_002781,ST_EVO_AUDI_HCM,2026-09-01T21:10:40+07:00,0,0.0,served,ST_EVO_AUDI_HCM_P1
ARR_002782,ST_EVO_AUDI_HCM,2026-09-01T21:16:44+07:00,0,0.0,served,ST_EVO_AUDI_HCM_P2
ARR_002783,ST_EVO_AUDI_HCM,2026-09-01T21:40:49+07:00,0,0.0,served,ST_EVO_AUDI_HCM_P2
ARR_002784,ST_EVO_AUDI_HCM,2026-09-01T21:46:58+07:00,0,0.0,served,ST_EVO_AUDI_HCM_P3
ARR_002785,ST_EVO_DEUTSCHES_HAUS,2026-09-01T21:55:28+07:00,0,0.0,served,ST_EVO_DEUTSCHES_HAUS_P1
ARR_002786,ST_EVO_AUDI_HCM,2026-09-01T22:12:03+07:00,0,0.0,served,ST_EVO_AUDI_HCM_P1
ARR_002787,ST_EVO_AUDI_HCM,2026-09-02T00:50:34+07:00,0,0.0,served,ST_EVO_AUDI_HCM_P2
ARR_002788,ST_EVO_AUDI_HCM,2026-09-02T02:36:15+07:00,0,0.0,served,ST_EVO_AUDI_HCM_P3
ARR_002789,ST_EVO_LAVIDA_Q7,2026-09-02T03:13:55+07:00,0,0.0,served,ST_EVO_LAVIDA_Q7_P1
ARR_002790,ST_EVO_AUDI_HCM,2026-09-02T06:32:09+07:00,0,0.0,served,ST_EVO_AUDI_HCM_P1
ARR_002791,ST_EVO_AUDI_HCM,2026-09-02T07:06:35+07:00,0,0.0,served,ST_EVO_AUDI_HCM_P1
ARR_002792,ST_EVO_AUDI_HCM,2026-09-02T07:13:39+07:00,0,0.0,served,ST_EVO_AUDI_HCM_P2
ARR_002793,ST_EVO_AUDI_HCM,2026-09-02T08:07:14+07:00,0,0.0,served,ST_EVO_AUDI_HCM_P1
ARR_002794,ST_EVO_DEUTSCHES_HAUS,2026-09-02T08:19:43+07:00,0,0.0,served,ST_EVO_DEUTSCHES_HAUS_P1
ARR_002795,ST_EVO_AUDI_HCM,2026-09-02T08:19:53+07:00,0,0.0,served,ST_EVO_AUDI_HCM_P2
ARR_002796,ST_EVO_DEUTSCHES_HAUS,2026-09-02T08:32:45+07:00,0,0.0,served,ST_EVO_DEUTSCHES_HAUS_P2
ARR_002797,ST_EVO_DEUTSCHES_HAUS,2026-09-02T08:34:38+07:00,0,0.0,served,ST_EVO_DEUTSCHES_HAUS_P3
ARR_002798,ST_EVO_DEUTSCHES_HAUS,2026-09-02T08:48:07+07:00,0,0.0,served,ST_EVO_DEUTSCHES_HAUS_P4
ARR_002799,ST_EVO_AUDI_HCM,2026-09-02T08:48:22+07:00,0,0.0,served,ST_EVO_AUDI_HCM_P2
ARR_002800,ST_EVO_AUDI_HCM,2026-09-02T08:50:03+07:00,0,0.0,served,ST_EVO_AUDI_HCM_P3
ARR_002801,ST_EVO_AUDI_HCM,2026-09-02T09:24:24+07:00,0,0.0,served,ST_EVO_AUDI_HCM_P1
ARR_002802,ST_EVO_AUDI_HCM,2026-09-02T09:28:05+07:00,0,0.0,served,ST_EVO_AUDI_HCM_P2
ARR_002803,ST_EVO_AUDI_HCM,2026-09-02T09:42:22+07:00,0,0.0,served,ST_EVO_AUDI_HCM_P4
ARR_002804,ST_EVO_AUDI_HCM,2026-09-02T09:50:19+07:00,0,0.0,served,ST_EVO_AUDI_HCM_P1
ARR_002805,ST_EVO_AUDI_HCM,2026-09-02T09:59:28+07:00,0,7.62,served,ST_EVO_AUDI_HCM_P2
ARR_002806,ST_EVO_LAVIDA_Q7,2026-09-02T10:09:35+07:00,0,0.0,served,ST_EVO_LAVIDA_Q7_P1
ARR_002807,ST_EVO_DEUTSCHES_HAUS,2026-09-02T10:14:45+07:00,0,24.3,reneged,
ARR_002808,ST_EVO_AUDI_HCM,2026-09-02T10:17:49+07:00,0,13.47,served,ST_EVO_AUDI_HCM_P4
ARR_002809,ST_EVO_AUDI_HCM,2026-09-02T10:25:11+07:00,1,18.53,served,ST_EVO_AUDI_HCM_P2
ARR_002810,ST_EVO_DEUTSCHES_HAUS,2026-09-02T10:30:42+07:00,1,14.2,reneged,
ARR_002811,ST_EVO_AUDI_HCM,2026-09-02T10:38:02+07:00,1,6.08,served,ST_EVO_AUDI_HCM_P1
ARR_002812,ST_EVO_LAVIDA_Q7,2026-09-02T10:55:11+07:00,0,0.0,served,ST_EVO_LAVIDA_Q7_P1
ARR_002813,ST_EVO_AUDI_HCM,2026-09-02T10:58:28+07:00,0,11.32,served,ST_EVO_AUDI_HCM_P2
ARR_002814,ST_EVO_AUDI_HCM,2026-09-02T11:00:48+07:00,1,30.42,served,ST_EVO_AUDI_HCM_P1
ARR_002815,ST_EVO_LAVIDA_Q7,2026-09-02T11:10:42+07:00,0,5.33,served,ST_EVO_LAVIDA_Q7_P1
ARR_002816,ST_EVO_AUDI_HCM,2026-09-02T11:14:20+07:00,1,33.72,served,ST_EVO_AUDI_HCM_P2
ARR_002817,ST_EVO_AUDI_HCM,2026-09-02T11:19:37+07:00,2,19.5,reneged,
ARR_002818,ST_EVO_DEUTSCHES_HAUS,2026-09-02T11:28:36+07:00,0,6.1,reneged,
ARR_002819,ST_EVO_AUDI_HCM,2026-09-02T11:31:05+07:00,3,10.9,reneged,
ARR_002820,ST_EVO_LAVIDA_Q7,2026-09-02T11:32:21+07:00,0,7.82,served,ST_EVO_LAVIDA_Q7_P1
ARR_002821,ST_EVO_DEUTSCHES_HAUS,2026-09-02T11:32:51+07:00,1,11.12,served,ST_EVO_DEUTSCHES_HAUS_P4
ARR_002822,ST_EVO_AUDI_HCM,2026-09-02T11:58:57+07:00,0,4.1,served,ST_EVO_AUDI_HCM_P1
ARR_002823,ST_EVO_AUDI_HCM,2026-09-02T12:05:48+07:00,0,17.22,served,ST_EVO_AUDI_HCM_P1
ARR_002824,ST_EVO_AUDI_HCM,2026-09-02T12:05:53+07:00,1,22.32,served,ST_EVO_AUDI_HCM_P2
ARR_002825,ST_EVO_AUDI_HCM,2026-09-02T12:05:55+07:00,2,16.3,reneged,
ARR_002826,ST_EVO_DEUTSCHES_HAUS,2026-09-02T12:06:54+07:00,0,14.5,reneged,
ARR_002827,ST_EVO_AUDI_HCM,2026-09-02T12:14:15+07:00,3,13.5,reneged,
ARR_002828,ST_EVO_DEUTSCHES_HAUS,2026-09-02T12:24:07+07:00,0,2.82,served,ST_EVO_DEUTSCHES_HAUS_P3
ARR_002829,ST_EVO_AUDI_HCM,2026-09-02T12:27:29+07:00,2,8.9,served,ST_EVO_AUDI_HCM_P2
ARR_002830,ST_EVO_DEUTSCHES_HAUS,2026-09-02T12:30:01+07:00,0,22.2,reneged,
ARR_002831,ST_EVO_DEUTSCHES_HAUS,2026-09-02T12:37:20+07:00,1,13.8,reneged,
ARR_002832,ST_EVO_AUDI_HCM,2026-09-02T12:42:29+07:00,0,7.1,reneged,
ARR_002833,ST_EVO_AUDI_HCM,2026-09-02T13:05:17+07:00,0,0.0,served,ST_EVO_AUDI_HCM_P1
ARR_002834,ST_EVO_AUDI_HCM,2026-09-02T13:15:52+07:00,0,0.0,served,ST_EVO_AUDI_HCM_P2
ARR_002835,ST_EVO_AUDI_HCM,2026-09-02T13:26:08+07:00,0,1.07,served,ST_EVO_AUDI_HCM_P3
ARR_002836,ST_EVO_AUDI_HCM,2026-09-02T13:26:51+07:00,1,11.4,served,ST_EVO_AUDI_HCM_P1
ARR_002837,ST_EVO_LAVIDA_Q7,2026-09-02T13:32:04+07:00,0,0.0,served,ST_EVO_LAVIDA_Q7_P1
ARR_002838,ST_EVO_AUDI_HCM,2026-09-02T13:34:08+07:00,1,7.08,served,ST_EVO_AUDI_HCM_P2
ARR_002839,ST_EVO_AUDI_HCM,2026-09-02T13:34:18+07:00,2,18.13,served,ST_EVO_AUDI_HCM_P1
ARR_002840,ST_EVO_AUDI_HCM,2026-09-02T13:39:46+07:00,2,30.75,served,ST_EVO_AUDI_HCM_P2
ARR_002841,ST_EVO_DEUTSCHES_HAUS,2026-09-02T13:39:52+07:00,0,10.7,reneged,
ARR_002842,ST_EVO_AUDI_HCM,2026-09-02T13:44:18+07:00,2,11.9,reneged,
ARR_002843,ST_EVO_AUDI_HCM,2026-09-02T13:50:12+07:00,3,29.87,served,ST_EVO_AUDI_HCM_P1
ARR_002844,ST_EVO_DEUTSCHES_HAUS,2026-09-02T13:51:01+07:00,0,11.4,reneged,
ARR_002845,ST_EVO_AUDI_HCM,2026-09-02T14:09:51+07:00,2,15.7,reneged,
ARR_002846,ST_EVO_AUDI_HCM,2026-09-02T14:33:19+07:00,0,9.43,served,ST_EVO_AUDI_HCM_P1
ARR_002847,ST_EVO_AUDI_HCM,2026-09-02T14:36:55+07:00,1,13.8,reneged,
ARR_002848,ST_EVO_DEUTSCHES_HAUS,2026-09-02T14:47:15+07:00,0,0.0,served,ST_EVO_DEUTSCHES_HAUS_P4
ARR_002849,ST_EVO_AUDI_HCM,2026-09-02T14:58:03+07:00,0,0.0,served,ST_EVO_AUDI_HCM_P2
ARR_002850,ST_EVO_LAVIDA_Q7,2026-09-02T15:22:30+07:00,0,0.0,served,ST_EVO_LAVIDA_Q7_P1
ARR_002851,ST_EVO_DEUTSCHES_HAUS,2026-09-02T15:44:06+07:00,0,0.0,served,ST_EVO_DEUTSCHES_HAUS_P2
ARR_002852,ST_EVO_DEUTSCHES_HAUS,2026-09-02T15:59:25+07:00,0,0.0,served,ST_EVO_DEUTSCHES_HAUS_P3
ARR_002853,ST_EVO_AUDI_HCM,2026-09-02T16:00:30+07:00,0,0.0,served,ST_EVO_AUDI_HCM_P1
ARR_002854,ST_EVO_AUDI_HCM,2026-09-02T16:13:45+07:00,0,0.0,served,ST_EVO_AUDI_HCM_P2
ARR_002855,ST_EVO_AUDI_HCM,2026-09-02T16:35:41+07:00,0,5.5,served,ST_EVO_AUDI_HCM_P2
ARR_002856,ST_EVO_DEUTSCHES_HAUS,2026-09-02T16:52:39+07:00,0,0.0,served,ST_EVO_DEUTSCHES_HAUS_P1
ARR_002857,ST_EVO_AUDI_HCM,2026-09-02T16:53:40+07:00,0,0.0,served,ST_EVO_AUDI_HCM_P4
ARR_002858,ST_EVO_AUDI_HCM,2026-09-02T17:07:27+07:00,0,0.0,served,ST_EVO_AUDI_HCM_P1
ARR_002859,ST_EVO_AUDI_HCM,2026-09-02T17:17:41+07:00,0,0.0,served,ST_EVO_AUDI_HCM_P2
ARR_002860,ST_EVO_DEUTSCHES_HAUS,2026-09-02T17:28:30+07:00,0,0.0,served,ST_EVO_DEUTSCHES_HAUS_P4
ARR_002861,ST_EVO_AUDI_HCM,2026-09-02T17:43:10+07:00,0,14.72,served,ST_EVO_AUDI_HCM_P2
ARR_002862,ST_EVO_DEUTSCHES_HAUS,2026-09-02T17:46:20+07:00,0,47.9,reneged,
ARR_002863,ST_EVO_AUDI_HCM,2026-09-02T17:52:29+07:00,1,5.65,served,ST_EVO_AUDI_HCM_P1
ARR_002864,ST_EVO_AUDI_HCM,2026-09-02T18:02:45+07:00,0,18.5,reneged,
ARR_002865,ST_EVO_DEUTSCHES_HAUS,2026-09-02T18:13:22+07:00,1,11.6,reneged,
ARR_002866,ST_EVO_AUDI_HCM,2026-09-02T18:17:07+07:00,1,6.5,reneged,
ARR_002867,ST_EVO_AUDI_HCM,2026-09-02T18:25:23+07:00,0,12.8,reneged,
ARR_002868,ST_EVO_AUDI_HCM,2026-09-02T18:28:33+07:00,1,14.95,served,ST_EVO_AUDI_HCM_P1
ARR_002869,ST_EVO_DEUTSCHES_HAUS,2026-09-02T18:30:03+07:00,1,9.78,served,ST_EVO_DEUTSCHES_HAUS_P2
ARR_002870,ST_EVO_AUDI_HCM,2026-09-02T18:32:12+07:00,2,13.5,served,ST_EVO_AUDI_HCM_P2
ARR_002871,ST_EVO_AUDI_HCM,2026-09-02T18:32:15+07:00,3,27.9,served,ST_EVO_AUDI_HCM_P1
ARR_002872,ST_EVO_LAVIDA_Q7,2026-09-02T18:38:26+07:00,0,0.0,served,ST_EVO_LAVIDA_Q7_P1
ARR_002873,ST_EVO_LAVIDA_Q7,2026-09-02T18:43:36+07:00,0,13.6,reneged,
ARR_002874,ST_EVO_AUDI_HCM,2026-09-02T18:56:12+07:00,1,19.7,reneged,
ARR_002875,ST_EVO_AUDI_HCM,2026-09-02T19:00:15+07:00,1,18.27,served,ST_EVO_AUDI_HCM_P2
ARR_002876,ST_EVO_AUDI_HCM,2026-09-02T19:13:00+07:00,2,14.0,reneged,
ARR_002877,ST_EVO_AUDI_HCM,2026-09-02T19:18:48+07:00,1,6.7,reneged,
ARR_002878,ST_EVO_DEUTSCHES_HAUS,2026-09-02T19:21:57+07:00,0,12.8,reneged,
ARR_002879,ST_EVO_AUDI_HCM,2026-09-02T19:33:03+07:00,0,0.0,served,ST_EVO_AUDI_HCM_P1
ARR_002880,ST_EVO_AUDI_HCM,2026-09-02T19:36:57+07:00,0,14.4,reneged,
ARR_002881,ST_EVO_AUDI_HCM,2026-09-02T19:52:55+07:00,0,8.18,served,ST_EVO_AUDI_HCM_P2
ARR_002882,ST_EVO_LAVIDA_Q7,2026-09-02T19:56:08+07:00,0,0.0,served,ST_EVO_LAVIDA_Q7_P1
ARR_002883,ST_EVO_LAVIDA_Q7,2026-09-02T19:59:23+07:00,0,14.45,served,ST_EVO_LAVIDA_Q7_P1
ARR_002884,ST_EVO_AUDI_HCM,2026-09-02T19:59:58+07:00,1,3.33,served,ST_EVO_AUDI_HCM_P1
ARR_002885,ST_EVO_DEUTSCHES_HAUS,2026-09-02T20:11:13+07:00,0,0.0,served,ST_EVO_DEUTSCHES_HAUS_P2
ARR_002886,ST_EVO_AUDI_HCM,2026-09-02T20:25:41+07:00,0,0.0,served,ST_EVO_AUDI_HCM_P3
ARR_002887,ST_EVO_DEUTSCHES_HAUS,2026-09-02T23:27:38+07:00,0,0.0,served,ST_EVO_DEUTSCHES_HAUS_P1
ARR_002888,ST_EVO_AUDI_HCM,2026-09-03T03:01:03+07:00,0,0.0,served,ST_EVO_AUDI_HCM_P1
ARR_002889,ST_EVO_AUDI_HCM,2026-09-03T04:16:53+07:00,0,0.0,served,ST_EVO_AUDI_HCM_P2
ARR_002890,ST_EVO_AUDI_HCM,2026-09-03T05:07:43+07:00,0,0.0,served,ST_EVO_AUDI_HCM_P2
ARR_002891,ST_EVO_AUDI_HCM,2026-09-03T05:09:26+07:00,0,0.0,served,ST_EVO_AUDI_HCM_P3
ARR_002892,ST_EVO_DEUTSCHES_HAUS,2026-09-03T06:05:27+07:00,0,0.0,served,ST_EVO_DEUTSCHES_HAUS_P1
ARR_002893,ST_EVO_AUDI_HCM,2026-09-03T06:07:00+07:00,0,0.0,served,ST_EVO_AUDI_HCM_P4
ARR_002894,ST_EVO_AUDI_HCM,2026-09-03T06:30:47+07:00,0,0.0,served,ST_EVO_AUDI_HCM_P2
ARR_002895,ST_EVO_DEUTSCHES_HAUS,2026-09-03T07:03:44+07:00,0,0.0,served,ST_EVO_DEUTSCHES_HAUS_P2
ARR_002896,ST_EVO_AUDI_HCM,2026-09-03T07:28:59+07:00,0,0.0,served,ST_EVO_AUDI_HCM_P2
ARR_002897,ST_EVO_AUDI_HCM,2026-09-03T08:10:05+07:00,0,0.0,served,ST_EVO_AUDI_HCM_P2
ARR_002898,ST_EVO_AUDI_HCM,2026-09-03T08:15:56+07:00,0,18.82,served,ST_EVO_AUDI_HCM_P2
ARR_002899,ST_EVO_LAVIDA_Q7,2026-09-03T08:25:13+07:00,0,0.0,served,ST_EVO_LAVIDA_Q7_P1
ARR_002900,ST_EVO_LAVIDA_Q7,2026-09-03T08:32:05+07:00,0,20.58,served,ST_EVO_LAVIDA_Q7_P1
ARR_002901,ST_EVO_AUDI_HCM,2026-09-03T08:41:20+07:00,0,7.12,served,ST_EVO_AUDI_HCM_P1
ARR_002902,ST_EVO_AUDI_HCM,2026-09-03T08:53:29+07:00,0,14.4,reneged,
ARR_002903,ST_EVO_AUDI_HCM,2026-09-03T09:20:38+07:00,0,0.0,served,ST_EVO_AUDI_HCM_P1
ARR_002904,ST_EVO_LAVIDA_Q7,2026-09-03T09:25:38+07:00,0,14.37,served,ST_EVO_LAVIDA_Q7_P1
ARR_002905,ST_EVO_AUDI_HCM,2026-09-03T09:43:58+07:00,0,0.0,served,ST_EVO_AUDI_HCM_P2
ARR_002906,ST_EVO_AUDI_HCM,2026-09-03T10:11:12+07:00,0,0.0,served,ST_EVO_AUDI_HCM_P1
ARR_002907,ST_EVO_DEUTSCHES_HAUS,2026-09-03T10:39:14+07:00,0,0.0,served,ST_EVO_DEUTSCHES_HAUS_P1
ARR_002908,ST_EVO_DEUTSCHES_HAUS,2026-09-03T11:02:58+07:00,0,0.0,served,ST_EVO_DEUTSCHES_HAUS_P3
ARR_002909,ST_EVO_AUDI_HCM,2026-09-03T11:10:16+07:00,0,0.0,served,ST_EVO_AUDI_HCM_P1
ARR_002910,ST_EVO_AUDI_HCM,2026-09-03T11:11:07+07:00,0,0.0,served,ST_EVO_AUDI_HCM_P2
ARR_002911,ST_EVO_AUDI_HCM,2026-09-03T11:20:03+07:00,0,0.0,served,ST_EVO_AUDI_HCM_P3
ARR_002912,ST_EVO_AUDI_HCM,2026-09-03T11:31:14+07:00,0,0.0,served,ST_EVO_AUDI_HCM_P1
ARR_002913,ST_EVO_AUDI_HCM,2026-09-03T11:38:11+07:00,0,13.93,served,ST_EVO_AUDI_HCM_P2
ARR_002914,ST_EVO_DEUTSCHES_HAUS,2026-09-03T11:48:36+07:00,0,0.0,served,ST_EVO_DEUTSCHES_HAUS_P2
ARR_002915,ST_EVO_AUDI_HCM,2026-09-03T11:57:46+07:00,0,8.28,served,ST_EVO_AUDI_HCM_P1
ARR_002916,ST_EVO_AUDI_HCM,2026-09-03T12:34:59+07:00,0,1.28,served,ST_EVO_AUDI_HCM_P2
ARR_002917,ST_EVO_LAVIDA_Q7,2026-09-03T12:42:16+07:00,0,0.0,served,ST_EVO_LAVIDA_Q7_P1
ARR_002918,ST_EVO_AUDI_HCM,2026-09-03T12:53:41+07:00,0,0.0,served,ST_EVO_AUDI_HCM_P4
ARR_002919,ST_EVO_AUDI_HCM,2026-09-03T13:01:48+07:00,0,0.0,served,ST_EVO_AUDI_HCM_P1
ARR_002920,ST_EVO_AUDI_HCM,2026-09-03T13:03:57+07:00,0,0.32,served,ST_EVO_AUDI_HCM_P2
ARR_002921,ST_EVO_AUDI_HCM,2026-09-03T13:05:40+07:00,0,25.2,reneged,
ARR_002922,ST_EVO_AUDI_HCM,2026-09-03T13:24:28+07:00,1,13.0,served,ST_EVO_AUDI_HCM_P2
ARR_002923,ST_EVO_AUDI_HCM,2026-09-03T13:26:23+07:00,2,10.4,reneged,
ARR_002924,ST_EVO_AUDI_HCM,2026-09-03T13:56:07+07:00,0,5.47,served,ST_EVO_AUDI_HCM_P1
ARR_002925,ST_EVO_AUDI_HCM,2026-09-03T14:00:12+07:00,1,15.3,served,ST_EVO_AUDI_HCM_P2
ARR_002926,ST_EVO_AUDI_HCM,2026-09-03T14:36:05+07:00,0,0.0,served,ST_EVO_AUDI_HCM_P1
ARR_002927,ST_EVO_AUDI_HCM,2026-09-03T14:39:40+07:00,0,15.38,served,ST_EVO_AUDI_HCM_P1
ARR_002928,ST_EVO_DEUTSCHES_HAUS,2026-09-03T14:40:58+07:00,0,0.0,served,ST_EVO_DEUTSCHES_HAUS_P3
ARR_002929,ST_EVO_AUDI_HCM,2026-09-03T14:41:13+07:00,1,40.87,served,ST_EVO_AUDI_HCM_P3
ARR_002930,ST_EVO_AUDI_HCM,2026-09-03T14:52:12+07:00,2,17.5,reneged,
ARR_002931,ST_EVO_AUDI_HCM,2026-09-03T15:00:12+07:00,2,17.8,reneged,
ARR_002932,ST_EVO_DEUTSCHES_HAUS,2026-09-03T15:02:39+07:00,0,0.0,served,ST_EVO_DEUTSCHES_HAUS_P4
ARR_002933,ST_EVO_DEUTSCHES_HAUS,2026-09-03T15:05:45+07:00,0,10.0,reneged,
ARR_002934,ST_EVO_AUDI_HCM,2026-09-03T15:07:18+07:00,3,18.55,served,ST_EVO_AUDI_HCM_P2
ARR_002935,ST_EVO_AUDI_HCM,2026-09-03T15:19:49+07:00,2,9.08,served,ST_EVO_AUDI_HCM_P1
ARR_002936,ST_EVO_DEUTSCHES_HAUS,2026-09-03T15:21:18+07:00,0,12.0,reneged,
ARR_002937,ST_EVO_AUDI_HCM,2026-09-03T15:21:20+07:00,3,23.5,reneged,
ARR_002938,ST_EVO_LAVIDA_Q7,2026-09-03T16:16:10+07:00,0,0.0,served,ST_EVO_LAVIDA_Q7_P1
ARR_002939,ST_EVO_AUDI_HCM,2026-09-03T16:55:27+07:00,0,0.0,served,ST_EVO_AUDI_HCM_P1
ARR_002940,ST_EVO_AUDI_HCM,2026-09-03T16:57:05+07:00,0,0.0,served,ST_EVO_AUDI_HCM_P2
ARR_002941,ST_EVO_DEUTSCHES_HAUS,2026-09-03T17:04:54+07:00,0,0.0,served,ST_EVO_DEUTSCHES_HAUS_P2
ARR_002942,ST_EVO_AUDI_HCM,2026-09-03T17:06:19+07:00,0,0.0,served,ST_EVO_AUDI_HCM_P3
ARR_002943,ST_EVO_AUDI_HCM,2026-09-03T17:18:45+07:00,0,0.0,served,ST_EVO_AUDI_HCM_P4
ARR_002944,ST_EVO_AUDI_HCM,2026-09-03T17:31:07+07:00,0,6.92,served,ST_EVO_AUDI_HCM_P1
ARR_002945,ST_EVO_AUDI_HCM,2026-09-03T17:33:18+07:00,1,4.97,served,ST_EVO_AUDI_HCM_P2
ARR_002946,ST_EVO_DEUTSCHES_HAUS,2026-09-03T17:44:13+07:00,0,3.27,served,ST_EVO_DEUTSCHES_HAUS_P1
ARR_002947,ST_EVO_AUDI_HCM,2026-09-03T18:06:33+07:00,0,12.05,served,ST_EVO_AUDI_HCM_P2
ARR_002948,ST_EVO_AUDI_HCM,2026-09-03T18:07:07+07:00,1,12.8,reneged,
ARR_002949,ST_EVO_DEUTSCHES_HAUS,2026-09-03T18:35:02+07:00,0,0.0,served,ST_EVO_DEUTSCHES_HAUS_P2
ARR_002950,ST_EVO_AUDI_HCM,2026-09-03T18:43:39+07:00,0,0.0,served,ST_EVO_AUDI_HCM_P1
ARR_002951,ST_EVO_AUDI_HCM,2026-09-03T18:49:05+07:00,0,0.0,served,ST_EVO_AUDI_HCM_P4
ARR_002952,ST_EVO_AUDI_HCM,2026-09-03T18:53:03+07:00,0,6.32,served,ST_EVO_AUDI_HCM_P2
ARR_002953,ST_EVO_AUDI_HCM,2026-09-03T19:09:23+07:00,0,2.73,served,ST_EVO_AUDI_HCM_P1
ARR_002954,ST_EVO_AUDI_HCM,2026-09-03T19:19:53+07:00,0,9.6,served,ST_EVO_AUDI_HCM_P2
ARR_002955,ST_EVO_AUDI_HCM,2026-09-03T19:20:34+07:00,1,8.2,reneged,
ARR_002956,ST_EVO_AUDI_HCM,2026-09-03T19:31:59+07:00,0,3.13,served,ST_EVO_AUDI_HCM_P1
ARR_002957,ST_EVO_DEUTSCHES_HAUS,2026-09-03T19:32:45+07:00,0,0.0,served,ST_EVO_DEUTSCHES_HAUS_P1
ARR_002958,ST_EVO_AUDI_HCM,2026-09-03T19:53:19+07:00,0,0.0,served,ST_EVO_AUDI_HCM_P1
ARR_002959,ST_EVO_DEUTSCHES_HAUS,2026-09-03T20:28:01+07:00,0,0.0,served,ST_EVO_DEUTSCHES_HAUS_P3
ARR_002960,ST_EVO_DEUTSCHES_HAUS,2026-09-03T20:30:35+07:00,0,0.0,served,ST_EVO_DEUTSCHES_HAUS_P4
ARR_002961,ST_EVO_AUDI_HCM,2026-09-03T20:41:20+07:00,0,0.0,served,ST_EVO_AUDI_HCM_P2
ARR_002962,ST_EVO_AUDI_HCM,2026-09-03T20:42:37+07:00,0,13.58,served,ST_EVO_AUDI_HCM_P1
ARR_002963,ST_EVO_AUDI_HCM,2026-09-03T20:46:35+07:00,1,11.57,served,ST_EVO_AUDI_HCM_P2
ARR_002964,ST_EVO_AUDI_HCM,2026-09-03T20:50:01+07:00,2,28.3,reneged,
ARR_002965,ST_EVO_DEUTSCHES_HAUS,2026-09-03T20:54:43+07:00,0,11.5,reneged,
ARR_002966,ST_EVO_AUDI_HCM,2026-09-03T21:13:49+07:00,1,14.73,served,ST_EVO_AUDI_HCM_P1
ARR_002967,ST_EVO_DEUTSCHES_HAUS,2026-09-03T21:22:36+07:00,0,9.0,reneged,
ARR_002968,ST_EVO_AUDI_HCM,2026-09-03T21:29:14+07:00,0,0.0,served,ST_EVO_AUDI_HCM_P3
ARR_002969,ST_EVO_AUDI_HCM,2026-09-03T21:32:02+07:00,0,9.3,reneged,
ARR_002970,ST_EVO_DEUTSCHES_HAUS,2026-09-03T21:32:16+07:00,0,0.7,served,ST_EVO_DEUTSCHES_HAUS_P4
ARR_002971,ST_EVO_DEUTSCHES_HAUS,2026-09-03T21:55:18+07:00,0,54.4,reneged,
ARR_002972,ST_EVO_DEUTSCHES_HAUS,2026-09-03T22:15:29+07:00,1,26.8,reneged,
ARR_002973,ST_EVO_AUDI_HCM,2026-09-03T22:36:38+07:00,0,0.0,served,ST_EVO_AUDI_HCM_P2
ARR_002974,ST_EVO_AUDI_HCM,2026-09-03T23:07:38+07:00,0,0.0,served,ST_EVO_AUDI_HCM_P4
ARR_002975,ST_EVO_AUDI_HCM,2026-09-03T23:16:28+07:00,0,31.6,reneged,
ARR_002976,ST_EVO_AUDI_HCM,2026-09-04T00:33:41+07:00,0,0.0,served,ST_EVO_AUDI_HCM_P1
ARR_002977,ST_EVO_LAVIDA_Q7,2026-09-04T04:45:22+07:00,0,0.0,served,ST_EVO_LAVIDA_Q7_P1
ARR_002978,ST_EVO_DEUTSCHES_HAUS,2026-09-04T05:42:36+07:00,0,0.0,served,ST_EVO_DEUTSCHES_HAUS_P1
ARR_002979,ST_EVO_AUDI_HCM,2026-09-04T06:00:11+07:00,0,0.0,served,ST_EVO_AUDI_HCM_P1
ARR_002980,ST_EVO_AUDI_HCM,2026-09-04T06:59:00+07:00,0,0.0,served,ST_EVO_AUDI_HCM_P1
ARR_002981,ST_EVO_AUDI_HCM,2026-09-04T07:18:49+07:00,0,0.0,served,ST_EVO_AUDI_HCM_P2
ARR_002982,ST_EVO_AUDI_HCM,2026-09-04T07:20:38+07:00,0,0.0,served,ST_EVO_AUDI_HCM_P3
ARR_002983,ST_EVO_AUDI_HCM,2026-09-04T07:47:38+07:00,0,0.0,served,ST_EVO_AUDI_HCM_P1
ARR_002984,ST_EVO_LAVIDA_Q7,2026-09-04T08:34:39+07:00,0,0.0,served,ST_EVO_LAVIDA_Q7_P1
ARR_002985,ST_EVO_AUDI_HCM,2026-09-04T09:08:12+07:00,0,0.0,served,ST_EVO_AUDI_HCM_P1
ARR_002986,ST_EVO_DEUTSCHES_HAUS,2026-09-04T09:12:04+07:00,0,0.0,served,ST_EVO_DEUTSCHES_HAUS_P2
ARR_002987,ST_EVO_AUDI_HCM,2026-09-04T09:23:31+07:00,0,0.0,served,ST_EVO_AUDI_HCM_P1
ARR_002988,ST_EVO_AUDI_HCM,2026-09-04T10:15:27+07:00,0,0.0,served,ST_EVO_AUDI_HCM_P1
ARR_002989,ST_EVO_LAVIDA_Q7,2026-09-04T10:41:17+07:00,0,0.0,served,ST_EVO_LAVIDA_Q7_P1
ARR_002990,ST_EVO_AUDI_HCM,2026-09-04T10:43:47+07:00,0,0.0,served,ST_EVO_AUDI_HCM_P2
ARR_002991,ST_EVO_AUDI_HCM,2026-09-04T10:46:34+07:00,0,0.0,served,ST_EVO_AUDI_HCM_P4
ARR_002992,ST_EVO_AUDI_HCM,2026-09-04T10:50:51+07:00,0,1.62,served,ST_EVO_AUDI_HCM_P1
ARR_002993,ST_EVO_LAVIDA_Q7,2026-09-04T10:51:58+07:00,0,10.6,served,ST_EVO_LAVIDA_Q7_P1
ARR_002994,ST_EVO_DEUTSCHES_HAUS,2026-09-04T10:53:04+07:00,0,0.0,served,ST_EVO_DEUTSCHES_HAUS_P3
ARR_002995,ST_EVO_AUDI_HCM,2026-09-04T10:54:21+07:00,0,16.72,served,ST_EVO_AUDI_HCM_P2
ARR_002996,ST_EVO_AUDI_HCM,2026-09-04T10:58:50+07:00,1,14.0,reneged,
ARR_002997,ST_EVO_LAVIDA_Q7,2026-09-04T11:13:44+07:00,0,13.9,served,ST_EVO_LAVIDA_Q7_P1
ARR_002998,ST_EVO_AUDI_HCM,2026-09-04T11:21:07+07:00,0,17.35,served,ST_EVO_AUDI_HCM_P1
ARR_002999,ST_EVO_AUDI_HCM,2026-09-04T11:23:10+07:00,1,35.67,served,ST_EVO_AUDI_HCM_P2
ARR_003000,ST_EVO_AUDI_HCM,2026-09-04T11:38:11+07:00,2,12.9,reneged,
ARR_003001,ST_EVO_LAVIDA_Q7,2026-09-04T12:04:03+07:00,0,0.0,served,ST_EVO_LAVIDA_Q7_P1
ARR_003002,ST_EVO_AUDI_HCM,2026-09-04T12:09:44+07:00,0,20.0,reneged,
ARR_003003,ST_EVO_AUDI_HCM,2026-09-04T12:19:03+07:00,1,15.9,served,ST_EVO_AUDI_HCM_P1
ARR_003004,ST_EVO_LAVIDA_Q7,2026-09-04T12:27:23+07:00,0,35.45,served,ST_EVO_LAVIDA_Q7_P1
ARR_003005,ST_EVO_LAVIDA_Q7,2026-09-04T12:41:14+07:00,1,25.4,reneged,
ARR_003006,ST_EVO_AUDI_HCM,2026-09-04T12:44:32+07:00,0,0.0,served,ST_EVO_AUDI_HCM_P2
ARR_003007,ST_EVO_LAVIDA_Q7,2026-09-04T12:50:35+07:00,2,6.1,reneged,
ARR_003008,ST_EVO_LAVIDA_Q7,2026-09-04T12:51:34+07:00,3,20.6,reneged,
ARR_003009,ST_EVO_DEUTSCHES_HAUS,2026-09-04T12:54:03+07:00,0,0.0,served,ST_EVO_DEUTSCHES_HAUS_P1
ARR_003010,ST_EVO_LAVIDA_Q7,2026-09-04T13:07:32+07:00,1,9.85,served,ST_EVO_LAVIDA_Q7_P1
ARR_003011,ST_EVO_AUDI_HCM,2026-09-04T13:15:29+07:00,0,0.0,served,ST_EVO_AUDI_HCM_P1
ARR_003012,ST_EVO_DEUTSCHES_HAUS,2026-09-04T13:25:22+07:00,0,0.0,served,ST_EVO_DEUTSCHES_HAUS_P2
ARR_003013,ST_EVO_DEUTSCHES_HAUS,2026-09-04T13:25:30+07:00,0,0.0,served,ST_EVO_DEUTSCHES_HAUS_P4
ARR_003014,ST_EVO_AUDI_HCM,2026-09-04T13:44:06+07:00,0,0.0,served,ST_EVO_AUDI_HCM_P2
ARR_003015,ST_EVO_DEUTSCHES_HAUS,2026-09-04T14:24:49+07:00,0,0.0,served,ST_EVO_DEUTSCHES_HAUS_P3
ARR_003016,ST_EVO_AUDI_HCM,2026-09-04T14:28:11+07:00,0,0.0,served,ST_EVO_AUDI_HCM_P1
ARR_003017,ST_EVO_AUDI_HCM,2026-09-04T14:56:39+07:00,0,0.0,served,ST_EVO_AUDI_HCM_P1
ARR_003018,ST_EVO_AUDI_HCM,2026-09-04T15:00:54+07:00,0,0.0,served,ST_EVO_AUDI_HCM_P2
ARR_003019,ST_EVO_LAVIDA_Q7,2026-09-04T15:08:20+07:00,0,0.0,served,ST_EVO_LAVIDA_Q7_P1
ARR_003020,ST_EVO_AUDI_HCM,2026-09-04T15:15:09+07:00,0,0.0,served,ST_EVO_AUDI_HCM_P3
ARR_003021,ST_EVO_AUDI_HCM,2026-09-04T15:39:50+07:00,0,0.0,served,ST_EVO_AUDI_HCM_P1
ARR_003022,ST_EVO_AUDI_HCM,2026-09-04T15:51:53+07:00,0,0.0,served,ST_EVO_AUDI_HCM_P2
ARR_003023,ST_EVO_AUDI_HCM,2026-09-04T16:08:06+07:00,0,0.0,served,ST_EVO_AUDI_HCM_P4
ARR_003024,ST_EVO_DEUTSCHES_HAUS,2026-09-04T16:22:38+07:00,0,0.0,served,ST_EVO_DEUTSCHES_HAUS_P1
ARR_003025,ST_EVO_AUDI_HCM,2026-09-04T16:25:40+07:00,0,0.0,served,ST_EVO_AUDI_HCM_P1
ARR_003026,ST_EVO_AUDI_HCM,2026-09-04T16:45:11+07:00,0,0.0,served,ST_EVO_AUDI_HCM_P1
ARR_003027,ST_EVO_DEUTSCHES_HAUS,2026-09-04T17:33:15+07:00,0,0.0,served,ST_EVO_DEUTSCHES_HAUS_P4
ARR_003028,ST_EVO_DEUTSCHES_HAUS,2026-09-04T17:34:12+07:00,0,10.5,reneged,
ARR_003029,ST_EVO_DEUTSCHES_HAUS,2026-09-04T18:14:09+07:00,0,16.3,reneged,
ARR_003030,ST_EVO_DEUTSCHES_HAUS,2026-09-04T18:15:12+07:00,1,16.7,reneged,
ARR_003031,ST_EVO_AUDI_HCM,2026-09-04T18:20:16+07:00,0,0.0,served,ST_EVO_AUDI_HCM_P1
ARR_003032,ST_EVO_AUDI_HCM,2026-09-04T18:31:16+07:00,0,0.0,served,ST_EVO_AUDI_HCM_P2
ARR_003033,ST_EVO_LAVIDA_Q7,2026-09-04T18:33:51+07:00,0,0.0,served,ST_EVO_LAVIDA_Q7_P1
ARR_003034,ST_EVO_DEUTSCHES_HAUS,2026-09-04T18:33:55+07:00,0,6.3,reneged,
ARR_003035,ST_EVO_LAVIDA_Q7,2026-09-04T18:49:38+07:00,0,19.93,served,ST_EVO_LAVIDA_Q7_P1
ARR_003036,ST_EVO_AUDI_HCM,2026-09-04T18:54:17+07:00,0,14.2,reneged,
ARR_003037,ST_EVO_DEUTSCHES_HAUS,2026-09-04T18:57:06+07:00,0,2.6,served,ST_EVO_DEUTSCHES_HAUS_P2
ARR_003038,ST_EVO_AUDI_HCM,2026-09-04T19:00:30+07:00,1,12.48,served,ST_EVO_AUDI_HCM_P2
ARR_003039,ST_EVO_LAVIDA_Q7,2026-09-04T19:06:41+07:00,1,16.38,served,ST_EVO_LAVIDA_Q7_P1
ARR_003040,ST_EVO_LAVIDA_Q7,2026-09-04T19:16:37+07:00,1,6.2,reneged,
ARR_003041,ST_EVO_LAVIDA_Q7,2026-09-04T19:53:27+07:00,0,8.7,served,ST_EVO_LAVIDA_Q7_P1
ARR_003042,ST_EVO_LAVIDA_Q7,2026-09-04T20:28:13+07:00,0,23.5,served,ST_EVO_LAVIDA_Q7_P1
ARR_003043,ST_EVO_AUDI_HCM,2026-09-04T20:40:20+07:00,0,0.0,served,ST_EVO_AUDI_HCM_P1
ARR_003044,ST_EVO_DEUTSCHES_HAUS,2026-09-04T21:00:54+07:00,0,0.0,served,ST_EVO_DEUTSCHES_HAUS_P3
ARR_003045,ST_EVO_LAVIDA_Q7,2026-09-04T21:18:59+07:00,0,12.83,served,ST_EVO_LAVIDA_Q7_P1
ARR_003046,ST_EVO_AUDI_HCM,2026-09-04T21:37:47+07:00,0,0.0,served,ST_EVO_AUDI_HCM_P1
ARR_003047,ST_EVO_AUDI_HCM,2026-09-04T23:02:15+07:00,0,0.0,served,ST_EVO_AUDI_HCM_P1
ARR_003048,ST_EVO_AUDI_HCM,2026-09-04T23:05:19+07:00,0,0.0,served,ST_EVO_AUDI_HCM_P2
ARR_003049,ST_EVO_AUDI_HCM,2026-09-04T23:21:21+07:00,0,0.0,served,ST_EVO_AUDI_HCM_P3
ARR_003050,ST_EVO_AUDI_HCM,2026-09-05T02:00:00+07:00,0,0.0,served,ST_EVO_AUDI_HCM_P1
ARR_003051,ST_EVO_DEUTSCHES_HAUS,2026-09-05T04:21:43+07:00,0,0.0,served,ST_EVO_DEUTSCHES_HAUS_P1
ARR_003052,ST_EVO_AUDI_HCM,2026-09-05T05:14:31+07:00,0,0.0,served,ST_EVO_AUDI_HCM_P2
ARR_003053,ST_EVO_AUDI_HCM,2026-09-05T06:05:18+07:00,0,0.0,served,ST_EVO_AUDI_HCM_P3
ARR_003054,ST_EVO_AUDI_HCM,2026-09-05T07:15:14+07:00,0,0.0,served,ST_EVO_AUDI_HCM_P4
ARR_003055,ST_EVO_AUDI_HCM,2026-09-05T07:59:56+07:00,0,0.0,served,ST_EVO_AUDI_HCM_P1
ARR_003056,ST_EVO_AUDI_HCM,2026-09-05T08:20:46+07:00,0,16.2,reneged,
ARR_003057,ST_EVO_AUDI_HCM,2026-09-05T08:27:14+07:00,1,15.9,reneged,
ARR_003058,ST_EVO_LAVIDA_Q7,2026-09-05T09:14:44+07:00,0,0.0,served,ST_EVO_LAVIDA_Q7_P1
ARR_003059,ST_EVO_DEUTSCHES_HAUS,2026-09-05T09:18:07+07:00,0,0.0,served,ST_EVO_DEUTSCHES_HAUS_P1
ARR_003060,ST_EVO_AUDI_HCM,2026-09-05T09:31:52+07:00,0,0.0,served,ST_EVO_AUDI_HCM_P1
ARR_003061,ST_EVO_DEUTSCHES_HAUS,2026-09-05T09:39:05+07:00,0,0.0,served,ST_EVO_DEUTSCHES_HAUS_P2
ARR_003062,ST_EVO_LAVIDA_Q7,2026-09-05T09:52:33+07:00,0,0.0,served,ST_EVO_LAVIDA_Q7_P1
ARR_003063,ST_EVO_AUDI_HCM,2026-09-05T09:56:16+07:00,0,4.07,served,ST_EVO_AUDI_HCM_P4
ARR_003064,ST_EVO_AUDI_HCM,2026-09-05T10:18:01+07:00,0,0.0,served,ST_EVO_AUDI_HCM_P1
ARR_003065,ST_EVO_DEUTSCHES_HAUS,2026-09-05T10:28:13+07:00,0,0.0,served,ST_EVO_DEUTSCHES_HAUS_P3
ARR_003066,ST_EVO_AUDI_HCM,2026-09-05T10:32:40+07:00,0,14.65,served,ST_EVO_AUDI_HCM_P1
ARR_003067,ST_EVO_LAVIDA_Q7,2026-09-05T11:10:00+07:00,0,0.0,served,ST_EVO_LAVIDA_Q7_P1
ARR_003068,ST_EVO_DEUTSCHES_HAUS,2026-09-05T11:11:34+07:00,0,0.0,served,ST_EVO_DEUTSCHES_HAUS_P2
ARR_003069,ST_EVO_LAVIDA_Q7,2026-09-05T11:15:58+07:00,0,31.43,served,ST_EVO_LAVIDA_Q7_P1
ARR_003070,ST_EVO_DEUTSCHES_HAUS,2026-09-05T11:18:58+07:00,0,0.0,served,ST_EVO_DEUTSCHES_HAUS_P4
ARR_003071,ST_EVO_AUDI_HCM,2026-09-05T11:20:22+07:00,0,11.47,served,ST_EVO_AUDI_HCM_P1
ARR_003072,ST_EVO_DEUTSCHES_HAUS,2026-09-05T11:21:37+07:00,0,30.2,reneged,
ARR_003073,ST_EVO_AUDI_HCM,2026-09-05T11:23:11+07:00,1,24.9,reneged,
ARR_003074,ST_EVO_DEUTSCHES_HAUS,2026-09-05T11:23:34+07:00,1,18.1,reneged,
ARR_003075,ST_EVO_AUDI_HCM,2026-09-05T11:35:08+07:00,1,30.0,reneged,
ARR_003076,ST_EVO_LAVIDA_Q7,2026-09-05T11:38:47+07:00,1,53.9,served,ST_EVO_LAVIDA_Q7_P1
ARR_003077,ST_EVO_AUDI_HCM,2026-09-05T11:39:15+07:00,2,9.5,reneged,
ARR_003078,ST_EVO_DEUTSCHES_HAUS,2026-09-05T11:42:08+07:00,1,21.1,reneged,
ARR_003079,ST_EVO_DEUTSCHES_HAUS,2026-09-05T11:48:08+07:00,2,20.9,reneged,
ARR_003080,ST_EVO_LAVIDA_Q7,2026-09-05T11:50:27+07:00,1,21.5,reneged,
ARR_003081,ST_EVO_AUDI_HCM,2026-09-05T11:52:06+07:00,1,13.1,reneged,
ARR_003082,ST_EVO_AUDI_HCM,2026-09-05T11:54:33+07:00,2,12.1,reneged,
ARR_003083,ST_EVO_AUDI_HCM,2026-09-05T11:55:16+07:00,3,20.8,served,ST_EVO_AUDI_HCM_P1
ARR_003084,ST_EVO_AUDI_HCM,2026-09-05T11:59:01+07:00,4,21.9,reneged,
ARR_003085,ST_EVO_AUDI_HCM,2026-09-05T12:04:36+07:00,5,12.4,reneged,
ARR_003086,ST_EVO_LAVIDA_Q7,2026-09-05T12:08:26+07:00,2,13.0,reneged,
ARR_003087,ST_EVO_AUDI_HCM,2026-09-05T12:08:57+07:00,3,7.2,reneged,
ARR_003088,ST_EVO_DEUTSCHES_HAUS,2026-09-05T12:11:50+07:00,0,23.3,reneged,
ARR_003089,ST_EVO_LAVIDA_Q7,2026-09-05T12:11:58+07:00,2,14.5,reneged,
ARR_003090,ST_EVO_DEUTSCHES_HAUS,2026-09-05T12:12:44+07:00,1,43.6,reneged,
ARR_003091,ST_EVO_AUDI_HCM,2026-09-05T12:14:37+07:00,4,20.3,reneged,
ARR_003092,ST_EVO_AUDI_HCM,2026-09-05T12:24:44+07:00,1,12.6,reneged,
ARR_003093,ST_EVO_AUDI_HCM,2026-09-05T12:27:47+07:00,2,20.6,served,ST_EVO_AUDI_HCM_P3
ARR_003094,ST_EVO_AUDI_HCM,2026-09-05T12:32:08+07:00,3,9.5,reneged,
ARR_003095,ST_EVO_DEUTSCHES_HAUS,2026-09-05T12:33:15+07:00,2,34.8,reneged,
ARR_003096,ST_EVO_AUDI_HCM,2026-09-05T12:43:01+07:00,1,8.03,served,ST_EVO_AUDI_HCM_P1
ARR_003097,ST_EVO_DEUTSCHES_HAUS,2026-09-05T12:44:47+07:00,2,38.2,reneged,
ARR_003098,ST_EVO_AUDI_HCM,2026-09-05T12:48:21+07:00,2,14.9,reneged,
ARR_003099,ST_EVO_AUDI_HCM,2026-09-05T12:49:07+07:00,2,20.0,reneged,
ARR_003100,ST_EVO_DEUTSCHES_HAUS,2026-09-05T12:49:43+07:00,3,8.5,reneged,
ARR_003101,ST_EVO_AUDI_HCM,2026-09-05T13:32:37+07:00,0,40.6,reneged,
ARR_003102,ST_EVO_AUDI_HCM,2026-09-05T13:49:50+07:00,1,28.1,reneged,
ARR_003103,ST_EVO_AUDI_HCM,2026-09-05T13:51:42+07:00,2,33.63,served,ST_EVO_AUDI_HCM_P1
ARR_003104,ST_EVO_LAVIDA_Q7,2026-09-05T14:00:11+07:00,0,0.0,served,ST_EVO_LAVIDA_Q7_P1
ARR_003105,ST_EVO_DEUTSCHES_HAUS,2026-09-05T14:03:15+07:00,0,0.0,served,ST_EVO_DEUTSCHES_HAUS_P3
ARR_003106,ST_EVO_AUDI_HCM,2026-09-05T14:05:54+07:00,3,31.2,reneged,
ARR_003107,ST_EVO_DEUTSCHES_HAUS,2026-09-05T14:22:36+07:00,0,0.0,served,ST_EVO_DEUTSCHES_HAUS_P1
ARR_003108,ST_EVO_DEUTSCHES_HAUS,2026-09-05T14:26:23+07:00,0,9.8,reneged,
ARR_003109,ST_EVO_AUDI_HCM,2026-09-05T14:34:33+07:00,1,4.13,served,ST_EVO_AUDI_HCM_P1
ARR_003110,ST_EVO_AUDI_HCM,2026-09-05T14:42:56+07:00,0,16.33,served,ST_EVO_AUDI_HCM_P1
ARR_003111,ST_EVO_DEUTSCHES_HAUS,2026-09-05T15:02:28+07:00,0,39.9,reneged,
ARR_003112,ST_EVO_DEUTSCHES_HAUS,2026-09-05T15:09:49+07:00,1,33.6,reneged,
ARR_003113,ST_EVO_AUDI_HCM,2026-09-05T15:22:17+07:00,0,6.12,served,ST_EVO_AUDI_HCM_P1
ARR_003114,ST_EVO_LAVIDA_Q7,2026-09-05T15:22:54+07:00,0,0.0,served,ST_EVO_LAVIDA_Q7_P1
ARR_003115,ST_EVO_AUDI_HCM,2026-09-05T15:31:49+07:00,0,15.65,served,ST_EVO_AUDI_HCM_P4
ARR_003116,ST_EVO_AUDI_HCM,2026-09-05T15:40:03+07:00,1,14.48,served,ST_EVO_AUDI_HCM_P1
ARR_003117,ST_EVO_LAVIDA_Q7,2026-09-05T15:59:25+07:00,0,4.88,served,ST_EVO_LAVIDA_Q7_P1
ARR_003118,ST_EVO_DEUTSCHES_HAUS,2026-09-05T16:02:24+07:00,0,22.4,reneged,
ARR_003119,ST_EVO_LAVIDA_Q7,2026-09-05T16:12:55+07:00,0,23.0,reneged,
ARR_003120,ST_EVO_DEUTSCHES_HAUS,2026-09-05T16:13:21+07:00,1,18.3,reneged,
ARR_003121,ST_EVO_AUDI_HCM,2026-09-05T16:17:34+07:00,0,0.0,served,ST_EVO_AUDI_HCM_P2
ARR_003122,ST_EVO_AUDI_HCM,2026-09-05T16:34:26+07:00,0,0.0,served,ST_EVO_AUDI_HCM_P1
ARR_003123,ST_EVO_AUDI_HCM,2026-09-05T16:34:41+07:00,0,9.5,reneged,
ARR_003124,ST_EVO_DEUTSCHES_HAUS,2026-09-05T16:47:54+07:00,0,0.0,served,ST_EVO_DEUTSCHES_HAUS_P2
ARR_003125,ST_EVO_DEUTSCHES_HAUS,2026-09-05T16:57:11+07:00,0,0.0,served,ST_EVO_DEUTSCHES_HAUS_P3
ARR_003126,ST_EVO_DEUTSCHES_HAUS,2026-09-05T16:59:00+07:00,0,28.92,served,ST_EVO_DEUTSCHES_HAUS_P1
ARR_003127,ST_EVO_LAVIDA_Q7,2026-09-05T17:28:57+07:00,0,0.0,served,ST_EVO_LAVIDA_Q7_P1
ARR_003128,ST_EVO_AUDI_HCM,2026-09-05T17:49:19+07:00,0,0.0,served,ST_EVO_AUDI_HCM_P1
ARR_003129,ST_EVO_AUDI_HCM,2026-09-05T17:56:37+07:00,0,0.0,served,ST_EVO_AUDI_HCM_P2
ARR_003130,ST_EVO_AUDI_HCM,2026-09-05T18:01:54+07:00,0,0.0,served,ST_EVO_AUDI_HCM_P3
ARR_003131,ST_EVO_AUDI_HCM,2026-09-05T18:10:54+07:00,0,2.82,served,ST_EVO_AUDI_HCM_P1
ARR_003132,ST_EVO_AUDI_HCM,2026-09-05T18:23:14+07:00,0,0.0,served,ST_EVO_AUDI_HCM_P2
ARR_003133,ST_EVO_DEUTSCHES_HAUS,2026-09-05T18:24:21+07:00,0,0.0,served,ST_EVO_DEUTSCHES_HAUS_P4
ARR_003134,ST_EVO_DEUTSCHES_HAUS,2026-09-05T18:35:44+07:00,0,15.9,reneged,
ARR_003135,ST_EVO_DEUTSCHES_HAUS,2026-09-05T18:43:13+07:00,1,51.3,reneged,
ARR_003136,ST_EVO_AUDI_HCM,2026-09-05T18:43:48+07:00,0,0.0,served,ST_EVO_AUDI_HCM_P1
ARR_003137,ST_EVO_DEUTSCHES_HAUS,2026-09-05T19:07:53+07:00,1,55.7,reneged,
ARR_003138,ST_EVO_LAVIDA_Q7,2026-09-05T19:17:13+07:00,0,0.0,served,ST_EVO_LAVIDA_Q7_P1
ARR_003139,ST_EVO_DEUTSCHES_HAUS,2026-09-05T19:28:02+07:00,2,18.1,reneged,
ARR_003140,ST_EVO_AUDI_HCM,2026-09-05T19:32:36+07:00,0,0.0,served,ST_EVO_AUDI_HCM_P1
ARR_003141,ST_EVO_DEUTSCHES_HAUS,2026-09-05T20:10:23+07:00,0,13.9,reneged,
ARR_003142,ST_EVO_AUDI_HCM,2026-09-05T20:23:00+07:00,0,0.0,served,ST_EVO_AUDI_HCM_P1
ARR_003143,ST_EVO_AUDI_HCM,2026-09-05T20:51:31+07:00,0,0.0,served,ST_EVO_AUDI_HCM_P2
ARR_003144,ST_EVO_AUDI_HCM,2026-09-05T21:26:46+07:00,0,0.0,served,ST_EVO_AUDI_HCM_P1
ARR_003145,ST_EVO_LAVIDA_Q7,2026-09-05T21:49:37+07:00,0,0.0,served,ST_EVO_LAVIDA_Q7_P1
ARR_003146,ST_EVO_AUDI_HCM,2026-09-05T22:34:03+07:00,0,0.0,served,ST_EVO_AUDI_HCM_P1
ARR_003147,ST_EVO_DEUTSCHES_HAUS,2026-09-05T22:51:50+07:00,0,0.0,served,ST_EVO_DEUTSCHES_HAUS_P1
ARR_003148,ST_EVO_AUDI_HCM,2026-09-06T01:40:19+07:00,0,0.0,served,ST_EVO_AUDI_HCM_P1
ARR_003149,ST_EVO_AUDI_HCM,2026-09-06T07:47:37+07:00,0,0.0,served,ST_EVO_AUDI_HCM_P1
ARR_003150,ST_EVO_AUDI_HCM,2026-09-06T08:07:07+07:00,0,0.0,served,ST_EVO_AUDI_HCM_P1
ARR_003151,ST_EVO_AUDI_HCM,2026-09-06T08:25:27+07:00,0,0.0,served,ST_EVO_AUDI_HCM_P2
ARR_003152,ST_EVO_DEUTSCHES_HAUS,2026-09-06T08:57:33+07:00,0,0.0,served,ST_EVO_DEUTSCHES_HAUS_P2
ARR_003153,ST_EVO_LAVIDA_Q7,2026-09-06T09:36:24+07:00,0,0.0,served,ST_EVO_LAVIDA_Q7_P1
ARR_003154,ST_EVO_DEUTSCHES_HAUS,2026-09-06T09:48:04+07:00,0,0.0,served,ST_EVO_DEUTSCHES_HAUS_P3
ARR_003155,ST_EVO_AUDI_HCM,2026-09-06T10:37:45+07:00,0,0.0,served,ST_EVO_AUDI_HCM_P1
ARR_003156,ST_EVO_AUDI_HCM,2026-09-06T10:43:04+07:00,0,0.0,served,ST_EVO_AUDI_HCM_P2
ARR_003157,ST_EVO_DEUTSCHES_HAUS,2026-09-06T10:50:58+07:00,0,0.0,served,ST_EVO_DEUTSCHES_HAUS_P4
ARR_003158,ST_EVO_AUDI_HCM,2026-09-06T10:57:26+07:00,0,0.0,served,ST_EVO_AUDI_HCM_P3
ARR_003159,ST_EVO_LAVIDA_Q7,2026-09-06T11:06:11+07:00,0,0.0,served,ST_EVO_LAVIDA_Q7_P1
ARR_003160,ST_EVO_AUDI_HCM,2026-09-06T11:16:20+07:00,0,0.0,served,ST_EVO_AUDI_HCM_P4
ARR_003161,ST_EVO_AUDI_HCM,2026-09-06T11:50:38+07:00,0,0.0,served,ST_EVO_AUDI_HCM_P1
ARR_003162,ST_EVO_DEUTSCHES_HAUS,2026-09-06T12:01:21+07:00,0,0.0,served,ST_EVO_DEUTSCHES_HAUS_P1
ARR_003163,ST_EVO_LAVIDA_Q7,2026-09-06T12:04:59+07:00,0,0.0,served,ST_EVO_LAVIDA_Q7_P1
ARR_003164,ST_EVO_AUDI_HCM,2026-09-06T12:33:03+07:00,0,0.0,served,ST_EVO_AUDI_HCM_P1
ARR_003165,ST_EVO_LAVIDA_Q7,2026-09-06T12:36:09+07:00,0,25.1,served,ST_EVO_LAVIDA_Q7_P1
ARR_003166,ST_EVO_LAVIDA_Q7,2026-09-06T12:38:07+07:00,1,12.7,reneged,
ARR_003167,ST_EVO_AUDI_HCM,2026-09-06T12:42:35+07:00,0,0.0,served,ST_EVO_AUDI_HCM_P2
ARR_003168,ST_EVO_AUDI_HCM,2026-09-06T12:49:26+07:00,0,0.0,served,ST_EVO_AUDI_HCM_P3
ARR_003169,ST_EVO_LAVIDA_Q7,2026-09-06T12:50:49+07:00,2,31.1,reneged,
ARR_003170,ST_EVO_AUDI_HCM,2026-09-06T12:58:41+07:00,0,11.7,served,ST_EVO_AUDI_HCM_P1
ARR_003171,ST_EVO_AUDI_HCM,2026-09-06T13:13:45+07:00,0,23.9,served,ST_EVO_AUDI_HCM_P2
ARR_003172,ST_EVO_AUDI_HCM,2026-09-06T13:15:58+07:00,1,16.4,reneged,
ARR_003173,ST_EVO_AUDI_HCM,2026-09-06T13:28:34+07:00,2,10.5,reneged,
ARR_003174,ST_EVO_LAVIDA_Q7,2026-09-06T13:40:13+07:00,0,21.8,reneged,
ARR_003175,ST_EVO_AUDI_HCM,2026-09-06T13:42:01+07:00,0,3.12,served,ST_EVO_AUDI_HCM_P1
ARR_003176,ST_EVO_DEUTSCHES_HAUS,2026-09-06T13:48:33+07:00,0,0.0,served,ST_EVO_DEUTSCHES_HAUS_P2
ARR_003177,ST_EVO_DEUTSCHES_HAUS,2026-09-06T13:56:43+07:00,0,12.6,reneged,
ARR_003178,ST_EVO_AUDI_HCM,2026-09-06T13:58:30+07:00,0,9.57,served,ST_EVO_AUDI_HCM_P2
ARR_003179,ST_EVO_AUDI_HCM,2026-09-06T14:29:06+07:00,0,0.0,served,ST_EVO_AUDI_HCM_P1
ARR_003180,ST_EVO_DEUTSCHES_HAUS,2026-09-06T15:01:04+07:00,0,0.0,served,ST_EVO_DEUTSCHES_HAUS_P3
ARR_003181,ST_EVO_AUDI_HCM,2026-09-06T15:23:10+07:00,0,0.0,served,ST_EVO_AUDI_HCM_P1
ARR_003182,ST_EVO_AUDI_HCM,2026-09-06T15:32:36+07:00,0,0.0,served,ST_EVO_AUDI_HCM_P2
ARR_003183,ST_EVO_DEUTSCHES_HAUS,2026-09-06T15:37:41+07:00,0,17.4,reneged,
ARR_003184,ST_EVO_DEUTSCHES_HAUS,2026-09-06T16:35:11+07:00,0,0.0,served,ST_EVO_DEUTSCHES_HAUS_P4
ARR_003185,ST_EVO_AUDI_HCM,2026-09-06T17:21:20+07:00,0,0.0,served,ST_EVO_AUDI_HCM_P1
ARR_003186,ST_EVO_LAVIDA_Q7,2026-09-06T17:25:02+07:00,0,0.0,served,ST_EVO_LAVIDA_Q7_P1
ARR_003187,ST_EVO_DEUTSCHES_HAUS,2026-09-06T17:40:50+07:00,0,22.2,reneged,
ARR_003188,ST_EVO_DEUTSCHES_HAUS,2026-09-06T18:15:28+07:00,0,0.67,served,ST_EVO_DEUTSCHES_HAUS_P2
ARR_003189,ST_EVO_AUDI_HCM,2026-09-06T18:17:50+07:00,0,0.0,served,ST_EVO_AUDI_HCM_P1
ARR_003190,ST_EVO_AUDI_HCM,2026-09-06T18:19:30+07:00,0,0.0,served,ST_EVO_AUDI_HCM_P2
ARR_003191,ST_EVO_AUDI_HCM,2026-09-06T18:19:48+07:00,0,0.0,served,ST_EVO_AUDI_HCM_P3
ARR_003192,ST_EVO_AUDI_HCM,2026-09-06T18:36:52+07:00,0,0.0,served,ST_EVO_AUDI_HCM_P4
ARR_003193,ST_EVO_LAVIDA_Q7,2026-09-06T18:40:38+07:00,0,0.0,served,ST_EVO_LAVIDA_Q7_P1
ARR_003194,ST_EVO_AUDI_HCM,2026-09-06T18:42:22+07:00,0,17.4,reneged,
ARR_003195,ST_EVO_AUDI_HCM,2026-09-06T18:59:52+07:00,0,0.15,served,ST_EVO_AUDI_HCM_P2
ARR_003196,ST_EVO_AUDI_HCM,2026-09-06T19:20:23+07:00,0,0.0,served,ST_EVO_AUDI_HCM_P1
ARR_003197,ST_EVO_AUDI_HCM,2026-09-06T19:30:21+07:00,0,11.8,reneged,
ARR_003198,ST_EVO_DEUTSCHES_HAUS,2026-09-06T19:34:23+07:00,0,0.0,served,ST_EVO_DEUTSCHES_HAUS_P1
ARR_003199,ST_EVO_DEUTSCHES_HAUS,2026-09-06T19:36:15+07:00,0,0.0,served,ST_EVO_DEUTSCHES_HAUS_P3
ARR_003200,ST_EVO_AUDI_HCM,2026-09-06T19:54:54+07:00,0,0.0,served,ST_EVO_AUDI_HCM_P2
ARR_003201,ST_EVO_DEUTSCHES_HAUS,2026-09-06T19:55:25+07:00,0,0.0,served,ST_EVO_DEUTSCHES_HAUS_P4
ARR_003202,ST_EVO_LAVIDA_Q7,2026-09-06T20:04:23+07:00,0,0.0,served,ST_EVO_LAVIDA_Q7_P1
ARR_003203,ST_EVO_AUDI_HCM,2026-09-06T20:16:03+07:00,0,0.38,served,ST_EVO_AUDI_HCM_P1
ARR_003204,ST_EVO_AUDI_HCM,2026-09-06T20:21:55+07:00,0,6.7,reneged,
ARR_003205,ST_EVO_AUDI_HCM,2026-09-06T22:31:19+07:00,0,0.0,served,ST_EVO_AUDI_HCM_P1
ARR_003206,ST_EVO_AUDI_HCM,2026-09-06T23:08:30+07:00,0,0.0,served,ST_EVO_AUDI_HCM_P2
ARR_003207,ST_EVO_AUDI_HCM,2026-09-06T23:18:29+07:00,0,0.0,served,ST_EVO_AUDI_HCM_P4
ARR_003208,ST_EVO_AUDI_HCM,2026-09-06T23:52:33+07:00,0,7.12,served,ST_EVO_AUDI_HCM_P3
ARR_003209,ST_EVO_AUDI_HCM,2026-09-07T07:18:14+07:00,0,0.0,served,ST_EVO_AUDI_HCM_P1
ARR_003210,ST_EVO_AUDI_HCM,2026-09-07T07:26:42+07:00,0,0.0,served,ST_EVO_AUDI_HCM_P2
ARR_003211,ST_EVO_LAVIDA_Q7,2026-09-07T08:10:55+07:00,0,0.0,served,ST_EVO_LAVIDA_Q7_P1
ARR_003212,ST_EVO_LAVIDA_Q7,2026-09-07T08:14:47+07:00,0,19.3,served,ST_EVO_LAVIDA_Q7_P1
ARR_003213,ST_EVO_AUDI_HCM,2026-09-07T08:24:23+07:00,0,0.0,served,ST_EVO_AUDI_HCM_P1
ARR_003214,ST_EVO_LAVIDA_Q7,2026-09-07T09:39:15+07:00,0,0.0,served,ST_EVO_LAVIDA_Q7_P1
ARR_003215,ST_EVO_AUDI_HCM,2026-09-07T09:40:57+07:00,0,0.0,served,ST_EVO_AUDI_HCM_P1
ARR_003216,ST_EVO_AUDI_HCM,2026-09-07T09:42:58+07:00,0,0.0,served,ST_EVO_AUDI_HCM_P2
ARR_003217,ST_EVO_LAVIDA_Q7,2026-09-07T09:51:49+07:00,0,25.7,reneged,
ARR_003218,ST_EVO_LAVIDA_Q7,2026-09-07T10:05:05+07:00,1,11.6,reneged,
ARR_003219,ST_EVO_DEUTSCHES_HAUS,2026-09-07T10:12:47+07:00,0,0.0,served,ST_EVO_DEUTSCHES_HAUS_P1
ARR_003220,ST_EVO_DEUTSCHES_HAUS,2026-09-07T10:15:23+07:00,0,0.0,served,ST_EVO_DEUTSCHES_HAUS_P2
ARR_003221,ST_EVO_LAVIDA_Q7,2026-09-07T11:01:36+07:00,0,0.0,served,ST_EVO_LAVIDA_Q7_P1
ARR_003222,ST_EVO_AUDI_HCM,2026-09-07T11:05:09+07:00,0,0.0,served,ST_EVO_AUDI_HCM_P1
ARR_003223,ST_EVO_AUDI_HCM,2026-09-07T11:14:11+07:00,0,0.0,served,ST_EVO_AUDI_HCM_P2
ARR_003224,ST_EVO_AUDI_HCM,2026-09-07T11:16:37+07:00,0,0.0,served,ST_EVO_AUDI_HCM_P3
ARR_003225,ST_EVO_AUDI_HCM,2026-09-07T11:19:58+07:00,0,0.0,served,ST_EVO_AUDI_HCM_P4
ARR_003226,ST_EVO_LAVIDA_Q7,2026-09-07T11:22:46+07:00,0,24.98,served,ST_EVO_LAVIDA_Q7_P1
ARR_003227,ST_EVO_DEUTSCHES_HAUS,2026-09-07T11:23:39+07:00,0,0.0,served,ST_EVO_DEUTSCHES_HAUS_P3
ARR_003228,ST_EVO_DEUTSCHES_HAUS,2026-09-07T11:24:35+07:00,0,0.0,served,ST_EVO_DEUTSCHES_HAUS_P4
ARR_003229,ST_EVO_DEUTSCHES_HAUS,2026-09-07T11:26:43+07:00,0,25.7,reneged,
ARR_003230,ST_EVO_AUDI_HCM,2026-09-07T11:30:47+07:00,0,20.1,reneged,
ARR_003231,ST_EVO_DEUTSCHES_HAUS,2026-09-07T11:38:59+07:00,1,11.5,reneged,
ARR_003232,ST_EVO_DEUTSCHES_HAUS,2026-09-07T11:39:35+07:00,2,40.6,reneged,
ARR_003233,ST_EVO_AUDI_HCM,2026-09-07T11:44:49+07:00,1,12.78,served,ST_EVO_AUDI_HCM_P1
ARR_003234,ST_EVO_AUDI_HCM,2026-09-07T11:55:35+07:00,1,12.58,served,ST_EVO_AUDI_HCM_P2
ARR_003235,ST_EVO_LAVIDA_Q7,2026-09-07T12:02:33+07:00,0,13.7,reneged,
ARR_003236,ST_EVO_AUDI_HCM,2026-09-07T12:03:32+07:00,1,15.0,served,ST_EVO_AUDI_HCM_P1
ARR_003237,ST_EVO_AUDI_HCM,2026-09-07T12:03:53+07:00,2,11.3,reneged,
ARR_003238,ST_EVO_LAVIDA_Q7,2026-09-07T12:05:56+07:00,1,24.85,served,ST_EVO_LAVIDA_Q7_P1
ARR_003239,ST_EVO_LAVIDA_Q7,2026-09-07T12:08:54+07:00,2,11.6,reneged,
ARR_003240,ST_EVO_DEUTSCHES_HAUS,2026-09-07T12:13:53+07:00,1,11.2,reneged,
ARR_003241,ST_EVO_DEUTSCHES_HAUS,2026-09-07T12:14:23+07:00,2,17.08,served,ST_EVO_DEUTSCHES_HAUS_P3
ARR_003242,ST_EVO_AUDI_HCM,2026-09-07T12:35:34+07:00,0,17.77,served,ST_EVO_AUDI_HCM_P2
ARR_003243,ST_EVO_AUDI_HCM,2026-09-07T12:38:12+07:00,1,21.0,served,ST_EVO_AUDI_HCM_P1
ARR_003244,ST_EVO_AUDI_HCM,2026-09-07T12:39:22+07:00,2,16.3,reneged,
ARR_003245,ST_EVO_AUDI_HCM,2026-09-07T12:57:20+07:00,1,9.4,served,ST_EVO_AUDI_HCM_P4
ARR_003246,ST_EVO_AUDI_HCM,2026-09-07T13:07:11+07:00,0,36.78,served,ST_EVO_AUDI_HCM_P2
ARR_003247,ST_EVO_AUDI_HCM,2026-09-07T13:13:40+07:00,1,45.8,reneged,
ARR_003248,ST_EVO_AUDI_HCM,2026-09-07T13:30:29+07:00,2,18.1,reneged,
ARR_003249,ST_EVO_AUDI_HCM,2026-09-07T13:30:53+07:00,3,54.02,served,ST_EVO_AUDI_HCM_P1
ARR_003250,ST_EVO_AUDI_HCM,2026-09-07T13:44:01+07:00,3,37.4,reneged,
ARR_003251,ST_EVO_AUDI_HCM,2026-09-07T13:45:23+07:00,4,10.5,reneged,
ARR_003252,ST_EVO_AUDI_HCM,2026-09-07T13:47:17+07:00,5,19.6,reneged,
ARR_003253,ST_EVO_LAVIDA_Q7,2026-09-07T13:48:31+07:00,0,0.0,served,ST_EVO_LAVIDA_Q7_P1
ARR_003254,ST_EVO_AUDI_HCM,2026-09-07T13:54:09+07:00,5,12.3,reneged,
ARR_003255,ST_EVO_AUDI_HCM,2026-09-07T13:55:34+07:00,6,21.3,reneged,
ARR_003256,ST_EVO_AUDI_HCM,2026-09-07T13:58:56+07:00,6,13.7,reneged,
ARR_003257,ST_EVO_AUDI_HCM,2026-09-07T14:00:11+07:00,6,9.1,reneged,
ARR_003258,ST_EVO_LAVIDA_Q7,2026-09-07T14:12:49+07:00,0,8.4,reneged,
ARR_003259,ST_EVO_LAVIDA_Q7,2026-09-07T14:33:37+07:00,0,0.0,served,ST_EVO_LAVIDA_Q7_P1
ARR_003260,ST_EVO_DEUTSCHES_HAUS,2026-09-07T14:53:16+07:00,0,0.0,served,ST_EVO_DEUTSCHES_HAUS_P1
ARR_003261,ST_EVO_DEUTSCHES_HAUS,2026-09-07T15:13:09+07:00,0,0.0,served,ST_EVO_DEUTSCHES_HAUS_P2
ARR_003262,ST_EVO_AUDI_HCM,2026-09-07T15:21:53+07:00,0,0.0,served,ST_EVO_AUDI_HCM_P1
ARR_003263,ST_EVO_AUDI_HCM,2026-09-07T15:33:30+07:00,0,0.0,served,ST_EVO_AUDI_HCM_P2
ARR_003264,ST_EVO_AUDI_HCM,2026-09-07T15:38:06+07:00,0,0.0,served,ST_EVO_AUDI_HCM_P1
ARR_003265,ST_EVO_AUDI_HCM,2026-09-07T15:40:36+07:00,0,21.2,reneged,
ARR_003266,ST_EVO_AUDI_HCM,2026-09-07T15:40:48+07:00,1,11.3,reneged,
ARR_003267,ST_EVO_DEUTSCHES_HAUS,2026-09-07T15:46:54+07:00,0,0.0,served,ST_EVO_DEUTSCHES_HAUS_P4
ARR_003268,ST_EVO_AUDI_HCM,2026-09-07T16:15:05+07:00,0,0.0,served,ST_EVO_AUDI_HCM_P1
ARR_003269,ST_EVO_AUDI_HCM,2026-09-07T16:16:07+07:00,0,0.0,served,ST_EVO_AUDI_HCM_P2
ARR_003270,ST_EVO_DEUTSCHES_HAUS,2026-09-07T16:30:13+07:00,0,0.0,served,ST_EVO_DEUTSCHES_HAUS_P3
ARR_003271,ST_EVO_AUDI_HCM,2026-09-07T16:32:00+07:00,0,0.0,served,ST_EVO_AUDI_HCM_P3
ARR_003272,ST_EVO_AUDI_HCM,2026-09-07T16:37:15+07:00,0,15.77,served,ST_EVO_AUDI_HCM_P1
ARR_003273,ST_EVO_DEUTSCHES_HAUS,2026-09-07T16:52:33+07:00,0,0.0,served,ST_EVO_DEUTSCHES_HAUS_P1
ARR_003274,ST_EVO_AUDI_HCM,2026-09-07T16:52:47+07:00,1,8.13,served,ST_EVO_AUDI_HCM_P2
ARR_003275,ST_EVO_AUDI_HCM,2026-09-07T16:54:33+07:00,1,18.8,reneged,
ARR_003276,ST_EVO_DEUTSCHES_HAUS,2026-09-07T17:04:21+07:00,0,10.6,reneged,
ARR_003277,ST_EVO_AUDI_HCM,2026-09-07T17:16:43+07:00,0,17.45,served,ST_EVO_AUDI_HCM_P2
ARR_003278,ST_EVO_DEUTSCHES_HAUS,2026-09-07T17:22:11+07:00,0,10.8,reneged,
ARR_003279,ST_EVO_DEUTSCHES_HAUS,2026-09-07T18:11:14+07:00,0,3.3,reneged,
ARR_003280,ST_EVO_DEUTSCHES_HAUS,2026-09-07T18:12:59+07:00,1,21.8,reneged,
ARR_003281,ST_EVO_AUDI_HCM,2026-09-07T18:28:53+07:00,0,0.0,served,ST_EVO_AUDI_HCM_P1
ARR_003282,ST_EVO_DEUTSCHES_HAUS,2026-09-07T18:30:51+07:00,1,8.5,reneged,
ARR_003283,ST_EVO_DEUTSCHES_HAUS,2026-09-07T18:42:06+07:00,0,9.63,served,ST_EVO_DEUTSCHES_HAUS_P2
ARR_003284,ST_EVO_AUDI_HCM,2026-09-07T18:51:34+07:00,0,0.0,served,ST_EVO_AUDI_HCM_P2
ARR_003285,ST_EVO_DEUTSCHES_HAUS,2026-09-07T19:15:44+07:00,0,0.0,served,ST_EVO_DEUTSCHES_HAUS_P4
ARR_003286,ST_EVO_LAVIDA_Q7,2026-09-07T19:19:05+07:00,0,0.0,served,ST_EVO_LAVIDA_Q7_P1
ARR_003287,ST_EVO_LAVIDA_Q7,2026-09-07T19:38:52+07:00,0,25.8,reneged,
ARR_003288,ST_EVO_AUDI_HCM,2026-09-07T20:09:07+07:00,0,0.0,served,ST_EVO_AUDI_HCM_P1
ARR_003289,ST_EVO_DEUTSCHES_HAUS,2026-09-07T20:14:40+07:00,0,0.0,served,ST_EVO_DEUTSCHES_HAUS_P3
ARR_003290,ST_EVO_AUDI_HCM,2026-09-07T20:42:15+07:00,0,0.0,served,ST_EVO_AUDI_HCM_P1
ARR_003291,ST_EVO_AUDI_HCM,2026-09-07T20:48:08+07:00,0,0.0,served,ST_EVO_AUDI_HCM_P2
ARR_003292,ST_EVO_AUDI_HCM,2026-09-07T20:59:56+07:00,0,0.0,served,ST_EVO_AUDI_HCM_P4
ARR_003293,ST_EVO_AUDI_HCM,2026-09-07T21:13:47+07:00,0,0.0,served,ST_EVO_AUDI_HCM_P2
ARR_003294,ST_EVO_AUDI_HCM,2026-09-07T21:16:28+07:00,0,3.72,served,ST_EVO_AUDI_HCM_P1
ARR_003295,ST_EVO_AUDI_HCM,2026-09-07T21:21:40+07:00,0,15.62,served,ST_EVO_AUDI_HCM_P3
ARR_003296,ST_EVO_DEUTSCHES_HAUS,2026-09-07T22:54:45+07:00,0,0.0,served,ST_EVO_DEUTSCHES_HAUS_P2
ARR_003297,ST_EVO_AUDI_HCM,2026-09-08T00:49:56+07:00,0,0.0,served,ST_EVO_AUDI_HCM_P1
ARR_003298,ST_EVO_AUDI_HCM,2026-09-08T01:17:23+07:00,0,0.0,served,ST_EVO_AUDI_HCM_P2
ARR_003299,ST_EVO_DEUTSCHES_HAUS,2026-09-08T06:45:00+07:00,0,0.0,served,ST_EVO_DEUTSCHES_HAUS_P1
ARR_003300,ST_EVO_DEUTSCHES_HAUS,2026-09-08T07:42:27+07:00,0,0.0,served,ST_EVO_DEUTSCHES_HAUS_P2
ARR_003301,ST_EVO_AUDI_HCM,2026-09-08T07:49:13+07:00,0,0.0,served,ST_EVO_AUDI_HCM_P1
ARR_003302,ST_EVO_LAVIDA_Q7,2026-09-08T08:04:29+07:00,0,0.0,served,ST_EVO_LAVIDA_Q7_P1
ARR_003303,ST_EVO_AUDI_HCM,2026-09-08T08:12:28+07:00,0,0.0,served,ST_EVO_AUDI_HCM_P1
ARR_003304,ST_EVO_AUDI_HCM,2026-09-08T08:13:38+07:00,0,0.0,served,ST_EVO_AUDI_HCM_P2
ARR_003305,ST_EVO_LAVIDA_Q7,2026-09-08T08:20:50+07:00,0,18.7,reneged,
ARR_003306,ST_EVO_DEUTSCHES_HAUS,2026-09-08T08:46:27+07:00,0,0.0,served,ST_EVO_DEUTSCHES_HAUS_P3
ARR_003307,ST_EVO_AUDI_HCM,2026-09-08T09:13:57+07:00,0,0.0,served,ST_EVO_AUDI_HCM_P1
ARR_003308,ST_EVO_AUDI_HCM,2026-09-08T09:20:13+07:00,0,0.0,served,ST_EVO_AUDI_HCM_P2
ARR_003309,ST_EVO_AUDI_HCM,2026-09-08T09:20:25+07:00,0,0.0,served,ST_EVO_AUDI_HCM_P4
ARR_003310,ST_EVO_AUDI_HCM,2026-09-08T09:37:00+07:00,0,0.0,served,ST_EVO_AUDI_HCM_P1
ARR_003311,ST_EVO_AUDI_HCM,2026-09-08T09:39:04+07:00,0,0.0,served,ST_EVO_AUDI_HCM_P2
ARR_003312,ST_EVO_AUDI_HCM,2026-09-08T09:50:49+07:00,0,10.2,reneged,
ARR_003313,ST_EVO_AUDI_HCM,2026-09-08T10:27:28+07:00,0,0.0,served,ST_EVO_AUDI_HCM_P1
ARR_003314,ST_EVO_AUDI_HCM,2026-09-08T10:56:24+07:00,0,0.0,served,ST_EVO_AUDI_HCM_P1
ARR_003315,ST_EVO_AUDI_HCM,2026-09-08T11:03:40+07:00,0,0.0,served,ST_EVO_AUDI_HCM_P2
ARR_003316,ST_EVO_DEUTSCHES_HAUS,2026-09-08T11:13:27+07:00,0,0.0,served,ST_EVO_DEUTSCHES_HAUS_P1
ARR_003317,ST_EVO_AUDI_HCM,2026-09-08T11:19:05+07:00,0,11.77,served,ST_EVO_AUDI_HCM_P1
ARR_003318,ST_EVO_AUDI_HCM,2026-09-08T11:22:37+07:00,1,8.8,reneged,
ARR_003319,ST_EVO_DEUTSCHES_HAUS,2026-09-08T11:28:28+07:00,0,0.0,served,ST_EVO_DEUTSCHES_HAUS_P2
ARR_003320,ST_EVO_AUDI_HCM,2026-09-08T11:35:32+07:00,0,7.4,reneged,
ARR_003321,ST_EVO_DEUTSCHES_HAUS,2026-09-08T11:59:50+07:00,0,0.0,served,ST_EVO_DEUTSCHES_HAUS_P4
ARR_003322,ST_EVO_DEUTSCHES_HAUS,2026-09-08T12:07:48+07:00,0,15.5,reneged,
ARR_003323,ST_EVO_AUDI_HCM,2026-09-08T12:08:39+07:00,0,0.0,served,ST_EVO_AUDI_HCM_P2
ARR_003324,ST_EVO_DEUTSCHES_HAUS,2026-09-08T12:12:13+07:00,1,19.3,reneged,
ARR_003325,ST_EVO_AUDI_HCM,2026-09-08T12:21:41+07:00,0,12.8,reneged,
ARR_003326,ST_EVO_DEUTSCHES_HAUS,2026-09-08T12:23:39+07:00,1,17.1,reneged,
ARR_003327,ST_EVO_AUDI_HCM,2026-09-08T12:37:32+07:00,0,0.48,served,ST_EVO_AUDI_HCM_P1
ARR_003328,ST_EVO_LAVIDA_Q7,2026-09-08T12:42:00+07:00,0,0.0,served,ST_EVO_LAVIDA_Q7_P1
ARR_003329,ST_EVO_LAVIDA_Q7,2026-09-08T12:46:45+07:00,0,19.1,reneged,
ARR_003330,ST_EVO_AUDI_HCM,2026-09-08T12:54:36+07:00,0,0.0,served,ST_EVO_AUDI_HCM_P2
ARR_003331,ST_EVO_DEUTSCHES_HAUS,2026-09-08T13:10:19+07:00,0,9.35,served,ST_EVO_DEUTSCHES_HAUS_P4
ARR_003332,ST_EVO_AUDI_HCM,2026-09-08T13:30:00+07:00,0,0.0,served,ST_EVO_AUDI_HCM_P1
ARR_003333,ST_EVO_AUDI_HCM,2026-09-08T13:48:57+07:00,0,0.0,served,ST_EVO_AUDI_HCM_P2
ARR_003334,ST_EVO_DEUTSCHES_HAUS,2026-09-08T14:05:06+07:00,0,0.0,served,ST_EVO_DEUTSCHES_HAUS_P3
ARR_003335,ST_EVO_AUDI_HCM,2026-09-08T14:08:20+07:00,0,0.0,served,ST_EVO_AUDI_HCM_P3
ARR_003336,ST_EVO_AUDI_HCM,2026-09-08T14:10:32+07:00,0,0.0,served,ST_EVO_AUDI_HCM_P4
ARR_003337,ST_EVO_AUDI_HCM,2026-09-08T14:28:21+07:00,0,0.0,served,ST_EVO_AUDI_HCM_P1
ARR_003338,ST_EVO_AUDI_HCM,2026-09-08T15:34:04+07:00,0,0.0,served,ST_EVO_AUDI_HCM_P1
ARR_003339,ST_EVO_AUDI_HCM,2026-09-08T15:37:57+07:00,0,0.0,served,ST_EVO_AUDI_HCM_P2
ARR_003340,ST_EVO_AUDI_HCM,2026-09-08T16:03:22+07:00,0,0.0,served,ST_EVO_AUDI_HCM_P2
ARR_003341,ST_EVO_AUDI_HCM,2026-09-08T16:03:31+07:00,0,0.0,served,ST_EVO_AUDI_HCM_P4
ARR_003342,ST_EVO_AUDI_HCM,2026-09-08T16:04:59+07:00,0,14.3,served,ST_EVO_AUDI_HCM_P1
ARR_003343,ST_EVO_AUDI_HCM,2026-09-08T16:29:22+07:00,0,9.9,served,ST_EVO_AUDI_HCM_P2
ARR_003344,ST_EVO_AUDI_HCM,2026-09-08T16:29:55+07:00,1,30.88,served,ST_EVO_AUDI_HCM_P1
ARR_003345,ST_EVO_LAVIDA_Q7,2026-09-08T16:43:49+07:00,0,0.0,served,ST_EVO_LAVIDA_Q7_P1
ARR_003346,ST_EVO_AUDI_HCM,2026-09-08T16:46:07+07:00,1,22.22,served,ST_EVO_AUDI_HCM_P2
ARR_003347,ST_EVO_AUDI_HCM,2026-09-08T17:02:23+07:00,1,13.0,served,ST_EVO_AUDI_HCM_P1
ARR_003348,ST_EVO_LAVIDA_Q7,2026-09-08T17:10:48+07:00,0,9.53,served,ST_EVO_LAVIDA_Q7_P1
ARR_003349,ST_EVO_DEUTSCHES_HAUS,2026-09-08T17:24:43+07:00,0,0.0,served,ST_EVO_DEUTSCHES_HAUS_P1
ARR_003350,ST_EVO_AUDI_HCM,2026-09-08T17:30:04+07:00,0,11.82,served,ST_EVO_AUDI_HCM_P2
ARR_003351,ST_EVO_AUDI_HCM,2026-09-08T17:33:21+07:00,1,13.82,served,ST_EVO_AUDI_HCM_P1
ARR_003352,ST_EVO_AUDI_HCM,2026-09-08T17:35:23+07:00,2,25.35,served,ST_EVO_AUDI_HCM_P2
ARR_003353,ST_EVO_LAVIDA_Q7,2026-09-08T17:40:36+07:00,0,33.23,served,ST_EVO_LAVIDA_Q7_P1
ARR_003354,ST_EVO_AUDI_HCM,2026-09-08T17:41:50+07:00,3,14.0,reneged,
ARR_003355,ST_EVO_DEUTSCHES_HAUS,2026-09-08T17:42:56+07:00,0,0.0,served,ST_EVO_DEUTSCHES_HAUS_P4
ARR_003356,ST_EVO_AUDI_HCM,2026-09-08T17:48:03+07:00,2,26.42,served,ST_EVO_AUDI_HCM_P1
ARR_003357,ST_EVO_DEUTSCHES_HAUS,2026-09-08T17:58:35+07:00,0,0.0,served,ST_EVO_DEUTSCHES_HAUS_P2
ARR_003358,ST_EVO_LAVIDA_Q7,2026-09-08T18:11:20+07:00,1,10.2,reneged,
ARR_003359,ST_EVO_AUDI_HCM,2026-09-08T18:12:06+07:00,1,9.1,reneged,
ARR_003360,ST_EVO_AUDI_HCM,2026-09-08T18:12:06+07:00,2,34.97,served,ST_EVO_AUDI_HCM_P2
ARR_003361,ST_EVO_AUDI_HCM,2026-09-08T18:12:54+07:00,3,29.1,reneged,
ARR_003362,ST_EVO_AUDI_HCM,2026-09-08T18:21:41+07:00,2,8.7,reneged,
ARR_003363,ST_EVO_AUDI_HCM,2026-09-08T18:22:22+07:00,3,29.2,reneged,
ARR_003364,ST_EVO_AUDI_HCM,2026-09-08T19:02:54+07:00,0,7.1,served,ST_EVO_AUDI_HCM_P1
ARR_003365,ST_EVO_AUDI_HCM,2026-09-08T19:34:11+07:00,0,0.0,served,ST_EVO_AUDI_HCM_P3
ARR_003366,ST_EVO_AUDI_HCM,2026-09-08T19:37:56+07:00,0,0.0,served,ST_EVO_AUDI_HCM_P2
ARR_003367,ST_EVO_LAVIDA_Q7,2026-09-08T19:52:00+07:00,0,0.0,served,ST_EVO_LAVIDA_Q7_P1
ARR_003368,ST_EVO_AUDI_HCM,2026-09-08T19:54:00+07:00,0,0.0,served,ST_EVO_AUDI_HCM_P1
ARR_003369,ST_EVO_AUDI_HCM,2026-09-08T20:02:13+07:00,0,31.57,served,ST_EVO_AUDI_HCM_P2
ARR_003370,ST_EVO_DEUTSCHES_HAUS,2026-09-08T20:44:25+07:00,0,0.0,served,ST_EVO_DEUTSCHES_HAUS_P1
ARR_003371,ST_EVO_AUDI_HCM,2026-09-08T20:54:01+07:00,0,0.0,served,ST_EVO_AUDI_HCM_P1
ARR_003372,ST_EVO_DEUTSCHES_HAUS,2026-09-08T21:58:13+07:00,0,0.0,served,ST_EVO_DEUTSCHES_HAUS_P2
ARR_003373,ST_EVO_DEUTSCHES_HAUS,2026-09-08T23:41:00+07:00,0,0.0,served,ST_EVO_DEUTSCHES_HAUS_P3
ARR_003374,ST_EVO_AUDI_HCM,2026-09-09T04:45:07+07:00,0,0.0,served,ST_EVO_AUDI_HCM_P1
ARR_003375,ST_EVO_LAVIDA_Q7,2026-09-09T06:29:21+07:00,0,0.0,served,ST_EVO_LAVIDA_Q7_P1
ARR_003376,ST_EVO_AUDI_HCM,2026-09-09T07:02:38+07:00,0,0.0,served,ST_EVO_AUDI_HCM_P2
ARR_003377,ST_EVO_AUDI_HCM,2026-09-09T08:01:42+07:00,0,0.0,served,ST_EVO_AUDI_HCM_P2
ARR_003378,ST_EVO_AUDI_HCM,2026-09-09T09:03:01+07:00,0,0.0,served,ST_EVO_AUDI_HCM_P2
ARR_003379,ST_EVO_AUDI_HCM,2026-09-09T09:03:38+07:00,0,0.0,served,ST_EVO_AUDI_HCM_P3
ARR_003380,ST_EVO_AUDI_HCM,2026-09-09T09:37:42+07:00,0,0.0,served,ST_EVO_AUDI_HCM_P1
ARR_003381,ST_EVO_DEUTSCHES_HAUS,2026-09-09T09:42:55+07:00,0,0.0,served,ST_EVO_DEUTSCHES_HAUS_P2
ARR_003382,ST_EVO_AUDI_HCM,2026-09-09T09:51:29+07:00,0,0.0,served,ST_EVO_AUDI_HCM_P2
ARR_003383,ST_EVO_AUDI_HCM,2026-09-09T09:58:51+07:00,0,0.0,served,ST_EVO_AUDI_HCM_P4
ARR_003384,ST_EVO_AUDI_HCM,2026-09-09T10:01:45+07:00,0,5.7,reneged,
ARR_003385,ST_EVO_AUDI_HCM,2026-09-09T10:07:16+07:00,1,3.85,served,ST_EVO_AUDI_HCM_P1
ARR_003386,ST_EVO_AUDI_HCM,2026-09-09T10:08:56+07:00,1,13.53,served,ST_EVO_AUDI_HCM_P1
ARR_003387,ST_EVO_DEUTSCHES_HAUS,2026-09-09T10:31:49+07:00,0,0.0,served,ST_EVO_DEUTSCHES_HAUS_P3
ARR_003388,ST_EVO_AUDI_HCM,2026-09-09T10:40:53+07:00,0,0.0,served,ST_EVO_AUDI_HCM_P1
ARR_003389,ST_EVO_AUDI_HCM,2026-09-09T10:44:29+07:00,0,13.75,served,ST_EVO_AUDI_HCM_P2
ARR_003390,ST_EVO_AUDI_HCM,2026-09-09T11:21:22+07:00,0,0.0,served,ST_EVO_AUDI_HCM_P1
ARR_003391,ST_EVO_DEUTSCHES_HAUS,2026-09-09T11:24:32+07:00,0,0.0,served,ST_EVO_DEUTSCHES_HAUS_P2
ARR_003392,ST_EVO_AUDI_HCM,2026-09-09T11:28:02+07:00,0,0.0,served,ST_EVO_AUDI_HCM_P3
ARR_003393,ST_EVO_AUDI_HCM,2026-09-09T11:31:47+07:00,0,2.6,served,ST_EVO_AUDI_HCM_P1
ARR_003394,ST_EVO_AUDI_HCM,2026-09-09T11:34:43+07:00,0,5.17,served,ST_EVO_AUDI_HCM_P2
ARR_003395,ST_EVO_AUDI_HCM,2026-09-09T11:34:59+07:00,1,20.8,reneged,
ARR_003396,ST_EVO_AUDI_HCM,2026-09-09T11:37:47+07:00,2,26.55,served,ST_EVO_AUDI_HCM_P2
ARR_003397,ST_EVO_DEUTSCHES_HAUS,2026-09-09T11:39:32+07:00,0,0.0,served,ST_EVO_DEUTSCHES_HAUS_P4
ARR_003398,ST_EVO_AUDI_HCM,2026-09-09T11:46:08+07:00,2,20.0,reneged,
ARR_003399,ST_EVO_DEUTSCHES_HAUS,2026-09-09T12:01:01+07:00,0,14.7,reneged,
ARR_003400,ST_EVO_AUDI_HCM,2026-09-09T12:03:55+07:00,2,9.35,served,ST_EVO_AUDI_HCM_P1
ARR_003401,ST_EVO_DEUTSCHES_HAUS,2026-09-09T12:10:50+07:00,1,26.6,reneged,
ARR_003402,ST_EVO_AUDI_HCM,2026-09-09T12:11:55+07:00,1,31.8,reneged,
ARR_003403,ST_EVO_AUDI_HCM,2026-09-09T12:14:45+07:00,1,28.2,reneged,
ARR_003404,ST_EVO_LAVIDA_Q7,2026-09-09T12:30:38+07:00,0,0.0,served,ST_EVO_LAVIDA_Q7_P1
ARR_003405,ST_EVO_AUDI_HCM,2026-09-09T12:41:43+07:00,2,15.3,reneged,
ARR_003406,ST_EVO_AUDI_HCM,2026-09-09T12:44:58+07:00,1,10.8,reneged,
ARR_003407,ST_EVO_DEUTSCHES_HAUS,2026-09-09T12:45:50+07:00,0,45.4,reneged,
ARR_003408,ST_EVO_LAVIDA_Q7,2026-09-09T12:59:45+07:00,0,9.38,served,ST_EVO_LAVIDA_Q7_P1
ARR_003409,ST_EVO_DEUTSCHES_HAUS,2026-09-09T13:15:20+07:00,1,26.5,reneged,
ARR_003410,ST_EVO_LAVIDA_Q7,2026-09-09T13:31:36+07:00,0,11.05,served,ST_EVO_LAVIDA_Q7_P1
ARR_003411,ST_EVO_LAVIDA_Q7,2026-09-09T13:43:48+07:00,0,7.5,reneged,
ARR_003412,ST_EVO_DEUTSCHES_HAUS,2026-09-09T13:48:29+07:00,0,19.4,reneged,
ARR_003413,ST_EVO_AUDI_HCM,2026-09-09T13:57:18+07:00,0,0.0,served,ST_EVO_AUDI_HCM_P1
ARR_003414,ST_EVO_DEUTSCHES_HAUS,2026-09-09T13:59:36+07:00,1,10.75,served,ST_EVO_DEUTSCHES_HAUS_P3
ARR_003415,ST_EVO_AUDI_HCM,2026-09-09T14:05:17+07:00,0,0.0,served,ST_EVO_AUDI_HCM_P2
ARR_003416,ST_EVO_AUDI_HCM,2026-09-09T15:35:31+07:00,0,0.0,served,ST_EVO_AUDI_HCM_P1
ARR_003417,ST_EVO_AUDI_HCM,2026-09-09T15:47:14+07:00,0,0.0,served,ST_EVO_AUDI_HCM_P2
ARR_003418,ST_EVO_AUDI_HCM,2026-09-09T16:21:41+07:00,0,0.0,served,ST_EVO_AUDI_HCM_P3
ARR_003419,ST_EVO_DEUTSCHES_HAUS,2026-09-09T17:02:57+07:00,0,0.0,served,ST_EVO_DEUTSCHES_HAUS_P1
ARR_003420,ST_EVO_AUDI_HCM,2026-09-09T17:06:07+07:00,0,0.0,served,ST_EVO_AUDI_HCM_P1
ARR_003421,ST_EVO_DEUTSCHES_HAUS,2026-09-09T17:07:57+07:00,0,0.0,served,ST_EVO_DEUTSCHES_HAUS_P2
ARR_003422,ST_EVO_AUDI_HCM,2026-09-09T17:18:18+07:00,0,0.0,served,ST_EVO_AUDI_HCM_P2
ARR_003423,ST_EVO_AUDI_HCM,2026-09-09T17:27:01+07:00,0,0.0,served,ST_EVO_AUDI_HCM_P1
ARR_003424,ST_EVO_AUDI_HCM,2026-09-09T17:34:31+07:00,0,0.0,served,ST_EVO_AUDI_HCM_P4
ARR_003425,ST_EVO_LAVIDA_Q7,2026-09-09T17:42:37+07:00,0,0.0,served,ST_EVO_LAVIDA_Q7_P1
ARR_003426,ST_EVO_AUDI_HCM,2026-09-09T17:57:34+07:00,0,0.0,served,ST_EVO_AUDI_HCM_P2
ARR_003427,ST_EVO_AUDI_HCM,2026-09-09T18:02:25+07:00,0,10.77,served,ST_EVO_AUDI_HCM_P1
ARR_003428,ST_EVO_LAVIDA_Q7,2026-09-09T18:05:15+07:00,0,17.42,served,ST_EVO_LAVIDA_Q7_P1
ARR_003429,ST_EVO_LAVIDA_Q7,2026-09-09T18:05:41+07:00,1,15.5,reneged,
ARR_003430,ST_EVO_LAVIDA_Q7,2026-09-09T18:13:27+07:00,2,14.2,reneged,
ARR_003431,ST_EVO_DEUTSCHES_HAUS,2026-09-09T18:19:07+07:00,0,0.0,served,ST_EVO_DEUTSCHES_HAUS_P3
ARR_003432,ST_EVO_LAVIDA_Q7,2026-09-09T18:22:36+07:00,2,8.4,reneged,
ARR_003433,ST_EVO_DEUTSCHES_HAUS,2026-09-09T18:40:54+07:00,0,0.0,served,ST_EVO_DEUTSCHES_HAUS_P4
ARR_003434,ST_EVO_DEUTSCHES_HAUS,2026-09-09T18:47:28+07:00,0,36.7,reneged,
ARR_003435,ST_EVO_DEUTSCHES_HAUS,2026-09-09T18:50:37+07:00,1,26.1,reneged,
ARR_003436,ST_EVO_AUDI_HCM,2026-09-09T18:51:16+07:00,0,0.0,served,ST_EVO_AUDI_HCM_P2
ARR_003437,ST_EVO_AUDI_HCM,2026-09-09T18:54:20+07:00,0,1.67,served,ST_EVO_AUDI_HCM_P1
ARR_003438,ST_EVO_AUDI_HCM,2026-09-09T18:57:32+07:00,0,11.73,served,ST_EVO_AUDI_HCM_P1
ARR_003439,ST_EVO_AUDI_HCM,2026-09-09T19:13:28+07:00,0,19.68,served,ST_EVO_AUDI_HCM_P3
ARR_003440,ST_EVO_LAVIDA_Q7,2026-09-09T19:15:16+07:00,0,0.0,served,ST_EVO_LAVIDA_Q7_P1
ARR_003441,ST_EVO_AUDI_HCM,2026-09-09T19:20:20+07:00,1,15.8,reneged,
ARR_003442,ST_EVO_AUDI_HCM,2026-09-09T19:35:14+07:00,1,11.62,served,ST_EVO_AUDI_HCM_P2
ARR_003443,ST_EVO_AUDI_HCM,2026-09-09T20:01:27+07:00,0,0.0,served,ST_EVO_AUDI_HCM_P1
ARR_003444,ST_EVO_AUDI_HCM,2026-09-09T20:39:28+07:00,0,0.0,served,ST_EVO_AUDI_HCM_P1
ARR_003445,ST_EVO_AUDI_HCM,2026-09-09T21:04:29+07:00,0,0.0,served,ST_EVO_AUDI_HCM_P2
ARR_003446,ST_EVO_DEUTSCHES_HAUS,2026-09-09T21:12:09+07:00,0,0.0,served,ST_EVO_DEUTSCHES_HAUS_P1
ARR_003447,ST_EVO_DEUTSCHES_HAUS,2026-09-09T21:41:26+07:00,0,0.0,served,ST_EVO_DEUTSCHES_HAUS_P2
ARR_003448,ST_EVO_AUDI_HCM,2026-09-10T01:01:13+07:00,0,0.0,served,ST_EVO_AUDI_HCM_P1
ARR_003449,ST_EVO_DEUTSCHES_HAUS,2026-09-10T03:31:38+07:00,0,0.0,served,ST_EVO_DEUTSCHES_HAUS_P3
ARR_003450,ST_EVO_AUDI_HCM,2026-09-10T04:00:54+07:00,0,0.0,served,ST_EVO_AUDI_HCM_P1
ARR_003451,ST_EVO_AUDI_HCM,2026-09-10T06:04:50+07:00,0,0.0,served,ST_EVO_AUDI_HCM_P1
ARR_003452,ST_EVO_DEUTSCHES_HAUS,2026-09-10T07:14:50+07:00,0,0.0,served,ST_EVO_DEUTSCHES_HAUS_P2
ARR_003453,ST_EVO_AUDI_HCM,2026-09-10T07:20:08+07:00,0,0.0,served,ST_EVO_AUDI_HCM_P1
ARR_003454,ST_EVO_AUDI_HCM,2026-09-10T07:44:38+07:00,0,0.0,served,ST_EVO_AUDI_HCM_P2
ARR_003455,ST_EVO_AUDI_HCM,2026-09-10T08:19:32+07:00,0,0.0,served,ST_EVO_AUDI_HCM_P1
ARR_003456,ST_EVO_AUDI_HCM,2026-09-10T08:31:10+07:00,0,0.0,served,ST_EVO_AUDI_HCM_P2
ARR_003457,ST_EVO_AUDI_HCM,2026-09-10T09:36:16+07:00,0,0.0,served,ST_EVO_AUDI_HCM_P1
ARR_003458,ST_EVO_DEUTSCHES_HAUS,2026-09-10T09:50:24+07:00,0,0.0,served,ST_EVO_DEUTSCHES_HAUS_P3
ARR_003459,ST_EVO_DEUTSCHES_HAUS,2026-09-10T09:59:41+07:00,0,0.0,served,ST_EVO_DEUTSCHES_HAUS_P4
ARR_003460,ST_EVO_AUDI_HCM,2026-09-10T10:07:14+07:00,0,0.0,served,ST_EVO_AUDI_HCM_P1
ARR_003461,ST_EVO_AUDI_HCM,2026-09-10T10:31:28+07:00,0,0.0,served,ST_EVO_AUDI_HCM_P2
ARR_003462,ST_EVO_LAVIDA_Q7,2026-09-10T10:31:32+07:00,0,0.0,served,ST_EVO_LAVIDA_Q7_P1
ARR_003463,ST_EVO_DEUTSCHES_HAUS,2026-09-10T10:36:15+07:00,0,23.0,reneged,
ARR_003464,ST_EVO_LAVIDA_Q7,2026-09-10T10:48:47+07:00,0,13.28,served,ST_EVO_LAVIDA_Q7_P1
ARR_003465,ST_EVO_DEUTSCHES_HAUS,2026-09-10T11:00:13+07:00,0,13.72,served,ST_EVO_DEUTSCHES_HAUS_P1
ARR_003466,ST_EVO_DEUTSCHES_HAUS,2026-09-10T11:15:30+07:00,0,6.8,reneged,
ARR_003467,ST_EVO_LAVIDA_Q7,2026-09-10T11:35:27+07:00,0,0.0,served,ST_EVO_LAVIDA_Q7_P1
ARR_003468,ST_EVO_AUDI_HCM,2026-09-10T11:38:21+07:00,0,0.0,served,ST_EVO_AUDI_HCM_P1
ARR_003469,ST_EVO_DEUTSCHES_HAUS,2026-09-10T11:44:20+07:00,0,15.7,reneged,
ARR_003470,ST_EVO_AUDI_HCM,2026-09-10T11:51:04+07:00,0,0.0,served,ST_EVO_AUDI_HCM_P2
ARR_003471,ST_EVO_DEUTSCHES_HAUS,2026-09-10T11:57:06+07:00,1,35.82,served,ST_EVO_DEUTSCHES_HAUS_P1
ARR_003472,ST_EVO_AUDI_HCM,2026-09-10T12:00:49+07:00,0,0.0,served,ST_EVO_AUDI_HCM_P3
ARR_003473,ST_EVO_DEUTSCHES_HAUS,2026-09-10T12:05:06+07:00,1,12.6,reneged,
ARR_003474,ST_EVO_AUDI_HCM,2026-09-10T12:12:03+07:00,0,0.0,served,ST_EVO_AUDI_HCM_P1
ARR_003475,ST_EVO_AUDI_HCM,2026-09-10T12:21:35+07:00,0,0.0,served,ST_EVO_AUDI_HCM_P2
ARR_003476,ST_EVO_AUDI_HCM,2026-09-10T12:29:49+07:00,0,0.0,served,ST_EVO_AUDI_HCM_P1
ARR_003477,ST_EVO_AUDI_HCM,2026-09-10T12:43:11+07:00,0,0.0,served,ST_EVO_AUDI_HCM_P2
ARR_003478,ST_EVO_DEUTSCHES_HAUS,2026-09-10T12:44:35+07:00,0,20.1,reneged,
ARR_003479,ST_EVO_LAVIDA_Q7,2026-09-10T12:45:58+07:00,0,0.0,served,ST_EVO_LAVIDA_Q7_P1
ARR_003480,ST_EVO_AUDI_HCM,2026-09-10T12:56:14+07:00,0,0.0,served,ST_EVO_AUDI_HCM_P4
ARR_003481,ST_EVO_AUDI_HCM,2026-09-10T13:08:04+07:00,0,12.75,served,ST_EVO_AUDI_HCM_P1
ARR_003482,ST_EVO_LAVIDA_Q7,2026-09-10T13:09:03+07:00,0,12.1,reneged,
ARR_003483,ST_EVO_DEUTSCHES_HAUS,2026-09-10T13:10:04+07:00,0,6.9,reneged,
ARR_003484,ST_EVO_DEUTSCHES_HAUS,2026-09-10T13:14:07+07:00,1,31.57,served,ST_EVO_DEUTSCHES_HAUS_P3
ARR_003485,ST_EVO_AUDI_HCM,2026-09-10T13:29:11+07:00,0,0.0,served,ST_EVO_AUDI_HCM_P2
ARR_003486,ST_EVO_LAVIDA_Q7,2026-09-10T13:41:46+07:00,0,0.0,served,ST_EVO_LAVIDA_Q7_P1
ARR_003487,ST_EVO_AUDI_HCM,2026-09-10T13:47:39+07:00,0,29.8,served,ST_EVO_AUDI_HCM_P2
ARR_003488,ST_EVO_AUDI_HCM,2026-09-10T13:53:19+07:00,1,9.5,reneged,
ARR_003489,ST_EVO_LAVIDA_Q7,2026-09-10T13:55:06+07:00,0,13.57,served,ST_EVO_LAVIDA_Q7_P1
ARR_003490,ST_EVO_AUDI_HCM,2026-09-10T14:23:41+07:00,0,12.55,served,ST_EVO_AUDI_HCM_P2
ARR_003491,ST_EVO_AUDI_HCM,2026-09-10T14:41:37+07:00,0,0.0,served,ST_EVO_AUDI_HCM_P1
ARR_003492,ST_EVO_DEUTSCHES_HAUS,2026-09-10T14:58:25+07:00,0,0.0,served,ST_EVO_DEUTSCHES_HAUS_P1
ARR_003493,ST_EVO_DEUTSCHES_HAUS,2026-09-10T15:05:20+07:00,0,0.0,served,ST_EVO_DEUTSCHES_HAUS_P2
ARR_003494,ST_EVO_DEUTSCHES_HAUS,2026-09-10T15:13:33+07:00,0,0.0,served,ST_EVO_DEUTSCHES_HAUS_P4
ARR_003495,ST_EVO_LAVIDA_Q7,2026-09-10T15:16:02+07:00,0,0.0,served,ST_EVO_LAVIDA_Q7_P1
ARR_003496,ST_EVO_LAVIDA_Q7,2026-09-10T15:19:00+07:00,0,30.98,served,ST_EVO_LAVIDA_Q7_P1
ARR_003497,ST_EVO_AUDI_HCM,2026-09-10T15:49:28+07:00,0,0.0,served,ST_EVO_AUDI_HCM_P1
ARR_003498,ST_EVO_AUDI_HCM,2026-09-10T15:56:10+07:00,0,0.0,served,ST_EVO_AUDI_HCM_P2
ARR_003499,ST_EVO_AUDI_HCM,2026-09-10T16:33:03+07:00,0,0.0,served,ST_EVO_AUDI_HCM_P4
ARR_003500,ST_EVO_AUDI_HCM,2026-09-10T16:47:34+07:00,0,0.0,served,ST_EVO_AUDI_HCM_P1
ARR_003501,ST_EVO_LAVIDA_Q7,2026-09-10T16:57:05+07:00,0,0.0,served,ST_EVO_LAVIDA_Q7_P1
ARR_003502,ST_EVO_DEUTSCHES_HAUS,2026-09-10T17:00:22+07:00,0,0.0,served,ST_EVO_DEUTSCHES_HAUS_P2
ARR_003503,ST_EVO_AUDI_HCM,2026-09-10T17:19:47+07:00,0,0.0,served,ST_EVO_AUDI_HCM_P1
ARR_003504,ST_EVO_DEUTSCHES_HAUS,2026-09-10T17:23:09+07:00,0,2.93,served,ST_EVO_DEUTSCHES_HAUS_P1
ARR_003505,ST_EVO_DEUTSCHES_HAUS,2026-09-10T17:23:30+07:00,1,18.2,reneged,
ARR_003506,ST_EVO_AUDI_HCM,2026-09-10T18:01:55+07:00,0,0.0,served,ST_EVO_AUDI_HCM_P1
ARR_003507,ST_EVO_LAVIDA_Q7,2026-09-10T18:07:12+07:00,0,0.0,served,ST_EVO_LAVIDA_Q7_P1
ARR_003508,ST_EVO_AUDI_HCM,2026-09-10T18:13:55+07:00,0,0.0,served,ST_EVO_AUDI_HCM_P3
ARR_003509,ST_EVO_AUDI_HCM,2026-09-10T18:14:55+07:00,0,4.87,served,ST_EVO_AUDI_HCM_P2
ARR_003510,ST_EVO_AUDI_HCM,2026-09-10T18:26:48+07:00,0,8.83,served,ST_EVO_AUDI_HCM_P1
ARR_003511,ST_EVO_DEUTSCHES_HAUS,2026-09-10T18:53:06+07:00,0,0.0,served,ST_EVO_DEUTSCHES_HAUS_P1
ARR_003512,ST_EVO_LAVIDA_Q7,2026-09-10T18:54:44+07:00,0,0.0,served,ST_EVO_LAVIDA_Q7_P1
ARR_003513,ST_EVO_AUDI_HCM,2026-09-10T18:56:01+07:00,0,8.7,reneged,
ARR_003514,ST_EVO_AUDI_HCM,2026-09-10T18:56:20+07:00,1,9.32,served,ST_EVO_AUDI_HCM_P1
ARR_003515,ST_EVO_LAVIDA_Q7,2026-09-10T18:58:41+07:00,0,29.9,served,ST_EVO_LAVIDA_Q7_P1
ARR_003516,ST_EVO_DEUTSCHES_HAUS,2026-09-10T19:20:54+07:00,0,0.0,served,ST_EVO_DEUTSCHES_HAUS_P3
ARR_003517,ST_EVO_AUDI_HCM,2026-09-10T19:25:32+07:00,0,0.0,served,ST_EVO_AUDI_HCM_P2
ARR_003518,ST_EVO_AUDI_HCM,2026-09-10T19:36:48+07:00,0,0.0,served,ST_EVO_AUDI_HCM_P1
ARR_003519,ST_EVO_DEUTSCHES_HAUS,2026-09-10T19:42:12+07:00,0,0.0,served,ST_EVO_DEUTSCHES_HAUS_P4
ARR_003520,ST_EVO_AUDI_HCM,2026-09-10T19:52:16+07:00,0,12.73,served,ST_EVO_AUDI_HCM_P4
ARR_003521,ST_EVO_AUDI_HCM,2026-09-10T19:52:31+07:00,1,19.1,reneged,
ARR_003522,ST_EVO_AUDI_HCM,2026-09-10T20:24:32+07:00,0,0.83,served,ST_EVO_AUDI_HCM_P1
ARR_003523,ST_EVO_AUDI_HCM,2026-09-10T20:28:43+07:00,0,13.05,served,ST_EVO_AUDI_HCM_P1
ARR_003524,ST_EVO_LAVIDA_Q7,2026-09-10T20:31:31+07:00,0,0.0,served,ST_EVO_LAVIDA_Q7_P1
ARR_003525,ST_EVO_DEUTSCHES_HAUS,2026-09-10T20:39:01+07:00,0,0.0,served,ST_EVO_DEUTSCHES_HAUS_P3
ARR_003526,ST_EVO_DEUTSCHES_HAUS,2026-09-10T21:05:15+07:00,0,2.13,served,ST_EVO_DEUTSCHES_HAUS_P1
ARR_003527,ST_EVO_AUDI_HCM,2026-09-10T21:36:58+07:00,0,0.0,served,ST_EVO_AUDI_HCM_P1
ARR_003528,ST_EVO_LAVIDA_Q7,2026-09-10T22:09:15+07:00,0,0.0,served,ST_EVO_LAVIDA_Q7_P1
ARR_003529,ST_EVO_DEUTSCHES_HAUS,2026-09-10T22:16:02+07:00,0,62.6,reneged,
ARR_003530,ST_EVO_AUDI_HCM,2026-09-10T22:22:22+07:00,0,0.0,served,ST_EVO_AUDI_HCM_P1
ARR_003531,ST_EVO_AUDI_HCM,2026-09-10T23:38:00+07:00,0,0.0,served,ST_EVO_AUDI_HCM_P1
ARR_003532,ST_EVO_DEUTSCHES_HAUS,2026-09-11T07:05:09+07:00,0,0.0,served,ST_EVO_DEUTSCHES_HAUS_P1
ARR_003533,ST_EVO_AUDI_HCM,2026-09-11T07:07:49+07:00,0,0.0,served,ST_EVO_AUDI_HCM_P1
ARR_003534,ST_EVO_AUDI_HCM,2026-09-11T07:08:38+07:00,0,0.0,served,ST_EVO_AUDI_HCM_P2
ARR_003535,ST_EVO_AUDI_HCM,2026-09-11T07:28:15+07:00,0,0.0,served,ST_EVO_AUDI_HCM_P3
ARR_003536,ST_EVO_AUDI_HCM,2026-09-11T07:36:11+07:00,0,0.0,served,ST_EVO_AUDI_HCM_P4
ARR_003537,ST_EVO_AUDI_HCM,2026-09-11T07:49:28+07:00,0,0.0,served,ST_EVO_AUDI_HCM_P2
ARR_003538,ST_EVO_DEUTSCHES_HAUS,2026-09-11T07:58:22+07:00,0,0.0,served,ST_EVO_DEUTSCHES_HAUS_P2
ARR_003539,ST_EVO_DEUTSCHES_HAUS,2026-09-11T08:09:08+07:00,0,0.0,served,ST_EVO_DEUTSCHES_HAUS_P3
ARR_003540,ST_EVO_AUDI_HCM,2026-09-11T08:15:09+07:00,0,0.0,served,ST_EVO_AUDI_HCM_P1
ARR_003541,ST_EVO_AUDI_HCM,2026-09-11T08:58:35+07:00,0,0.0,served,ST_EVO_AUDI_HCM_P2
ARR_003542,ST_EVO_DEUTSCHES_HAUS,2026-09-11T09:00:31+07:00,0,32.7,reneged,
ARR_003543,ST_EVO_DEUTSCHES_HAUS,2026-09-11T09:45:07+07:00,0,19.3,reneged,
ARR_003544,ST_EVO_DEUTSCHES_HAUS,2026-09-11T09:47:05+07:00,1,19.4,reneged,
ARR_003545,ST_EVO_AUDI_HCM,2026-09-11T09:58:15+07:00,0,0.0,served,ST_EVO_AUDI_HCM_P1
ARR_003546,ST_EVO_AUDI_HCM,2026-09-11T10:06:27+07:00,0,0.0,served,ST_EVO_AUDI_HCM_P2
ARR_003547,ST_EVO_DEUTSCHES_HAUS,2026-09-11T10:14:20+07:00,0,28.08,served,ST_EVO_DEUTSCHES_HAUS_P3
ARR_003548,ST_EVO_DEUTSCHES_HAUS,2026-09-11T10:17:03+07:00,1,32.7,reneged,
ARR_003549,ST_EVO_LAVIDA_Q7,2026-09-11T10:19:38+07:00,0,0.0,served,ST_EVO_LAVIDA_Q7_P1
ARR_003550,ST_EVO_AUDI_HCM,2026-09-11T10:20:31+07:00,0,0.0,served,ST_EVO_AUDI_HCM_P3
ARR_003551,ST_EVO_AUDI_HCM,2026-09-11T10:32:48+07:00,0,0.0,served,ST_EVO_AUDI_HCM_P1
ARR_003552,ST_EVO_AUDI_HCM,2026-09-11T10:33:54+07:00,0,5.43,served,ST_EVO_AUDI_HCM_P4
ARR_003553,ST_EVO_AUDI_HCM,2026-09-11T10:47:05+07:00,0,13.33,served,ST_EVO_AUDI_HCM_P2
ARR_003554,ST_EVO_AUDI_HCM,2026-09-11T11:02:28+07:00,0,0.0,served,ST_EVO_AUDI_HCM_P1
ARR_003555,ST_EVO_DEUTSCHES_HAUS,2026-09-11T11:07:18+07:00,0,10.2,reneged,
ARR_003556,ST_EVO_AUDI_HCM,2026-09-11T11:25:27+07:00,0,5.55,served,ST_EVO_AUDI_HCM_P1
ARR_003557,ST_EVO_AUDI_HCM,2026-09-11T11:25:52+07:00,1,20.68,served,ST_EVO_AUDI_HCM_P2
ARR_003558,ST_EVO_DEUTSCHES_HAUS,2026-09-11T11:35:30+07:00,0,0.27,served,ST_EVO_DEUTSCHES_HAUS_P2
ARR_003559,ST_EVO_AUDI_HCM,2026-09-11T11:37:38+07:00,1,16.5,reneged,
ARR_003560,ST_EVO_AUDI_HCM,2026-09-11T11:45:24+07:00,2,30.63,served,ST_EVO_AUDI_HCM_P1
ARR_003561,ST_EVO_LAVIDA_Q7,2026-09-11T11:51:35+07:00,0,0.0,served,ST_EVO_LAVIDA_Q7_P1
ARR_003562,ST_EVO_DEUTSCHES_HAUS,2026-09-11T12:03:07+07:00,0,31.7,reneged,
ARR_003563,ST_EVO_LAVIDA_Q7,2026-09-11T12:05:17+07:00,0,17.4,reneged,
ARR_003564,ST_EVO_AUDI_HCM,2026-09-11T12:09:50+07:00,1,6.5,reneged,
ARR_003565,ST_EVO_DEUTSCHES_HAUS,2026-09-11T12:11:23+07:00,1,29.2,reneged,
ARR_003566,ST_EVO_LAVIDA_Q7,2026-09-11T12:12:34+07:00,1,9.2,reneged,
ARR_003567,ST_EVO_AUDI_HCM,2026-09-11T12:15:44+07:00,2,9.47,served,ST_EVO_AUDI_HCM_P2
ARR_003568,ST_EVO_AUDI_HCM,2026-09-11T12:15:46+07:00,3,25.7,reneged,
ARR_003569,ST_EVO_LAVIDA_Q7,2026-09-11T12:24:06+07:00,0,13.6,reneged,
ARR_003570,ST_EVO_DEUTSCHES_HAUS,2026-09-11T12:31:40+07:00,2,28.9,reneged,
ARR_003571,ST_EVO_AUDI_HCM,2026-09-11T12:42:15+07:00,0,10.58,served,ST_EVO_AUDI_HCM_P1
ARR_003572,ST_EVO_DEUTSCHES_HAUS,2026-09-11T12:43:28+07:00,1,37.0,reneged,
ARR_003573,ST_EVO_DEUTSCHES_HAUS,2026-09-11T12:50:38+07:00,2,9.2,reneged,
ARR_003574,ST_EVO_DEUTSCHES_HAUS,2026-09-11T12:53:54+07:00,3,7.7,reneged,
ARR_003575,ST_EVO_AUDI_HCM,2026-09-11T12:54:38+07:00,0,13.3,reneged,
ARR_003576,ST_EVO_AUDI_HCM,2026-09-11T13:27:56+07:00,0,0.0,served,ST_EVO_AUDI_HCM_P1
ARR_003577,ST_EVO_AUDI_HCM,2026-09-11T13:44:49+07:00,0,0.0,served,ST_EVO_AUDI_HCM_P2
ARR_003578,ST_EVO_AUDI_HCM,2026-09-11T13:48:13+07:00,0,3.8,reneged,
ARR_003579,ST_EVO_AUDI_HCM,2026-09-11T14:25:05+07:00,0,0.0,served,ST_EVO_AUDI_HCM_P1
ARR_003580,ST_EVO_LAVIDA_Q7,2026-09-11T14:31:42+07:00,0,0.0,served,ST_EVO_LAVIDA_Q7_P1
ARR_003581,ST_EVO_AUDI_HCM,2026-09-11T14:42:47+07:00,0,0.0,served,ST_EVO_AUDI_HCM_P2
ARR_003582,ST_EVO_AUDI_HCM,2026-09-11T14:47:23+07:00,0,0.0,served,ST_EVO_AUDI_HCM_P3
ARR_003583,ST_EVO_AUDI_HCM,2026-09-11T14:52:31+07:00,0,0.0,served,ST_EVO_AUDI_HCM_P1
ARR_003584,ST_EVO_AUDI_HCM,2026-09-11T15:01:26+07:00,0,0.18,served,ST_EVO_AUDI_HCM_P4
ARR_003585,ST_EVO_AUDI_HCM,2026-09-11T15:05:54+07:00,0,3.8,reneged,
ARR_003586,ST_EVO_AUDI_HCM,2026-09-11T15:14:23+07:00,0,5.35,served,ST_EVO_AUDI_HCM_P2
ARR_003587,ST_EVO_AUDI_HCM,2026-09-11T15:30:33+07:00,0,8.88,served,ST_EVO_AUDI_HCM_P1
ARR_003588,ST_EVO_AUDI_HCM,2026-09-11T15:34:47+07:00,1,17.58,served,ST_EVO_AUDI_HCM_P1
ARR_003589,ST_EVO_AUDI_HCM,2026-09-11T15:35:07+07:00,2,23.43,served,ST_EVO_AUDI_HCM_P2
ARR_003590,ST_EVO_AUDI_HCM,2026-09-11T15:40:13+07:00,2,12.7,reneged,
ARR_003591,ST_EVO_LAVIDA_Q7,2026-09-11T16:08:52+07:00,0,0.0,served,ST_EVO_LAVIDA_Q7_P1
ARR_003592,ST_EVO_LAVIDA_Q7,2026-09-11T16:17:23+07:00,0,30.3,reneged,
ARR_003593,ST_EVO_DEUTSCHES_HAUS,2026-09-11T16:18:43+07:00,0,0.0,served,ST_EVO_DEUTSCHES_HAUS_P1
ARR_003594,ST_EVO_DEUTSCHES_HAUS,2026-09-11T16:25:05+07:00,0,0.0,served,ST_EVO_DEUTSCHES_HAUS_P3
ARR_003595,ST_EVO_AUDI_HCM,2026-09-11T16:25:59+07:00,0,0.0,served,ST_EVO_AUDI_HCM_P1
ARR_003596,ST_EVO_DEUTSCHES_HAUS,2026-09-11T16:32:46+07:00,0,0.0,served,ST_EVO_DEUTSCHES_HAUS_P4
ARR_003597,ST_EVO_AUDI_HCM,2026-09-11T16:49:12+07:00,0,0.0,served,ST_EVO_AUDI_HCM_P1
ARR_003598,ST_EVO_DEUTSCHES_HAUS,2026-09-11T16:56:22+07:00,0,12.7,reneged,
ARR_003599,ST_EVO_DEUTSCHES_HAUS,2026-09-11T16:58:10+07:00,1,8.4,reneged,
ARR_003600,ST_EVO_DEUTSCHES_HAUS,2026-09-11T16:58:19+07:00,2,23.2,reneged,
ARR_003601,ST_EVO_AUDI_HCM,2026-09-11T17:00:19+07:00,0,0.0,served,ST_EVO_AUDI_HCM_P2
ARR_003602,ST_EVO_DEUTSCHES_HAUS,2026-09-11T17:04:46+07:00,3,28.0,served,ST_EVO_DEUTSCHES_HAUS_P4
ARR_003603,ST_EVO_AUDI_HCM,2026-09-11T17:15:57+07:00,0,8.0,reneged,
ARR_003604,ST_EVO_LAVIDA_Q7,2026-09-11T17:19:08+07:00,0,0.0,served,ST_EVO_LAVIDA_Q7_P1
ARR_003605,ST_EVO_LAVIDA_Q7,2026-09-11T17:23:06+07:00,0,28.25,served,ST_EVO_LAVIDA_Q7_P1
ARR_003606,ST_EVO_LAVIDA_Q7,2026-09-11T17:23:10+07:00,1,19.6,reneged,
ARR_003607,ST_EVO_AUDI_HCM,2026-09-11T17:30:55+07:00,0,0.0,served,ST_EVO_AUDI_HCM_P2
ARR_003608,ST_EVO_AUDI_HCM,2026-09-11T17:42:59+07:00,0,0.0,served,ST_EVO_AUDI_HCM_P1
ARR_003609,ST_EVO_DEUTSCHES_HAUS,2026-09-11T17:54:15+07:00,0,16.0,reneged,
ARR_003610,ST_EVO_AUDI_HCM,2026-09-11T17:55:43+07:00,0,9.85,served,ST_EVO_AUDI_HCM_P1
ARR_003611,ST_EVO_DEUTSCHES_HAUS,2026-09-11T17:57:05+07:00,1,17.3,reneged,
ARR_003612,ST_EVO_AUDI_HCM,2026-09-11T17:59:20+07:00,1,8.1,reneged,
ARR_003613,ST_EVO_AUDI_HCM,2026-09-11T18:15:22+07:00,0,7.5,served,ST_EVO_AUDI_HCM_P2
ARR_003614,ST_EVO_LAVIDA_Q7,2026-09-11T18:18:40+07:00,0,16.8,reneged,
ARR_003615,ST_EVO_AUDI_HCM,2026-09-11T18:28:20+07:00,0,4.98,served,ST_EVO_AUDI_HCM_P1
ARR_003616,ST_EVO_DEUTSCHES_HAUS,2026-09-11T18:36:29+07:00,0,36.8,reneged,
ARR_003617,ST_EVO_AUDI_HCM,2026-09-11T18:40:39+07:00,0,31.0,reneged,
ARR_003618,ST_EVO_DEUTSCHES_HAUS,2026-09-11T18:40:42+07:00,1,15.3,reneged,
ARR_003619,ST_EVO_LAVIDA_Q7,2026-09-11T18:42:58+07:00,0,0.0,served,ST_EVO_LAVIDA_Q7_P1
ARR_003620,ST_EVO_AUDI_HCM,2026-09-11T18:44:30+07:00,1,4.3,reneged,
ARR_003621,ST_EVO_AUDI_HCM,2026-09-11T18:46:00+07:00,2,12.7,reneged,
ARR_003622,ST_EVO_LAVIDA_Q7,2026-09-11T18:46:59+07:00,0,25.58,served,ST_EVO_LAVIDA_Q7_P1
ARR_003623,ST_EVO_AUDI_HCM,2026-09-11T18:57:40+07:00,2,25.3,reneged,
ARR_003624,ST_EVO_AUDI_HCM,2026-09-11T19:04:08+07:00,2,11.6,reneged,
ARR_003625,ST_EVO_LAVIDA_Q7,2026-09-11T19:05:42+07:00,1,10.0,reneged,
ARR_003626,ST_EVO_DEUTSCHES_HAUS,2026-09-11T19:23:36+07:00,0,10.72,served,ST_EVO_DEUTSCHES_HAUS_P3
ARR_003627,ST_EVO_AUDI_HCM,2026-09-11T19:28:41+07:00,0,5.38,served,ST_EVO_AUDI_HCM_P2
ARR_003628,ST_EVO_AUDI_HCM,2026-09-11T19:45:16+07:00,0,7.32,served,ST_EVO_AUDI_HCM_P1
ARR_003629,ST_EVO_DEUTSCHES_HAUS,2026-09-11T19:53:25+07:00,0,0.0,served,ST_EVO_DEUTSCHES_HAUS_P2
ARR_003630,ST_EVO_AUDI_HCM,2026-09-11T19:56:23+07:00,0,5.15,served,ST_EVO_AUDI_HCM_P2
ARR_003631,ST_EVO_DEUTSCHES_HAUS,2026-09-11T20:07:12+07:00,0,0.0,served,ST_EVO_DEUTSCHES_HAUS_P4
ARR_003632,ST_EVO_AUDI_HCM,2026-09-11T20:17:05+07:00,0,0.0,served,ST_EVO_AUDI_HCM_P3
ARR_003633,ST_EVO_AUDI_HCM,2026-09-11T20:18:26+07:00,0,0.0,served,ST_EVO_AUDI_HCM_P1
ARR_003634,ST_EVO_AUDI_HCM,2026-09-11T22:34:46+07:00,0,0.0,served,ST_EVO_AUDI_HCM_P1
ARR_003635,ST_EVO_DEUTSCHES_HAUS,2026-09-11T22:40:06+07:00,0,0.0,served,ST_EVO_DEUTSCHES_HAUS_P1
ARR_003636,ST_EVO_AUDI_HCM,2026-09-11T23:15:25+07:00,0,0.0,served,ST_EVO_AUDI_HCM_P2
ARR_003637,ST_EVO_AUDI_HCM,2026-09-11T23:44:45+07:00,0,0.0,served,ST_EVO_AUDI_HCM_P4
ARR_003638,ST_EVO_AUDI_HCM,2026-09-12T04:09:38+07:00,0,0.0,served,ST_EVO_AUDI_HCM_P1
ARR_003639,ST_EVO_AUDI_HCM,2026-09-12T05:04:47+07:00,0,0.0,served,ST_EVO_AUDI_HCM_P2
ARR_003640,ST_EVO_LAVIDA_Q7,2026-09-12T06:46:34+07:00,0,0.0,served,ST_EVO_LAVIDA_Q7_P1
ARR_003641,ST_EVO_AUDI_HCM,2026-09-12T07:19:54+07:00,0,0.0,served,ST_EVO_AUDI_HCM_P3
ARR_003642,ST_EVO_AUDI_HCM,2026-09-12T08:22:01+07:00,0,0.0,served,ST_EVO_AUDI_HCM_P1
ARR_003643,ST_EVO_AUDI_HCM,2026-09-12T08:25:48+07:00,0,0.0,served,ST_EVO_AUDI_HCM_P2
ARR_003644,ST_EVO_AUDI_HCM,2026-09-12T08:33:07+07:00,0,0.0,served,ST_EVO_AUDI_HCM_P4
ARR_003645,ST_EVO_DEUTSCHES_HAUS,2026-09-12T08:38:42+07:00,0,0.0,served,ST_EVO_DEUTSCHES_HAUS_P1
ARR_003646,ST_EVO_LAVIDA_Q7,2026-09-12T08:50:48+07:00,0,0.0,served,ST_EVO_LAVIDA_Q7_P1
ARR_003647,ST_EVO_AUDI_HCM,2026-09-12T08:53:35+07:00,0,2.47,served,ST_EVO_AUDI_HCM_P1
ARR_003648,ST_EVO_AUDI_HCM,2026-09-12T08:55:15+07:00,1,4.37,served,ST_EVO_AUDI_HCM_P2
ARR_003649,ST_EVO_DEUTSCHES_HAUS,2026-09-12T09:04:18+07:00,0,0.0,served,ST_EVO_DEUTSCHES_HAUS_P2
ARR_003650,ST_EVO_AUDI_HCM,2026-09-12T09:08:28+07:00,0,5.42,served,ST_EVO_AUDI_HCM_P1
ARR_003651,ST_EVO_AUDI_HCM,2026-09-12T09:27:35+07:00,0,4.52,served,ST_EVO_AUDI_HCM_P1
ARR_003652,ST_EVO_AUDI_HCM,2026-09-12T09:35:35+07:00,0,5.87,served,ST_EVO_AUDI_HCM_P2
ARR_003653,ST_EVO_AUDI_HCM,2026-09-12T09:36:16+07:00,1,8.3,reneged,
ARR_003654,ST_EVO_AUDI_HCM,2026-09-12T09:46:52+07:00,0,28.3,reneged,
ARR_003655,ST_EVO_LAVIDA_Q7,2026-09-12T09:52:38+07:00,0,0.0,served,ST_EVO_LAVIDA_Q7_P1
ARR_003656,ST_EVO_DEUTSCHES_HAUS,2026-09-12T09:58:20+07:00,0,0.0,served,ST_EVO_DEUTSCHES_HAUS_P3
ARR_003657,ST_EVO_DEUTSCHES_HAUS,2026-09-12T09:59:57+07:00,0,0.0,served,ST_EVO_DEUTSCHES_HAUS_P4
ARR_003658,ST_EVO_AUDI_HCM,2026-09-12T10:01:28+07:00,1,18.95,served,ST_EVO_AUDI_HCM_P1
ARR_003659,ST_EVO_LAVIDA_Q7,2026-09-12T10:06:21+07:00,0,40.8,reneged,
ARR_003660,ST_EVO_AUDI_HCM,2026-09-12T10:13:55+07:00,2,12.9,served,ST_EVO_AUDI_HCM_P4
ARR_003661,ST_EVO_AUDI_HCM,2026-09-12T10:21:30+07:00,1,11.75,served,ST_EVO_AUDI_HCM_P2
ARR_003662,ST_EVO_AUDI_HCM,2026-09-12T10:43:33+07:00,0,4.45,served,ST_EVO_AUDI_HCM_P2
ARR_003663,ST_EVO_AUDI_HCM,2026-09-12T10:46:33+07:00,1,22.77,served,ST_EVO_AUDI_HCM_P1
ARR_003664,ST_EVO_AUDI_HCM,2026-09-12T10:47:45+07:00,2,19.1,reneged,
ARR_003665,ST_EVO_LAVIDA_Q7,2026-09-12T10:48:42+07:00,0,0.33,served,ST_EVO_LAVIDA_Q7_P1
ARR_003666,ST_EVO_AUDI_HCM,2026-09-12T10:55:26+07:00,2,11.6,reneged,
ARR_003667,ST_EVO_AUDI_HCM,2026-09-12T11:01:28+07:00,3,8.62,served,ST_EVO_AUDI_HCM_P2
ARR_003668,ST_EVO_AUDI_HCM,2026-09-12T11:02:10+07:00,4,7.7,reneged,
ARR_003669,ST_EVO_AUDI_HCM,2026-09-12T11:23:57+07:00,0,3.53,served,ST_EVO_AUDI_HCM_P3
ARR_003670,ST_EVO_AUDI_HCM,2026-09-12T11:25:45+07:00,1,15.73,served,ST_EVO_AUDI_HCM_P1
ARR_003671,ST_EVO_LAVIDA_Q7,2026-09-12T11:26:20+07:00,0,0.0,served,ST_EVO_LAVIDA_Q7_P1
ARR_003672,ST_EVO_LAVIDA_Q7,2026-09-12T11:29:24+07:00,0,13.1,reneged,
ARR_003673,ST_EVO_AUDI_HCM,2026-09-12T11:29:52+07:00,1,15.02,served,ST_EVO_AUDI_HCM_P2
ARR_003674,ST_EVO_DEUTSCHES_HAUS,2026-09-12T11:34:07+07:00,0,0.0,served,ST_EVO_DEUTSCHES_HAUS_P1
ARR_003675,ST_EVO_AUDI_HCM,2026-09-12T11:55:04+07:00,0,9.5,reneged,
ARR_003676,ST_EVO_AUDI_HCM,2026-09-12T11:58:15+07:00,1,11.98,served,ST_EVO_AUDI_HCM_P4
ARR_003677,ST_EVO_AUDI_HCM,2026-09-12T12:15:22+07:00,0,9.1,reneged,
ARR_003678,ST_EVO_AUDI_HCM,2026-09-12T12:23:00+07:00,1,3.75,served,ST_EVO_AUDI_HCM_P1
ARR_003679,ST_EVO_LAVIDA_Q7,2026-09-12T12:33:14+07:00,0,0.0,served,ST_EVO_LAVIDA_Q7_P1
ARR_003680,ST_EVO_LAVIDA_Q7,2026-09-12T12:35:08+07:00,0,9.8,reneged,
ARR_003681,ST_EVO_AUDI_HCM,2026-09-12T12:37:20+07:00,0,0.0,served,ST_EVO_AUDI_HCM_P2
ARR_003682,ST_EVO_AUDI_HCM,2026-09-12T12:44:13+07:00,0,28.15,served,ST_EVO_AUDI_HCM_P2
ARR_003683,ST_EVO_AUDI_HCM,2026-09-12T12:47:10+07:00,1,10.5,reneged,
ARR_003684,ST_EVO_AUDI_HCM,2026-09-12T12:56:52+07:00,2,31.7,served,ST_EVO_AUDI_HCM_P2
ARR_003685,ST_EVO_AUDI_HCM,2026-09-12T13:01:20+07:00,2,16.1,reneged,
ARR_003686,ST_EVO_LAVIDA_Q7,2026-09-12T13:06:12+07:00,0,0.0,served,ST_EVO_LAVIDA_Q7_P1
ARR_003687,ST_EVO_AUDI_HCM,2026-09-12T13:11:08+07:00,3,16.6,reneged,
ARR_003688,ST_EVO_AUDI_HCM,2026-09-12T13:18:42+07:00,2,19.5,reneged,
ARR_003689,ST_EVO_AUDI_HCM,2026-09-12T13:22:27+07:00,3,19.82,served,ST_EVO_AUDI_HCM_P1
ARR_003690,ST_EVO_LAVIDA_Q7,2026-09-12T13:51:23+07:00,0,0.0,served,ST_EVO_LAVIDA_Q7_P1
ARR_003691,ST_EVO_DEUTSCHES_HAUS,2026-09-12T13:56:37+07:00,0,0.0,served,ST_EVO_DEUTSCHES_HAUS_P1
ARR_003692,ST_EVO_AUDI_HCM,2026-09-12T13:57:15+07:00,0,0.0,served,ST_EVO_AUDI_HCM_P2
ARR_003693,ST_EVO_DEUTSCHES_HAUS,2026-09-12T13:58:50+07:00,0,30.9,reneged,
ARR_003694,ST_EVO_AUDI_HCM,2026-09-12T14:11:28+07:00,0,7.78,served,ST_EVO_AUDI_HCM_P1
ARR_003695,ST_EVO_DEUTSCHES_HAUS,2026-09-12T15:06:04+07:00,0,13.68,served,ST_EVO_DEUTSCHES_HAUS_P3
ARR_003696,ST_EVO_LAVIDA_Q7,2026-09-12T15:09:41+07:00,0,0.0,served,ST_EVO_LAVIDA_Q7_P1
ARR_003697,ST_EVO_LAVIDA_Q7,2026-09-12T15:14:05+07:00,0,30.17,served,ST_EVO_LAVIDA_Q7_P1
ARR_003698,ST_EVO_LAVIDA_Q7,2026-09-12T15:30:48+07:00,1,38.8,reneged,
ARR_003699,ST_EVO_AUDI_HCM,2026-09-12T15:44:40+07:00,0,0.0,served,ST_EVO_AUDI_HCM_P1
ARR_003700,ST_EVO_AUDI_HCM,2026-09-12T16:18:09+07:00,0,0.0,served,ST_EVO_AUDI_HCM_P1
ARR_003701,ST_EVO_AUDI_HCM,2026-09-12T16:24:21+07:00,0,0.0,served,ST_EVO_AUDI_HCM_P2
ARR_003702,ST_EVO_AUDI_HCM,2026-09-12T16:28:42+07:00,0,0.0,served,ST_EVO_AUDI_HCM_P3
ARR_003703,ST_EVO_AUDI_HCM,2026-09-12T16:32:51+07:00,0,0.0,served,ST_EVO_AUDI_HCM_P4
ARR_003704,ST_EVO_AUDI_HCM,2026-09-12T16:56:59+07:00,0,0.0,served,ST_EVO_AUDI_HCM_P1
ARR_003705,ST_EVO_DEUTSCHES_HAUS,2026-09-12T17:08:41+07:00,0,0.0,served,ST_EVO_DEUTSCHES_HAUS_P1
ARR_003706,ST_EVO_AUDI_HCM,2026-09-12T17:15:17+07:00,0,0.0,served,ST_EVO_AUDI_HCM_P2
ARR_003707,ST_EVO_DEUTSCHES_HAUS,2026-09-12T17:21:43+07:00,0,0.0,served,ST_EVO_DEUTSCHES_HAUS_P2
ARR_003708,ST_EVO_LAVIDA_Q7,2026-09-12T17:26:09+07:00,0,0.0,served,ST_EVO_LAVIDA_Q7_P1
ARR_003709,ST_EVO_AUDI_HCM,2026-09-12T17:28:11+07:00,0,10.92,served,ST_EVO_AUDI_HCM_P1
ARR_003710,ST_EVO_LAVIDA_Q7,2026-09-12T17:28:39+07:00,0,41.3,served,ST_EVO_LAVIDA_Q7_P1
ARR_003711,ST_EVO_DEUTSCHES_HAUS,2026-09-12T17:32:01+07:00,0,0.0,served,ST_EVO_DEUTSCHES_HAUS_P3
ARR_003712,ST_EVO_DEUTSCHES_HAUS,2026-09-12T17:36:07+07:00,0,0.0,served,ST_EVO_DEUTSCHES_HAUS_P4
ARR_003713,ST_EVO_DEUTSCHES_HAUS,2026-09-12T17:50:05+07:00,0,13.3,reneged,
ARR_003714,ST_EVO_DEUTSCHES_HAUS,2026-09-12T17:51:33+07:00,1,25.8,reneged,
ARR_003715,ST_EVO_AUDI_HCM,2026-09-12T17:51:45+07:00,0,0.17,served,ST_EVO_AUDI_HCM_P1
ARR_003716,ST_EVO_AUDI_HCM,2026-09-12T18:09:15+07:00,0,0.0,served,ST_EVO_AUDI_HCM_P2
ARR_003717,ST_EVO_DEUTSCHES_HAUS,2026-09-12T18:13:45+07:00,1,27.3,reneged,
ARR_003718,ST_EVO_AUDI_HCM,2026-09-12T18:14:41+07:00,0,0.0,served,ST_EVO_AUDI_HCM_P1
ARR_003719,ST_EVO_AUDI_HCM,2026-09-12T18:33:47+07:00,0,0.0,served,ST_EVO_AUDI_HCM_P4
ARR_003720,ST_EVO_AUDI_HCM,2026-09-12T18:35:55+07:00,0,0.72,served,ST_EVO_AUDI_HCM_P2
ARR_003721,ST_EVO_LAVIDA_Q7,2026-09-12T18:37:47+07:00,0,17.3,reneged,
ARR_003722,ST_EVO_AUDI_HCM,2026-09-12T18:41:26+07:00,0,15.93,served,ST_EVO_AUDI_HCM_P1
ARR_003723,ST_EVO_AUDI_HCM,2026-09-12T18:43:22+07:00,1,14.85,served,ST_EVO_AUDI_HCM_P2
ARR_003724,ST_EVO_AUDI_HCM,2026-09-12T18:50:22+07:00,2,24.88,served,ST_EVO_AUDI_HCM_P1
ARR_003725,ST_EVO_AUDI_HCM,2026-09-12T18:53:02+07:00,3,19.1,reneged,
ARR_003726,ST_EVO_AUDI_HCM,2026-09-12T19:07:41+07:00,2,8.18,served,ST_EVO_AUDI_HCM_P2
ARR_003727,ST_EVO_DEUTSCHES_HAUS,2026-09-12T19:20:15+07:00,0,11.52,served,ST_EVO_DEUTSCHES_HAUS_P2
ARR_003728,ST_EVO_AUDI_HCM,2026-09-12T19:41:52+07:00,0,0.0,served,ST_EVO_AUDI_HCM_P2
ARR_003729,ST_EVO_DEUTSCHES_HAUS,2026-09-12T19:48:30+07:00,0,0.0,served,ST_EVO_DEUTSCHES_HAUS_P4
ARR_003730,ST_EVO_DEUTSCHES_HAUS,2026-09-12T20:01:18+07:00,0,19.3,reneged,
ARR_003731,ST_EVO_DEUTSCHES_HAUS,2026-09-12T20:16:27+07:00,1,25.3,reneged,
ARR_003732,ST_EVO_AUDI_HCM,2026-09-12T20:18:34+07:00,0,0.0,served,ST_EVO_AUDI_HCM_P1
ARR_003733,ST_EVO_AUDI_HCM,2026-09-12T20:19:16+07:00,0,0.0,served,ST_EVO_AUDI_HCM_P3
ARR_003734,ST_EVO_DEUTSCHES_HAUS,2026-09-12T20:23:25+07:00,1,31.53,served,ST_EVO_DEUTSCHES_HAUS_P1
ARR_003735,ST_EVO_AUDI_HCM,2026-09-12T20:36:48+07:00,0,9.28,served,ST_EVO_AUDI_HCM_P2
ARR_003736,ST_EVO_AUDI_HCM,2026-09-12T20:58:27+07:00,0,7.75,served,ST_EVO_AUDI_HCM_P1
ARR_003737,ST_EVO_LAVIDA_Q7,2026-09-12T21:11:23+07:00,0,0.0,served,ST_EVO_LAVIDA_Q7_P1
ARR_003738,ST_EVO_LAVIDA_Q7,2026-09-12T21:22:05+07:00,0,18.4,reneged,
ARR_003739,ST_EVO_DEUTSCHES_HAUS,2026-09-12T21:32:57+07:00,0,4.12,served,ST_EVO_DEUTSCHES_HAUS_P3
ARR_003740,ST_EVO_AUDI_HCM,2026-09-12T21:41:27+07:00,0,0.0,served,ST_EVO_AUDI_HCM_P2
ARR_003741,ST_EVO_DEUTSCHES_HAUS,2026-09-12T21:44:21+07:00,0,18.8,reneged,
ARR_003742,ST_EVO_AUDI_HCM,2026-09-12T22:20:31+07:00,0,0.0,served,ST_EVO_AUDI_HCM_P1
ARR_003743,ST_EVO_LAVIDA_Q7,2026-09-12T22:30:32+07:00,0,0.0,served,ST_EVO_LAVIDA_Q7_P1
ARR_003744,ST_EVO_AUDI_HCM,2026-09-12T22:51:44+07:00,0,0.0,served,ST_EVO_AUDI_HCM_P4
ARR_003745,ST_EVO_AUDI_HCM,2026-09-12T22:57:00+07:00,0,49.58,served,ST_EVO_AUDI_HCM_P2
ARR_003746,ST_EVO_AUDI_HCM,2026-09-13T03:51:24+07:00,0,0.0,served,ST_EVO_AUDI_HCM_P1
ARR_003747,ST_EVO_AUDI_HCM,2026-09-13T06:21:59+07:00,0,0.0,served,ST_EVO_AUDI_HCM_P2
ARR_003748,ST_EVO_DEUTSCHES_HAUS,2026-09-13T07:30:02+07:00,0,0.0,served,ST_EVO_DEUTSCHES_HAUS_P1
ARR_003749,ST_EVO_AUDI_HCM,2026-09-13T07:33:54+07:00,0,0.0,served,ST_EVO_AUDI_HCM_P1
ARR_003750,ST_EVO_DEUTSCHES_HAUS,2026-09-13T07:35:32+07:00,0,0.0,served,ST_EVO_DEUTSCHES_HAUS_P2
ARR_003751,ST_EVO_AUDI_HCM,2026-09-13T08:22:00+07:00,0,0.0,served,ST_EVO_AUDI_HCM_P1
ARR_003752,ST_EVO_DEUTSCHES_HAUS,2026-09-13T08:22:22+07:00,0,0.0,served,ST_EVO_DEUTSCHES_HAUS_P3
ARR_003753,ST_EVO_DEUTSCHES_HAUS,2026-09-13T08:23:07+07:00,0,0.0,served,ST_EVO_DEUTSCHES_HAUS_P4
ARR_003754,ST_EVO_AUDI_HCM,2026-09-13T08:34:17+07:00,0,0.0,served,ST_EVO_AUDI_HCM_P2
ARR_003755,ST_EVO_LAVIDA_Q7,2026-09-13T08:50:34+07:00,0,0.0,served,ST_EVO_LAVIDA_Q7_P1
ARR_003756,ST_EVO_AUDI_HCM,2026-09-13T09:31:54+07:00,0,0.0,served,ST_EVO_AUDI_HCM_P1
ARR_003757,ST_EVO_AUDI_HCM,2026-09-13T09:43:55+07:00,0,0.0,served,ST_EVO_AUDI_HCM_P2
ARR_003758,ST_EVO_AUDI_HCM,2026-09-13T10:16:03+07:00,0,0.0,served,ST_EVO_AUDI_HCM_P1
ARR_003759,ST_EVO_AUDI_HCM,2026-09-13T10:44:19+07:00,0,0.0,served,ST_EVO_AUDI_HCM_P2
ARR_003760,ST_EVO_AUDI_HCM,2026-09-13T10:51:07+07:00,0,0.0,served,ST_EVO_AUDI_HCM_P3
ARR_003761,ST_EVO_LAVIDA_Q7,2026-09-13T11:00:18+07:00,0,0.0,served,ST_EVO_LAVIDA_Q7_P1
ARR_003762,ST_EVO_DEUTSCHES_HAUS,2026-09-13T11:34:14+07:00,0,0.0,served,ST_EVO_DEUTSCHES_HAUS_P1
ARR_003763,ST_EVO_DEUTSCHES_HAUS,2026-09-13T11:40:19+07:00,0,0.0,served,ST_EVO_DEUTSCHES_HAUS_P2
ARR_003764,ST_EVO_AUDI_HCM,2026-09-13T11:45:07+07:00,0,0.0,served,ST_EVO_AUDI_HCM_P1
ARR_003765,ST_EVO_AUDI_HCM,2026-09-13T11:56:16+07:00,0,0.0,served,ST_EVO_AUDI_HCM_P2
ARR_003766,ST_EVO_DEUTSCHES_HAUS,2026-09-13T12:07:12+07:00,0,0.0,served,ST_EVO_DEUTSCHES_HAUS_P3
ARR_003767,ST_EVO_AUDI_HCM,2026-09-13T12:24:44+07:00,0,0.0,served,ST_EVO_AUDI_HCM_P1
ARR_003768,ST_EVO_AUDI_HCM,2026-09-13T12:34:57+07:00,0,0.0,served,ST_EVO_AUDI_HCM_P4
ARR_003769,ST_EVO_LAVIDA_Q7,2026-09-13T12:37:04+07:00,0,0.0,served,ST_EVO_LAVIDA_Q7_P1
ARR_003770,ST_EVO_AUDI_HCM,2026-09-13T12:39:55+07:00,0,8.67,served,ST_EVO_AUDI_HCM_P2
ARR_003771,ST_EVO_AUDI_HCM,2026-09-13T12:44:20+07:00,1,9.57,served,ST_EVO_AUDI_HCM_P1
ARR_003772,ST_EVO_LAVIDA_Q7,2026-09-13T12:50:55+07:00,0,12.6,reneged,
ARR_003773,ST_EVO_LAVIDA_Q7,2026-09-13T12:54:43+07:00,1,6.8,reneged,
ARR_003774,ST_EVO_AUDI_HCM,2026-09-13T13:02:31+07:00,0,16.18,served,ST_EVO_AUDI_HCM_P1
ARR_003775,ST_EVO_DEUTSCHES_HAUS,2026-09-13T13:09:05+07:00,0,0.0,served,ST_EVO_DEUTSCHES_HAUS_P4
ARR_003776,ST_EVO_DEUTSCHES_HAUS,2026-09-13T13:13:04+07:00,0,20.8,reneged,
ARR_003777,ST_EVO_AUDI_HCM,2026-09-13T13:14:08+07:00,1,13.9,reneged,
ARR_003778,ST_EVO_LAVIDA_Q7,2026-09-13T13:20:38+07:00,0,0.0,served,ST_EVO_LAVIDA_Q7_P1
ARR_003779,ST_EVO_AUDI_HCM,2026-09-13T13:29:27+07:00,0,1.17,served,ST_EVO_AUDI_HCM_P2
ARR_003780,ST_EVO_DEUTSCHES_HAUS,2026-09-13T13:33:07+07:00,1,6.5,reneged,
ARR_003781,ST_EVO_LAVIDA_Q7,2026-09-13T13:49:30+07:00,0,10.28,served,ST_EVO_LAVIDA_Q7_P1
ARR_003782,ST_EVO_DEUTSCHES_HAUS,2026-09-13T14:00:46+07:00,0,10.8,reneged,
ARR_003783,ST_EVO_AUDI_HCM,2026-09-13T14:21:31+07:00,0,0.0,served,ST_EVO_AUDI_HCM_P1
ARR_003784,ST_EVO_AUDI_HCM,2026-09-13T14:21:41+07:00,0,0.0,served,ST_EVO_AUDI_HCM_P2
ARR_003785,ST_EVO_DEUTSCHES_HAUS,2026-09-13T14:30:34+07:00,0,9.5,reneged,
ARR_003786,ST_EVO_AUDI_HCM,2026-09-13T14:50:03+07:00,0,0.0,served,ST_EVO_AUDI_HCM_P3
ARR_003787,ST_EVO_LAVIDA_Q7,2026-09-13T15:00:23+07:00,0,0.0,served,ST_EVO_LAVIDA_Q7_P1
ARR_003788,ST_EVO_AUDI_HCM,2026-09-13T15:32:42+07:00,0,0.0,served,ST_EVO_AUDI_HCM_P1
ARR_003789,ST_EVO_LAVIDA_Q7,2026-09-13T15:45:03+07:00,0,0.0,served,ST_EVO_LAVIDA_Q7_P1
ARR_003790,ST_EVO_AUDI_HCM,2026-09-13T16:09:44+07:00,0,0.0,served,ST_EVO_AUDI_HCM_P1
ARR_003791,ST_EVO_AUDI_HCM,2026-09-13T16:18:30+07:00,0,0.0,served,ST_EVO_AUDI_HCM_P2
ARR_003792,ST_EVO_AUDI_HCM,2026-09-13T16:23:59+07:00,0,0.0,served,ST_EVO_AUDI_HCM_P4
ARR_003793,ST_EVO_DEUTSCHES_HAUS,2026-09-13T16:33:26+07:00,0,0.0,served,ST_EVO_DEUTSCHES_HAUS_P2
ARR_003794,ST_EVO_AUDI_HCM,2026-09-13T16:34:04+07:00,0,0.0,served,ST_EVO_AUDI_HCM_P1
ARR_003795,ST_EVO_DEUTSCHES_HAUS,2026-09-13T16:39:22+07:00,0,0.0,served,ST_EVO_DEUTSCHES_HAUS_P3
ARR_003796,ST_EVO_LAVIDA_Q7,2026-09-13T16:50:16+07:00,0,0.0,served,ST_EVO_LAVIDA_Q7_P1
ARR_003797,ST_EVO_AUDI_HCM,2026-09-13T17:06:44+07:00,0,0.0,served,ST_EVO_AUDI_HCM_P2
ARR_003798,ST_EVO_DEUTSCHES_HAUS,2026-09-13T17:26:23+07:00,0,0.0,served,ST_EVO_DEUTSCHES_HAUS_P1
ARR_003799,ST_EVO_LAVIDA_Q7,2026-09-13T17:41:22+07:00,0,0.0,served,ST_EVO_LAVIDA_Q7_P1
ARR_003800,ST_EVO_DEUTSCHES_HAUS,2026-09-13T17:47:46+07:00,0,5.3,reneged,
ARR_003801,ST_EVO_DEUTSCHES_HAUS,2026-09-13T17:50:13+07:00,1,16.5,reneged,
ARR_003802,ST_EVO_AUDI_HCM,2026-09-13T18:03:33+07:00,0,0.0,served,ST_EVO_AUDI_HCM_P1
ARR_003803,ST_EVO_AUDI_HCM,2026-09-13T18:07:30+07:00,0,0.0,served,ST_EVO_AUDI_HCM_P2
ARR_003804,ST_EVO_AUDI_HCM,2026-09-13T18:13:39+07:00,0,13.5,reneged,
ARR_003805,ST_EVO_AUDI_HCM,2026-09-13T18:14:22+07:00,1,17.4,reneged,
ARR_003806,ST_EVO_DEUTSCHES_HAUS,2026-09-13T18:18:44+07:00,0,7.13,served,ST_EVO_DEUTSCHES_HAUS_P4
ARR_003807,ST_EVO_DEUTSCHES_HAUS,2026-09-13T18:23:54+07:00,1,25.5,reneged,
ARR_003808,ST_EVO_LAVIDA_Q7,2026-09-13T18:36:18+07:00,0,0.0,served,ST_EVO_LAVIDA_Q7_P1
ARR_003809,ST_EVO_DEUTSCHES_HAUS,2026-09-13T18:49:33+07:00,0,9.7,reneged,
ARR_003810,ST_EVO_DEUTSCHES_HAUS,2026-09-13T19:00:50+07:00,0,0.35,served,ST_EVO_DEUTSCHES_HAUS_P2
ARR_003811,ST_EVO_AUDI_HCM,2026-09-13T19:03:25+07:00,0,0.0,served,ST_EVO_AUDI_HCM_P1
ARR_003812,ST_EVO_AUDI_HCM,2026-09-13T19:05:23+07:00,0,0.0,served,ST_EVO_AUDI_HCM_P2
ARR_003813,ST_EVO_AUDI_HCM,2026-09-13T19:10:44+07:00,0,0.0,served,ST_EVO_AUDI_HCM_P3
ARR_003814,ST_EVO_AUDI_HCM,2026-09-13T19:20:23+07:00,0,16.25,served,ST_EVO_AUDI_HCM_P1
ARR_003815,ST_EVO_AUDI_HCM,2026-09-13T19:30:17+07:00,1,11.77,served,ST_EVO_AUDI_HCM_P4
ARR_003816,ST_EVO_DEUTSCHES_HAUS,2026-09-13T19:30:42+07:00,0,22.8,reneged,
ARR_003817,ST_EVO_AUDI_HCM,2026-09-13T19:34:30+07:00,2,8.0,reneged,
ARR_003818,ST_EVO_AUDI_HCM,2026-09-13T19:38:31+07:00,2,4.7,reneged,
ARR_003819,ST_EVO_AUDI_HCM,2026-09-13T19:38:51+07:00,3,22.65,served,ST_EVO_AUDI_HCM_P1
ARR_003820,ST_EVO_LAVIDA_Q7,2026-09-13T19:47:44+07:00,0,0.0,served,ST_EVO_LAVIDA_Q7_P1
ARR_003821,ST_EVO_DEUTSCHES_HAUS,2026-09-13T19:49:11+07:00,1,37.4,reneged,
ARR_003822,ST_EVO_AUDI_HCM,2026-09-13T20:09:12+07:00,0,13.3,reneged,
ARR_003823,ST_EVO_AUDI_HCM,2026-09-13T21:26:51+07:00,0,0.0,served,ST_EVO_AUDI_HCM_P1
ARR_003824,ST_EVO_LAVIDA_Q7,2026-09-13T21:37:34+07:00,0,0.0,served,ST_EVO_LAVIDA_Q7_P1
ARR_003825,ST_EVO_AUDI_HCM,2026-09-13T22:03:18+07:00,0,0.0,served,ST_EVO_AUDI_HCM_P1
ARR_003826,ST_EVO_AUDI_HCM,2026-09-13T22:06:37+07:00,0,0.0,served,ST_EVO_AUDI_HCM_P2
ARR_003827,ST_EVO_AUDI_HCM,2026-09-14T03:34:48+07:00,0,0.0,served,ST_EVO_AUDI_HCM_P1
ARR_003828,ST_EVO_DEUTSCHES_HAUS,2026-09-14T03:47:53+07:00,0,0.0,served,ST_EVO_DEUTSCHES_HAUS_P1
ARR_003829,ST_EVO_AUDI_HCM,2026-09-14T05:12:16+07:00,0,0.0,served,ST_EVO_AUDI_HCM_P2
ARR_003830,ST_EVO_DEUTSCHES_HAUS,2026-09-14T06:10:44+07:00,0,0.0,served,ST_EVO_DEUTSCHES_HAUS_P2
ARR_003831,ST_EVO_AUDI_HCM,2026-09-14T06:25:23+07:00,0,0.0,served,ST_EVO_AUDI_HCM_P3
ARR_003832,ST_EVO_DEUTSCHES_HAUS,2026-09-14T06:35:33+07:00,0,0.0,served,ST_EVO_DEUTSCHES_HAUS_P3
ARR_003833,ST_EVO_AUDI_HCM,2026-09-14T06:50:13+07:00,0,0.0,served,ST_EVO_AUDI_HCM_P4
ARR_003834,ST_EVO_AUDI_HCM,2026-09-14T08:18:22+07:00,0,0.0,served,ST_EVO_AUDI_HCM_P1
ARR_003835,ST_EVO_AUDI_HCM,2026-09-14T08:58:13+07:00,0,10.65,served,ST_EVO_AUDI_HCM_P1
ARR_003836,ST_EVO_DEUTSCHES_HAUS,2026-09-14T09:12:50+07:00,0,0.0,served,ST_EVO_DEUTSCHES_HAUS_P1
ARR_003837,ST_EVO_LAVIDA_Q7,2026-09-14T09:19:40+07:00,0,0.0,served,ST_EVO_LAVIDA_Q7_P1
ARR_003838,ST_EVO_AUDI_HCM,2026-09-14T09:44:37+07:00,0,9.38,served,ST_EVO_AUDI_HCM_P3
ARR_003839,ST_EVO_AUDI_HCM,2026-09-14T09:49:52+07:00,1,6.27,served,ST_EVO_AUDI_HCM_P1
ARR_003840,ST_EVO_AUDI_HCM,2026-09-14T10:17:09+07:00,0,17.85,served,ST_EVO_AUDI_HCM_P1
ARR_003841,ST_EVO_AUDI_HCM,2026-09-14T10:23:25+07:00,1,28.9,reneged,
ARR_003842,ST_EVO_LAVIDA_Q7,2026-09-14T10:39:02+07:00,0,0.0,served,ST_EVO_LAVIDA_Q7_P1
ARR_003843,ST_EVO_DEUTSCHES_HAUS,2026-09-14T10:46:29+07:00,0,0.0,served,ST_EVO_DEUTSCHES_HAUS_P3
ARR_003844,ST_EVO_AUDI_HCM,2026-09-14T11:09:36+07:00,0,0.0,served,ST_EVO_AUDI_HCM_P1
ARR_003845,ST_EVO_DEUTSCHES_HAUS,2026-09-14T11:10:23+07:00,0,0.0,served,ST_EVO_DEUTSCHES_HAUS_P4
ARR_003846,ST_EVO_DEUTSCHES_HAUS,2026-09-14T11:12:05+07:00,0,33.4,reneged,
ARR_003847,ST_EVO_AUDI_HCM,2026-09-14T11:24:10+07:00,0,25.57,served,ST_EVO_AUDI_HCM_P4
ARR_003848,ST_EVO_AUDI_HCM,2026-09-14T11:47:15+07:00,1,4.95,served,ST_EVO_AUDI_HCM_P2
ARR_003849,ST_EVO_AUDI_HCM,2026-09-14T12:01:42+07:00,0,0.0,served,ST_EVO_AUDI_HCM_P1
ARR_003850,ST_EVO_DEUTSCHES_HAUS,2026-09-14T12:05:35+07:00,0,0.8,served,ST_EVO_DEUTSCHES_HAUS_P2
ARR_003851,ST_EVO_AUDI_HCM,2026-09-14T12:22:25+07:00,0,3.85,served,ST_EVO_AUDI_HCM_P2
ARR_003852,ST_EVO_DEUTSCHES_HAUS,2026-09-14T12:28:29+07:00,0,0.0,served,ST_EVO_DEUTSCHES_HAUS_P1
ARR_003853,ST_EVO_AUDI_HCM,2026-09-14T12:32:17+07:00,0,16.1,reneged,
ARR_003854,ST_EVO_LAVIDA_Q7,2026-09-14T12:32:48+07:00,0,0.0,served,ST_EVO_LAVIDA_Q7_P1
ARR_003855,ST_EVO_AUDI_HCM,2026-09-14T12:46:28+07:00,1,9.83,served,ST_EVO_AUDI_HCM_P1
ARR_003856,ST_EVO_DEUTSCHES_HAUS,2026-09-14T12:51:31+07:00,0,10.3,reneged,
ARR_003857,ST_EVO_LAVIDA_Q7,2026-09-14T13:00:31+07:00,0,11.33,served,ST_EVO_LAVIDA_Q7_P1
ARR_003858,ST_EVO_AUDI_HCM,2026-09-14T13:01:00+07:00,0,1.2,served,ST_EVO_AUDI_HCM_P2
ARR_003859,ST_EVO_AUDI_HCM,2026-09-14T13:04:17+07:00,0,14.0,served,ST_EVO_AUDI_HCM_P1
ARR_003860,ST_EVO_DEUTSCHES_HAUS,2026-09-14T13:11:06+07:00,0,15.6,reneged,
ARR_003861,ST_EVO_LAVIDA_Q7,2026-09-14T13:20:02+07:00,0,20.83,served,ST_EVO_LAVIDA_Q7_P1
ARR_003862,ST_EVO_AUDI_HCM,2026-09-14T13:33:37+07:00,0,15.4,served,ST_EVO_AUDI_HCM_P2
ARR_003863,ST_EVO_AUDI_HCM,2026-09-14T13:33:47+07:00,1,33.57,served,ST_EVO_AUDI_HCM_P3
ARR_003864,ST_EVO_DEUTSCHES_HAUS,2026-09-14T13:40:28+07:00,0,41.1,reneged,
ARR_003865,ST_EVO_AUDI_HCM,2026-09-14T13:47:54+07:00,2,33.83,served,ST_EVO_AUDI_HCM_P1
ARR_003866,ST_EVO_DEUTSCHES_HAUS,2026-09-14T13:53:06+07:00,1,22.0,reneged,
ARR_003867,ST_EVO_AUDI_HCM,2026-09-14T14:18:26+07:00,1,7.0,served,ST_EVO_AUDI_HCM_P2
ARR_003868,ST_EVO_AUDI_HCM,2026-09-14T14:27:19+07:00,0,11.9,reneged,
ARR_003869,ST_EVO_LAVIDA_Q7,2026-09-14T14:41:56+07:00,0,0.0,served,ST_EVO_LAVIDA_Q7_P1
ARR_003870,ST_EVO_DEUTSCHES_HAUS,2026-09-14T14:50:11+07:00,0,17.7,reneged,
ARR_003871,ST_EVO_AUDI_HCM,2026-09-14T15:01:13+07:00,0,0.0,served,ST_EVO_AUDI_HCM_P1
ARR_003872,ST_EVO_AUDI_HCM,2026-09-14T15:03:17+07:00,0,0.0,served,ST_EVO_AUDI_HCM_P4
ARR_003873,ST_EVO_AUDI_HCM,2026-09-14T15:30:10+07:00,0,0.0,served,ST_EVO_AUDI_HCM_P1
ARR_003874,ST_EVO_AUDI_HCM,2026-09-14T15:31:43+07:00,0,0.0,served,ST_EVO_AUDI_HCM_P2
ARR_003875,ST_EVO_DEUTSCHES_HAUS,2026-09-14T15:43:32+07:00,0,13.0,reneged,
ARR_003876,ST_EVO_AUDI_HCM,2026-09-14T15:50:17+07:00,0,0.0,served,ST_EVO_AUDI_HCM_P1
ARR_003877,ST_EVO_LAVIDA_Q7,2026-09-14T16:00:14+07:00,0,0.0,served,ST_EVO_LAVIDA_Q7_P1
ARR_003878,ST_EVO_AUDI_HCM,2026-09-14T16:04:29+07:00,0,0.0,served,ST_EVO_AUDI_HCM_P2
ARR_003879,ST_EVO_AUDI_HCM,2026-09-14T16:20:38+07:00,0,0.0,served,ST_EVO_AUDI_HCM_P3
ARR_003880,ST_EVO_AUDI_HCM,2026-09-14T16:24:01+07:00,0,0.0,served,ST_EVO_AUDI_HCM_P1
ARR_003881,ST_EVO_LAVIDA_Q7,2026-09-14T16:35:35+07:00,0,0.0,served,ST_EVO_LAVIDA_Q7_P1
ARR_003882,ST_EVO_AUDI_HCM,2026-09-14T17:12:35+07:00,0,0.0,served,ST_EVO_AUDI_HCM_P1
ARR_003883,ST_EVO_AUDI_HCM,2026-09-14T17:17:36+07:00,0,0.0,served,ST_EVO_AUDI_HCM_P2
ARR_003884,ST_EVO_DEUTSCHES_HAUS,2026-09-14T17:29:04+07:00,0,0.0,served,ST_EVO_DEUTSCHES_HAUS_P1
ARR_003885,ST_EVO_DEUTSCHES_HAUS,2026-09-14T17:33:57+07:00,0,0.0,served,ST_EVO_DEUTSCHES_HAUS_P2
ARR_003886,ST_EVO_AUDI_HCM,2026-09-14T17:36:21+07:00,0,18.47,served,ST_EVO_AUDI_HCM_P2
ARR_003887,ST_EVO_AUDI_HCM,2026-09-14T17:47:21+07:00,1,9.3,reneged,
ARR_003888,ST_EVO_DEUTSCHES_HAUS,2026-09-14T18:03:49+07:00,0,0.0,served,ST_EVO_DEUTSCHES_HAUS_P3
ARR_003889,ST_EVO_AUDI_HCM,2026-09-14T18:34:42+07:00,0,0.0,served,ST_EVO_AUDI_HCM_P1
ARR_003890,ST_EVO_DEUTSCHES_HAUS,2026-09-14T18:36:00+07:00,0,16.9,reneged,
ARR_003891,ST_EVO_AUDI_HCM,2026-09-14T18:44:40+07:00,0,0.0,served,ST_EVO_AUDI_HCM_P3
ARR_003892,ST_EVO_AUDI_HCM,2026-09-14T19:23:11+07:00,0,0.0,served,ST_EVO_AUDI_HCM_P1
ARR_003893,ST_EVO_AUDI_HCM,2026-09-14T19:35:59+07:00,0,0.0,served,ST_EVO_AUDI_HCM_P2
ARR_003894,ST_EVO_DEUTSCHES_HAUS,2026-09-14T19:38:53+07:00,0,0.0,served,ST_EVO_DEUTSCHES_HAUS_P4
ARR_003895,ST_EVO_DEUTSCHES_HAUS,2026-09-14T19:56:31+07:00,0,7.48,served,ST_EVO_DEUTSCHES_HAUS_P2
ARR_003896,ST_EVO_DEUTSCHES_HAUS,2026-09-14T20:32:39+07:00,0,22.8,reneged,
ARR_003897,ST_EVO_AUDI_HCM,2026-09-14T20:55:44+07:00,0,0.0,served,ST_EVO_AUDI_HCM_P1
ARR_003898,ST_EVO_LAVIDA_Q7,2026-09-14T22:43:13+07:00,0,0.0,served,ST_EVO_LAVIDA_Q7_P1
ARR_003899,ST_EVO_AUDI_HCM,2026-09-14T23:07:23+07:00,0,0.0,served,ST_EVO_AUDI_HCM_P1
ARR_003900,ST_EVO_AUDI_HCM,2026-09-15T00:28:02+07:00,0,0.0,served,ST_EVO_AUDI_HCM_P2
ARR_003901,ST_EVO_LAVIDA_Q7,2026-09-15T00:32:39+07:00,0,17.5,reneged,
ARR_003902,ST_EVO_DEUTSCHES_HAUS,2026-09-15T02:28:02+07:00,0,0.0,served,ST_EVO_DEUTSCHES_HAUS_P1
ARR_003903,ST_EVO_AUDI_HCM,2026-09-15T04:00:14+07:00,0,0.0,served,ST_EVO_AUDI_HCM_P1
ARR_003904,ST_EVO_DEUTSCHES_HAUS,2026-09-15T05:39:33+07:00,0,0.0,served,ST_EVO_DEUTSCHES_HAUS_P3
ARR_003905,ST_EVO_LAVIDA_Q7,2026-09-15T05:55:27+07:00,0,43.2,reneged,
ARR_003906,ST_EVO_LAVIDA_Q7,2026-09-15T06:05:52+07:00,1,4.8,reneged,
ARR_003907,ST_EVO_AUDI_HCM,2026-09-15T06:22:53+07:00,0,0.0,served,ST_EVO_AUDI_HCM_P1
ARR_003908,ST_EVO_AUDI_HCM,2026-09-15T06:29:10+07:00,0,0.0,served,ST_EVO_AUDI_HCM_P2
ARR_003909,ST_EVO_DEUTSCHES_HAUS,2026-09-15T07:26:42+07:00,0,0.0,served,ST_EVO_DEUTSCHES_HAUS_P3
ARR_003910,ST_EVO_AUDI_HCM,2026-09-15T08:48:50+07:00,0,0.0,served,ST_EVO_AUDI_HCM_P1
ARR_003911,ST_EVO_LAVIDA_Q7,2026-09-15T09:03:10+07:00,0,31.4,reneged,
ARR_003912,ST_EVO_AUDI_HCM,2026-09-15T09:06:57+07:00,0,0.0,served,ST_EVO_AUDI_HCM_P2
ARR_003913,ST_EVO_DEUTSCHES_HAUS,2026-09-15T09:43:52+07:00,0,0.0,served,ST_EVO_DEUTSCHES_HAUS_P1
ARR_003914,ST_EVO_DEUTSCHES_HAUS,2026-09-15T09:56:47+07:00,0,0.0,served,ST_EVO_DEUTSCHES_HAUS_P2
ARR_003915,ST_EVO_DEUTSCHES_HAUS,2026-09-15T10:13:49+07:00,0,0.0,served,ST_EVO_DEUTSCHES_HAUS_P3
ARR_003916,ST_EVO_AUDI_HCM,2026-09-15T10:24:04+07:00,0,0.0,served,ST_EVO_AUDI_HCM_P1
ARR_003917,ST_EVO_AUDI_HCM,2026-09-15T10:30:28+07:00,0,0.0,served,ST_EVO_AUDI_HCM_P2
ARR_003918,ST_EVO_LAVIDA_Q7,2026-09-15T10:34:28+07:00,0,25.4,reneged,
ARR_003919,ST_EVO_AUDI_HCM,2026-09-15T10:35:16+07:00,0,0.0,served,ST_EVO_AUDI_HCM_P3
ARR_003920,ST_EVO_DEUTSCHES_HAUS,2026-09-15T10:39:45+07:00,0,0.0,served,ST_EVO_DEUTSCHES_HAUS_P4
ARR_003921,ST_EVO_LAVIDA_Q7,2026-09-15T10:45:41+07:00,1,17.3,reneged,
ARR_003922,ST_EVO_AUDI_HCM,2026-09-15T10:52:29+07:00,0,0.0,served,ST_EVO_AUDI_HCM_P1
ARR_003923,ST_EVO_DEUTSCHES_HAUS,2026-09-15T11:04:43+07:00,0,33.2,reneged,
ARR_003924,ST_EVO_DEUTSCHES_HAUS,2026-09-15T11:18:17+07:00,1,26.63,served,ST_EVO_DEUTSCHES_HAUS_P3
ARR_003925,ST_EVO_AUDI_HCM,2026-09-15T11:19:44+07:00,0,0.0,served,ST_EVO_AUDI_HCM_P2
ARR_003926,ST_EVO_AUDI_HCM,2026-09-15T11:19:51+07:00,0,0.0,served,ST_EVO_AUDI_HCM_P4
ARR_003927,ST_EVO_DEUTSCHES_HAUS,2026-09-15T11:25:37+07:00,2,49.1,reneged,
ARR_003928,ST_EVO_AUDI_HCM,2026-09-15T11:31:05+07:00,0,8.0,served,ST_EVO_AUDI_HCM_P1
ARR_003929,ST_EVO_AUDI_HCM,2026-09-15T11:44:35+07:00,0,5.2,served,ST_EVO_AUDI_HCM_P2
ARR_003930,ST_EVO_LAVIDA_Q7,2026-09-15T11:47:18+07:00,0,20.7,reneged,
ARR_003931,ST_EVO_AUDI_HCM,2026-09-15T11:47:25+07:00,1,14.45,served,ST_EVO_AUDI_HCM_P1
ARR_003932,ST_EVO_LAVIDA_Q7,2026-09-15T11:48:59+07:00,1,28.3,reneged,
ARR_003933,ST_EVO_LAVIDA_Q7,2026-09-15T11:57:49+07:00,2,26.2,reneged,
ARR_003934,ST_EVO_DEUTSCHES_HAUS,2026-09-15T12:03:04+07:00,1,27.1,reneged,
ARR_003935,ST_EVO_AUDI_HCM,2026-09-15T12:15:14+07:00,0,0.0,served,ST_EVO_AUDI_HCM_P2
ARR_003936,ST_EVO_AUDI_HCM,2026-09-15T12:32:27+07:00,0,0.0,served,ST_EVO_AUDI_HCM_P1
ARR_003937,ST_EVO_AUDI_HCM,2026-09-15T12:40:17+07:00,0,11.4,reneged,
ARR_003938,ST_EVO_LAVIDA_Q7,2026-09-15T12:40:46+07:00,0,9.9,reneged,
ARR_003939,ST_EVO_AUDI_HCM,2026-09-15T12:42:34+07:00,1,13.37,served,ST_EVO_AUDI_HCM_P2
ARR_003940,ST_EVO_DEUTSCHES_HAUS,2026-09-15T12:43:23+07:00,0,29.17,served,ST_EVO_DEUTSCHES_HAUS_P3
ARR_003941,ST_EVO_DEUTSCHES_HAUS,2026-09-15T12:48:24+07:00,1,36.1,reneged,
ARR_003942,ST_EVO_AUDI_HCM,2026-09-15T12:48:54+07:00,2,8.97,served,ST_EVO_AUDI_HCM_P1
ARR_003943,ST_EVO_AUDI_HCM,2026-09-15T12:49:05+07:00,3,13.1,reneged,
ARR_003944,ST_EVO_DEUTSCHES_HAUS,2026-09-15T12:51:16+07:00,2,36.4,reneged,
ARR_003945,ST_EVO_DEUTSCHES_HAUS,2026-09-15T12:52:02+07:00,3,4.5,reneged,
ARR_003946,ST_EVO_AUDI_HCM,2026-09-15T13:00:53+07:00,1,15.4,reneged,
ARR_003947,ST_EVO_AUDI_HCM,2026-09-15T13:02:01+07:00,2,19.35,served,ST_EVO_AUDI_HCM_P2
ARR_003948,ST_EVO_AUDI_HCM,2026-09-15T13:19:19+07:00,1,7.77,served,ST_EVO_AUDI_HCM_P1
ARR_003949,ST_EVO_AUDI_HCM,2026-09-15T13:21:58+07:00,1,26.13,served,ST_EVO_AUDI_HCM_P2
ARR_003950,ST_EVO_LAVIDA_Q7,2026-09-15T13:27:12+07:00,0,0.0,served,ST_EVO_LAVIDA_Q7_P1
ARR_003951,ST_EVO_AUDI_HCM,2026-09-15T13:30:26+07:00,1,23.4,reneged,
ARR_003952,ST_EVO_AUDI_HCM,2026-09-15T13:33:55+07:00,2,24.2,reneged,
ARR_003953,ST_EVO_AUDI_HCM,2026-09-15T13:41:02+07:00,3,30.7,reneged,
ARR_003954,ST_EVO_AUDI_HCM,2026-09-15T13:51:51+07:00,3,28.73,served,ST_EVO_AUDI_HCM_P1
ARR_003955,ST_EVO_AUDI_HCM,2026-09-15T13:55:08+07:00,3,31.3,reneged,
ARR_003956,ST_EVO_AUDI_HCM,2026-09-15T14:16:46+07:00,2,10.07,served,ST_EVO_AUDI_HCM_P4
ARR_003957,ST_EVO_DEUTSCHES_HAUS,2026-09-15T14:23:05+07:00,0,16.9,reneged,
ARR_003958,ST_EVO_AUDI_HCM,2026-09-15T14:35:15+07:00,0,0.93,served,ST_EVO_AUDI_HCM_P2
ARR_003959,ST_EVO_AUDI_HCM,2026-09-15T14:40:15+07:00,0,11.9,reneged,
ARR_003960,ST_EVO_AUDI_HCM,2026-09-15T14:46:33+07:00,1,13.2,reneged,
ARR_003961,ST_EVO_AUDI_HCM,2026-09-15T14:51:12+07:00,2,13.2,served,ST_EVO_AUDI_HCM_P1
ARR_003962,ST_EVO_DEUTSCHES_HAUS,2026-09-15T15:05:54+07:00,0,6.9,reneged,
ARR_003963,ST_EVO_LAVIDA_Q7,2026-09-15T15:26:52+07:00,0,0.0,served,ST_EVO_LAVIDA_Q7_P1
ARR_003964,ST_EVO_DEUTSCHES_HAUS,2026-09-15T15:28:40+07:00,0,0.0,served,ST_EVO_DEUTSCHES_HAUS_P1
ARR_003965,ST_EVO_AUDI_HCM,2026-09-15T15:57:52+07:00,0,0.0,served,ST_EVO_AUDI_HCM_P1
ARR_003966,ST_EVO_AUDI_HCM,2026-09-15T15:59:56+07:00,0,0.0,served,ST_EVO_AUDI_HCM_P2
ARR_003967,ST_EVO_AUDI_HCM,2026-09-15T16:12:08+07:00,0,0.0,served,ST_EVO_AUDI_HCM_P3
ARR_003968,ST_EVO_AUDI_HCM,2026-09-15T16:43:13+07:00,0,1.73,served,ST_EVO_AUDI_HCM_P2
ARR_003969,ST_EVO_LAVIDA_Q7,2026-09-15T17:03:36+07:00,0,0.0,served,ST_EVO_LAVIDA_Q7_P1
ARR_003970,ST_EVO_DEUTSCHES_HAUS,2026-09-15T17:13:55+07:00,0,0.0,served,ST_EVO_DEUTSCHES_HAUS_P2
ARR_003971,ST_EVO_AUDI_HCM,2026-09-15T17:14:01+07:00,0,0.0,served,ST_EVO_AUDI_HCM_P1
ARR_003972,ST_EVO_AUDI_HCM,2026-09-15T17:16:40+07:00,0,0.0,served,ST_EVO_AUDI_HCM_P2
ARR_003973,ST_EVO_DEUTSCHES_HAUS,2026-09-15T17:25:19+07:00,0,0.0,served,ST_EVO_DEUTSCHES_HAUS_P3
ARR_003974,ST_EVO_AUDI_HCM,2026-09-15T17:40:48+07:00,0,0.0,served,ST_EVO_AUDI_HCM_P4
ARR_003975,ST_EVO_DEUTSCHES_HAUS,2026-09-15T18:06:12+07:00,0,0.0,served,ST_EVO_DEUTSCHES_HAUS_P4
ARR_003976,ST_EVO_AUDI_HCM,2026-09-15T18:11:04+07:00,0,0.0,served,ST_EVO_AUDI_HCM_P1
ARR_003977,ST_EVO_LAVIDA_Q7,2026-09-15T18:18:37+07:00,0,0.0,served,ST_EVO_LAVIDA_Q7_P1
ARR_003978,ST_EVO_DEUTSCHES_HAUS,2026-09-15T18:20:35+07:00,0,0.0,served,ST_EVO_DEUTSCHES_HAUS_P1
ARR_003979,ST_EVO_AUDI_HCM,2026-09-15T18:34:32+07:00,0,0.0,served,ST_EVO_AUDI_HCM_P2
ARR_003980,ST_EVO_AUDI_HCM,2026-09-15T18:38:43+07:00,0,0.0,served,ST_EVO_AUDI_HCM_P1
ARR_003981,ST_EVO_AUDI_HCM,2026-09-15T18:44:01+07:00,0,0.0,served,ST_EVO_AUDI_HCM_P3
ARR_003982,ST_EVO_AUDI_HCM,2026-09-15T18:45:14+07:00,0,14.38,served,ST_EVO_AUDI_HCM_P1
ARR_003983,ST_EVO_AUDI_HCM,2026-09-15T19:00:24+07:00,0,15.92,served,ST_EVO_AUDI_HCM_P1
ARR_003984,ST_EVO_LAVIDA_Q7,2026-09-15T19:30:15+07:00,0,0.0,served,ST_EVO_LAVIDA_Q7_P1
ARR_003985,ST_EVO_DEUTSCHES_HAUS,2026-09-15T19:35:38+07:00,0,29.1,reneged,
ARR_003986,ST_EVO_AUDI_HCM,2026-09-15T19:41:07+07:00,0,16.97,served,ST_EVO_AUDI_HCM_P2
ARR_003987,ST_EVO_DEUTSCHES_HAUS,2026-09-15T19:44:55+07:00,1,16.0,reneged,
ARR_003988,ST_EVO_AUDI_HCM,2026-09-15T19:45:34+07:00,1,26.5,served,ST_EVO_AUDI_HCM_P1
ARR_003989,ST_EVO_AUDI_HCM,2026-09-15T19:47:06+07:00,2,21.0,reneged,
ARR_003990,ST_EVO_AUDI_HCM,2026-09-15T20:01:01+07:00,2,11.3,reneged,
ARR_003991,ST_EVO_AUDI_HCM,2026-09-15T20:16:28+07:00,0,7.87,served,ST_EVO_AUDI_HCM_P2
ARR_003992,ST_EVO_LAVIDA_Q7,2026-09-15T20:38:00+07:00,0,0.0,served,ST_EVO_LAVIDA_Q7_P1
ARR_003993,ST_EVO_DEUTSCHES_HAUS,2026-09-15T20:39:31+07:00,0,31.9,reneged,
ARR_003994,ST_EVO_LAVIDA_Q7,2026-09-15T20:47:53+07:00,0,30.65,served,ST_EVO_LAVIDA_Q7_P1
ARR_003995,ST_EVO_AUDI_HCM,2026-09-15T20:59:51+07:00,0,0.0,served,ST_EVO_AUDI_HCM_P1
ARR_003996,ST_EVO_AUDI_HCM,2026-09-15T21:27:21+07:00,0,0.0,served,ST_EVO_AUDI_HCM_P2
ARR_003997,ST_EVO_AUDI_HCM,2026-09-15T21:50:59+07:00,0,0.0,served,ST_EVO_AUDI_HCM_P1
ARR_003998,ST_EVO_AUDI_HCM,2026-09-15T23:29:49+07:00,0,0.0,served,ST_EVO_AUDI_HCM_P2
ARR_003999,ST_EVO_LAVIDA_Q7,2026-09-16T01:19:16+07:00,0,0.0,served,ST_EVO_LAVIDA_Q7_P1
ARR_004000,ST_EVO_DEUTSCHES_HAUS,2026-09-16T05:47:02+07:00,0,0.0,served,ST_EVO_DEUTSCHES_HAUS_P1
ARR_004001,ST_EVO_AUDI_HCM,2026-09-16T07:44:11+07:00,0,0.0,served,ST_EVO_AUDI_HCM_P1
ARR_004002,ST_EVO_AUDI_HCM,2026-09-16T09:12:35+07:00,0,0.0,served,ST_EVO_AUDI_HCM_P1
ARR_004003,ST_EVO_AUDI_HCM,2026-09-16T09:13:46+07:00,0,0.0,served,ST_EVO_AUDI_HCM_P2
ARR_004004,ST_EVO_LAVIDA_Q7,2026-09-16T09:15:49+07:00,0,0.0,served,ST_EVO_LAVIDA_Q7_P1
ARR_004005,ST_EVO_AUDI_HCM,2026-09-16T09:30:25+07:00,0,0.0,served,ST_EVO_AUDI_HCM_P3
ARR_004006,ST_EVO_AUDI_HCM,2026-09-16T09:42:35+07:00,0,0.0,served,ST_EVO_AUDI_HCM_P4
ARR_004007,ST_EVO_DEUTSCHES_HAUS,2026-09-16T10:01:00+07:00,0,0.0,served,ST_EVO_DEUTSCHES_HAUS_P1
ARR_004008,ST_EVO_AUDI_HCM,2026-09-16T10:09:04+07:00,0,0.0,served,ST_EVO_AUDI_HCM_P2
ARR_004009,ST_EVO_AUDI_HCM,2026-09-16T10:29:29+07:00,0,0.0,served,ST_EVO_AUDI_HCM_P1
ARR_004010,ST_EVO_AUDI_HCM,2026-09-16T10:29:45+07:00,0,19.6,served,ST_EVO_AUDI_HCM_P2
ARR_004011,ST_EVO_DEUTSCHES_HAUS,2026-09-16T10:32:57+07:00,0,0.0,served,ST_EVO_DEUTSCHES_HAUS_P2
ARR_004012,ST_EVO_AUDI_HCM,2026-09-16T10:33:31+07:00,1,32.7,reneged,
ARR_004013,ST_EVO_DEUTSCHES_HAUS,2026-09-16T10:34:27+07:00,0,0.0,served,ST_EVO_DEUTSCHES_HAUS_P3
ARR_004014,ST_EVO_AUDI_HCM,2026-09-16T10:50:21+07:00,1,16.35,served,ST_EVO_AUDI_HCM_P1
ARR_004015,ST_EVO_AUDI_HCM,2026-09-16T11:21:06+07:00,0,2.3,served,ST_EVO_AUDI_HCM_P1
ARR_004016,ST_EVO_LAVIDA_Q7,2026-09-16T11:24:36+07:00,0,0.0,served,ST_EVO_LAVIDA_Q7_P1
ARR_004017,ST_EVO_AUDI_HCM,2026-09-16T11:25:30+07:00,0,13.3,reneged,
ARR_004018,ST_EVO_AUDI_HCM,2026-09-16T11:35:05+07:00,1,9.57,served,ST_EVO_AUDI_HCM_P2
ARR_004019,ST_EVO_AUDI_HCM,2026-09-16T11:53:58+07:00,0,3.47,served,ST_EVO_AUDI_HCM_P1
ARR_004020,ST_EVO_LAVIDA_Q7,2026-09-16T11:57:23+07:00,0,3.53,served,ST_EVO_LAVIDA_Q7_P1
ARR_004021,ST_EVO_AUDI_HCM,2026-09-16T12:05:44+07:00,0,12.22,served,ST_EVO_AUDI_HCM_P3
ARR_004022,ST_EVO_LAVIDA_Q7,2026-09-16T12:14:12+07:00,0,11.15,served,ST_EVO_LAVIDA_Q7_P1
ARR_004023,ST_EVO_DEUTSCHES_HAUS,2026-09-16T12:15:50+07:00,0,0.0,served,ST_EVO_DEUTSCHES_HAUS_P4
ARR_004024,ST_EVO_AUDI_HCM,2026-09-16T12:43:47+07:00,0,0.0,served,ST_EVO_AUDI_HCM_P1
ARR_004025,ST_EVO_DEUTSCHES_HAUS,2026-09-16T12:47:55+07:00,0,23.4,reneged,
ARR_004026,ST_EVO_AUDI_HCM,2026-09-16T12:53:01+07:00,0,0.0,served,ST_EVO_AUDI_HCM_P2
ARR_004027,ST_EVO_LAVIDA_Q7,2026-09-16T12:54:22+07:00,0,0.0,served,ST_EVO_LAVIDA_Q7_P1
ARR_004028,ST_EVO_DEUTSCHES_HAUS,2026-09-16T12:58:44+07:00,1,28.48,served,ST_EVO_DEUTSCHES_HAUS_P1
ARR_004029,ST_EVO_DEUTSCHES_HAUS,2026-09-16T13:06:18+07:00,2,17.3,reneged,
ARR_004030,ST_EVO_AUDI_HCM,2026-09-16T13:10:35+07:00,0,4.93,served,ST_EVO_AUDI_HCM_P4
ARR_004031,ST_EVO_DEUTSCHES_HAUS,2026-09-16T13:14:20+07:00,2,65.5,reneged,
ARR_004032,ST_EVO_AUDI_HCM,2026-09-16T13:17:07+07:00,0,18.8,reneged,
ARR_004033,ST_EVO_AUDI_HCM,2026-09-16T13:22:50+07:00,1,20.05,served,ST_EVO_AUDI_HCM_P1
ARR_004034,ST_EVO_AUDI_HCM,2026-09-16T13:34:25+07:00,2,15.48,served,ST_EVO_AUDI_HCM_P2
ARR_004035,ST_EVO_LAVIDA_Q7,2026-09-16T13:39:33+07:00,0,0.0,served,ST_EVO_LAVIDA_Q7_P1
ARR_004036,ST_EVO_LAVIDA_Q7,2026-09-16T13:40:05+07:00,0,15.8,reneged,
ARR_004037,ST_EVO_DEUTSCHES_HAUS,2026-09-16T13:50:22+07:00,1,27.3,reneged,
ARR_004038,ST_EVO_LAVIDA_Q7,2026-09-16T13:50:52+07:00,1,3.7,reneged,
ARR_004039,ST_EVO_AUDI_HCM,2026-09-16T13:53:58+07:00,0,4.97,served,ST_EVO_AUDI_HCM_P1
ARR_004040,ST_EVO_AUDI_HCM,2026-09-16T13:54:07+07:00,1,8.7,reneged,
ARR_004041,ST_EVO_AUDI_HCM,2026-09-16T14:16:48+07:00,0,0.0,served,ST_EVO_AUDI_HCM_P2
ARR_004042,ST_EVO_AUDI_HCM,2026-09-16T14:21:30+07:00,0,3.2,served,ST_EVO_AUDI_HCM_P3
ARR_004043,ST_EVO_DEUTSCHES_HAUS,2026-09-16T14:32:47+07:00,0,22.9,reneged,
ARR_004044,ST_EVO_DEUTSCHES_HAUS,2026-09-16T14:37:45+07:00,1,29.5,reneged,
ARR_004045,ST_EVO_LAVIDA_Q7,2026-09-16T14:45:43+07:00,0,0.0,served,ST_EVO_LAVIDA_Q7_P1
ARR_004046,ST_EVO_AUDI_HCM,2026-09-16T14:47:34+07:00,0,0.0,served,ST_EVO_AUDI_HCM_P1
ARR_004047,ST_EVO_AUDI_HCM,2026-09-16T15:07:51+07:00,0,0.0,served,ST_EVO_AUDI_HCM_P1
ARR_004048,ST_EVO_AUDI_HCM,2026-09-16T15:20:32+07:00,0,0.0,served,ST_EVO_AUDI_HCM_P2
ARR_004049,ST_EVO_AUDI_HCM,2026-09-16T15:37:41+07:00,0,0.0,served,ST_EVO_AUDI_HCM_P3
ARR_004050,ST_EVO_DEUTSCHES_HAUS,2026-09-16T15:54:00+07:00,0,0.0,served,ST_EVO_DEUTSCHES_HAUS_P1
ARR_004051,ST_EVO_AUDI_HCM,2026-09-16T16:11:50+07:00,0,0.0,served,ST_EVO_AUDI_HCM_P1
ARR_004052,ST_EVO_DEUTSCHES_HAUS,2026-09-16T16:12:11+07:00,0,0.0,served,ST_EVO_DEUTSCHES_HAUS_P2
ARR_004053,ST_EVO_AUDI_HCM,2026-09-16T16:19:00+07:00,0,0.0,served,ST_EVO_AUDI_HCM_P2
ARR_004054,ST_EVO_AUDI_HCM,2026-09-16T16:27:02+07:00,0,0.0,served,ST_EVO_AUDI_HCM_P1
ARR_004055,ST_EVO_AUDI_HCM,2026-09-16T16:29:25+07:00,0,0.0,served,ST_EVO_AUDI_HCM_P4
ARR_004056,ST_EVO_DEUTSCHES_HAUS,2026-09-16T16:32:50+07:00,0,0.0,served,ST_EVO_DEUTSCHES_HAUS_P4
ARR_004057,ST_EVO_DEUTSCHES_HAUS,2026-09-16T16:52:19+07:00,0,9.07,served,ST_EVO_DEUTSCHES_HAUS_P3
ARR_004058,ST_EVO_AUDI_HCM,2026-09-16T16:57:13+07:00,0,0.0,served,ST_EVO_AUDI_HCM_P1
ARR_004059,ST_EVO_AUDI_HCM,2026-09-16T17:12:50+07:00,0,0.0,served,ST_EVO_AUDI_HCM_P2
ARR_004060,ST_EVO_DEUTSCHES_HAUS,2026-09-16T17:30:43+07:00,0,5.13,served,ST_EVO_DEUTSCHES_HAUS_P4
ARR_004061,ST_EVO_AUDI_HCM,2026-09-16T17:42:43+07:00,0,0.0,served,ST_EVO_AUDI_HCM_P1
ARR_004062,ST_EVO_DEUTSCHES_HAUS,2026-09-16T17:52:13+07:00,0,42.2,reneged,
ARR_004063,ST_EVO_LAVIDA_Q7,2026-09-16T17:53:37+07:00,0,0.0,served,ST_EVO_LAVIDA_Q7_P1
ARR_004064,ST_EVO_LAVIDA_Q7,2026-09-16T17:54:02+07:00,0,9.7,reneged,
ARR_004065,ST_EVO_AUDI_HCM,2026-09-16T17:55:37+07:00,0,0.0,served,ST_EVO_AUDI_HCM_P2
ARR_004066,ST_EVO_AUDI_HCM,2026-09-16T18:43:42+07:00,0,0.0,served,ST_EVO_AUDI_HCM_P2
ARR_004067,ST_EVO_AUDI_HCM,2026-09-16T18:49:51+07:00,0,0.0,served,ST_EVO_AUDI_HCM_P3
ARR_004068,ST_EVO_LAVIDA_Q7,2026-09-16T18:54:12+07:00,0,0.0,served,ST_EVO_LAVIDA_Q7_P1
ARR_004069,ST_EVO_LAVIDA_Q7,2026-09-16T19:00:39+07:00,0,11.2,reneged,
ARR_004070,ST_EVO_AUDI_HCM,2026-09-16T19:19:40+07:00,0,0.0,served,ST_EVO_AUDI_HCM_P1
ARR_004071,ST_EVO_AUDI_HCM,2026-09-16T19:25:01+07:00,0,0.0,served,ST_EVO_AUDI_HCM_P2
ARR_004072,ST_EVO_AUDI_HCM,2026-09-16T19:37:12+07:00,0,1.75,served,ST_EVO_AUDI_HCM_P1
ARR_004073,ST_EVO_LAVIDA_Q7,2026-09-16T19:48:59+07:00,0,0.0,served,ST_EVO_LAVIDA_Q7_P1
ARR_004074,ST_EVO_AUDI_HCM,2026-09-16T20:15:17+07:00,0,0.0,served,ST_EVO_AUDI_HCM_P1
ARR_004075,ST_EVO_LAVIDA_Q7,2026-09-16T20:22:00+07:00,0,13.87,served,ST_EVO_LAVIDA_Q7_P1
ARR_004076,ST_EVO_DEUTSCHES_HAUS,2026-09-16T20:51:08+07:00,0,0.0,served,ST_EVO_DEUTSCHES_HAUS_P1
ARR_004077,ST_EVO_AUDI_HCM,2026-09-16T21:50:59+07:00,0,0.0,served,ST_EVO_AUDI_HCM_P1
ARR_004078,ST_EVO_AUDI_HCM,2026-09-16T23:57:26+07:00,0,0.0,served,ST_EVO_AUDI_HCM_P1
ARR_004079,ST_EVO_AUDI_HCM,2026-09-17T00:26:30+07:00,0,0.0,served,ST_EVO_AUDI_HCM_P1
ARR_004080,ST_EVO_LAVIDA_Q7,2026-09-17T03:17:55+07:00,0,0.0,served,ST_EVO_LAVIDA_Q7_P1
ARR_004081,ST_EVO_AUDI_HCM,2026-09-17T04:52:49+07:00,0,0.0,served,ST_EVO_AUDI_HCM_P1
ARR_004082,ST_EVO_AUDI_HCM,2026-09-17T05:06:29+07:00,0,0.0,served,ST_EVO_AUDI_HCM_P2
ARR_004083,ST_EVO_LAVIDA_Q7,2026-09-17T06:30:12+07:00,0,0.0,served,ST_EVO_LAVIDA_Q7_P1
ARR_004084,ST_EVO_LAVIDA_Q7,2026-09-17T06:48:44+07:00,0,0.0,served,ST_EVO_LAVIDA_Q7_P1
ARR_004085,ST_EVO_LAVIDA_Q7,2026-09-17T07:49:06+07:00,0,0.0,served,ST_EVO_LAVIDA_Q7_P1
ARR_004086,ST_EVO_DEUTSCHES_HAUS,2026-09-17T07:54:06+07:00,0,0.0,served,ST_EVO_DEUTSCHES_HAUS_P1
ARR_004087,ST_EVO_AUDI_HCM,2026-09-17T08:11:49+07:00,0,0.0,served,ST_EVO_AUDI_HCM_P1
ARR_004088,ST_EVO_AUDI_HCM,2026-09-17T08:12:56+07:00,0,0.0,served,ST_EVO_AUDI_HCM_P3
ARR_004089,ST_EVO_LAVIDA_Q7,2026-09-17T08:50:52+07:00,0,0.0,served,ST_EVO_LAVIDA_Q7_P1
ARR_004090,ST_EVO_AUDI_HCM,2026-09-17T09:10:40+07:00,0,0.0,served,ST_EVO_AUDI_HCM_P1
ARR_004091,ST_EVO_AUDI_HCM,2026-09-17T09:12:22+07:00,0,0.0,served,ST_EVO_AUDI_HCM_P4
ARR_004092,ST_EVO_LAVIDA_Q7,2026-09-17T09:22:46+07:00,0,1.1,served,ST_EVO_LAVIDA_Q7_P1
ARR_004093,ST_EVO_AUDI_HCM,2026-09-17T09:38:14+07:00,0,0.0,served,ST_EVO_AUDI_HCM_P1
ARR_004094,ST_EVO_AUDI_HCM,2026-09-17T09:55:09+07:00,0,0.0,served,ST_EVO_AUDI_HCM_P3
ARR_004095,ST_EVO_LAVIDA_Q7,2026-09-17T10:07:26+07:00,0,0.0,served,ST_EVO_LAVIDA_Q7_P1
ARR_004096,ST_EVO_AUDI_HCM,2026-09-17T10:08:33+07:00,0,0.0,served,ST_EVO_AUDI_HCM_P1
ARR_004097,ST_EVO_LAVIDA_Q7,2026-09-17T10:19:38+07:00,0,14.1,reneged,
ARR_004098,ST_EVO_AUDI_HCM,2026-09-17T10:26:22+07:00,0,0.0,served,ST_EVO_AUDI_HCM_P2
ARR_004099,ST_EVO_AUDI_HCM,2026-09-17T10:30:01+07:00,0,11.2,reneged,
ARR_004100,ST_EVO_AUDI_HCM,2026-09-17T10:33:35+07:00,1,13.87,served,ST_EVO_AUDI_HCM_P4
ARR_004101,ST_EVO_LAVIDA_Q7,2026-09-17T11:03:33+07:00,0,0.0,served,ST_EVO_LAVIDA_Q7_P1
ARR_004102,ST_EVO_DEUTSCHES_HAUS,2026-09-17T11:08:51+07:00,0,0.0,served,ST_EVO_DEUTSCHES_HAUS_P2
ARR_004103,ST_EVO_DEUTSCHES_HAUS,2026-09-17T11:24:06+07:00,0,0.0,served,ST_EVO_DEUTSCHES_HAUS_P1
ARR_004104,ST_EVO_DEUTSCHES_HAUS,2026-09-17T11:42:59+07:00,0,0.0,served,ST_EVO_DEUTSCHES_HAUS_P3
ARR_004105,ST_EVO_AUDI_HCM,2026-09-17T11:45:53+07:00,0,0.0,served,ST_EVO_AUDI_HCM_P1
ARR_004106,ST_EVO_LAVIDA_Q7,2026-09-17T11:59:32+07:00,0,5.3,served,ST_EVO_LAVIDA_Q7_P1
ARR_004107,ST_EVO_LAVIDA_Q7,2026-09-17T12:14:28+07:00,0,21.28,served,ST_EVO_LAVIDA_Q7_P1
ARR_004108,ST_EVO_AUDI_HCM,2026-09-17T12:17:36+07:00,0,0.0,served,ST_EVO_AUDI_HCM_P1
ARR_004109,ST_EVO_AUDI_HCM,2026-09-17T12:18:18+07:00,0,0.0,served,ST_EVO_AUDI_HCM_P2
ARR_004110,ST_EVO_AUDI_HCM,2026-09-17T12:18:34+07:00,0,0.0,served,ST_EVO_AUDI_HCM_P3
ARR_004111,ST_EVO_DEUTSCHES_HAUS,2026-09-17T12:18:35+07:00,0,0.0,served,ST_EVO_DEUTSCHES_HAUS_P4
ARR_004112,ST_EVO_AUDI_HCM,2026-09-17T12:22:14+07:00,0,20.3,reneged,
ARR_004113,ST_EVO_AUDI_HCM,2026-09-17T12:34:45+07:00,1,23.53,served,ST_EVO_AUDI_HCM_P2
ARR_004114,ST_EVO_DEUTSCHES_HAUS,2026-09-17T12:36:32+07:00,0,25.2,reneged,
ARR_004115,ST_EVO_DEUTSCHES_HAUS,2026-09-17T12:39:39+07:00,1,16.4,reneged,
ARR_004116,ST_EVO_LAVIDA_Q7,2026-09-17T12:43:13+07:00,0,8.8,reneged,
ARR_004117,ST_EVO_AUDI_HCM,2026-09-17T12:48:52+07:00,1,27.2,served,ST_EVO_AUDI_HCM_P1
ARR_004118,ST_EVO_AUDI_HCM,2026-09-17T12:55:59+07:00,2,29.4,reneged,
ARR_004119,ST_EVO_DEUTSCHES_HAUS,2026-09-17T13:05:24+07:00,0,37.7,reneged,
ARR_004120,ST_EVO_AUDI_HCM,2026-09-17T13:19:18+07:00,1,8.62,served,ST_EVO_AUDI_HCM_P2
ARR_004121,ST_EVO_LAVIDA_Q7,2026-09-17T13:25:26+07:00,0,0.0,served,ST_EVO_LAVIDA_Q7_P1
ARR_004122,ST_EVO_AUDI_HCM,2026-09-17T13:37:16+07:00,0,0.0,served,ST_EVO_AUDI_HCM_P1
ARR_004123,ST_EVO_DEUTSCHES_HAUS,2026-09-17T13:39:02+07:00,1,21.1,reneged,
ARR_004124,ST_EVO_AUDI_HCM,2026-09-17T13:46:02+07:00,0,5.75,served,ST_EVO_AUDI_HCM_P2
ARR_004125,ST_EVO_LAVIDA_Q7,2026-09-17T13:49:12+07:00,0,9.9,reneged,
ARR_004126,ST_EVO_AUDI_HCM,2026-09-17T13:54:29+07:00,0,14.4,reneged,
ARR_004127,ST_EVO_AUDI_HCM,2026-09-17T14:22:24+07:00,0,0.0,served,ST_EVO_AUDI_HCM_P1
ARR_004128,ST_EVO_AUDI_HCM,2026-09-17T14:23:31+07:00,0,1.78,served,ST_EVO_AUDI_HCM_P2
ARR_004129,ST_EVO_AUDI_HCM,2026-09-17T14:40:10+07:00,0,8.93,served,ST_EVO_AUDI_HCM_P1
ARR_004130,ST_EVO_AUDI_HCM,2026-09-17T15:04:29+07:00,0,0.35,served,ST_EVO_AUDI_HCM_P1
ARR_004131,ST_EVO_DEUTSCHES_HAUS,2026-09-17T15:10:23+07:00,0,0.0,served,ST_EVO_DEUTSCHES_HAUS_P3
ARR_004132,ST_EVO_AUDI_HCM,2026-09-17T15:10:32+07:00,0,11.6,served,ST_EVO_AUDI_HCM_P2
ARR_004133,ST_EVO_AUDI_HCM,2026-09-17T15:18:54+07:00,1,14.95,served,ST_EVO_AUDI_HCM_P2
ARR_004134,ST_EVO_DEUTSCHES_HAUS,2026-09-17T15:22:23+07:00,0,0.0,served,ST_EVO_DEUTSCHES_HAUS_P2
ARR_004135,ST_EVO_AUDI_HCM,2026-09-17T15:27:12+07:00,1,10.78,served,ST_EVO_AUDI_HCM_P1
ARR_004136,ST_EVO_AUDI_HCM,2026-09-17T15:32:23+07:00,2,10.2,reneged,
ARR_004137,ST_EVO_AUDI_HCM,2026-09-17T15:56:36+07:00,0,0.0,served,ST_EVO_AUDI_HCM_P2
ARR_004138,ST_EVO_AUDI_HCM,2026-09-17T16:11:05+07:00,0,0.0,served,ST_EVO_AUDI_HCM_P1
ARR_004139,ST_EVO_AUDI_HCM,2026-09-17T16:13:49+07:00,0,2.67,served,ST_EVO_AUDI_HCM_P4
ARR_004140,ST_EVO_DEUTSCHES_HAUS,2026-09-17T16:31:38+07:00,0,0.0,served,ST_EVO_DEUTSCHES_HAUS_P1
ARR_004141,ST_EVO_AUDI_HCM,2026-09-17T16:43:22+07:00,0,0.0,served,ST_EVO_AUDI_HCM_P1
ARR_004142,ST_EVO_AUDI_HCM,2026-09-17T16:58:52+07:00,0,0.0,served,ST_EVO_AUDI_HCM_P2
ARR_004143,ST_EVO_DEUTSCHES_HAUS,2026-09-17T17:16:28+07:00,0,0.0,served,ST_EVO_DEUTSCHES_HAUS_P4
ARR_004144,ST_EVO_DEUTSCHES_HAUS,2026-09-17T17:29:16+07:00,0,0.0,served,ST_EVO_DEUTSCHES_HAUS_P3
ARR_004145,ST_EVO_LAVIDA_Q7,2026-09-17T17:36:50+07:00,0,0.0,served,ST_EVO_LAVIDA_Q7_P1
ARR_004146,ST_EVO_AUDI_HCM,2026-09-17T17:38:26+07:00,0,0.0,served,ST_EVO_AUDI_HCM_P1
ARR_004147,ST_EVO_AUDI_HCM,2026-09-17T17:49:35+07:00,0,0.0,served,ST_EVO_AUDI_HCM_P2
ARR_004148,ST_EVO_AUDI_HCM,2026-09-17T17:49:50+07:00,0,0.0,served,ST_EVO_AUDI_HCM_P3
ARR_004149,ST_EVO_LAVIDA_Q7,2026-09-17T18:08:16+07:00,0,0.0,served,ST_EVO_LAVIDA_Q7_P1
ARR_004150,ST_EVO_DEUTSCHES_HAUS,2026-09-17T18:17:51+07:00,0,8.8,reneged,
ARR_004151,ST_EVO_LAVIDA_Q7,2026-09-17T18:21:19+07:00,0,21.7,reneged,
ARR_004152,ST_EVO_AUDI_HCM,2026-09-17T18:24:30+07:00,0,0.0,served,ST_EVO_AUDI_HCM_P1
ARR_004153,ST_EVO_LAVIDA_Q7,2026-09-17T18:56:14+07:00,0,0.0,served,ST_EVO_LAVIDA_Q7_P1
ARR_004154,ST_EVO_DEUTSCHES_HAUS,2026-09-17T18:56:27+07:00,0,15.5,reneged,
ARR_004155,ST_EVO_AUDI_HCM,2026-09-17T18:57:18+07:00,0,0.0,served,ST_EVO_AUDI_HCM_P2
ARR_004156,ST_EVO_LAVIDA_Q7,2026-09-17T19:08:01+07:00,0,14.6,reneged,
ARR_004157,ST_EVO_AUDI_HCM,2026-09-17T19:08:54+07:00,0,0.0,served,ST_EVO_AUDI_HCM_P1
ARR_004158,ST_EVO_DEUTSCHES_HAUS,2026-09-17T19:19:12+07:00,0,0.0,served,ST_EVO_DEUTSCHES_HAUS_P2
ARR_004159,ST_EVO_AUDI_HCM,2026-09-17T19:33:09+07:00,0,0.0,served,ST_EVO_AUDI_HCM_P1
ARR_004160,ST_EVO_AUDI_HCM,2026-09-17T19:35:20+07:00,0,0.0,served,ST_EVO_AUDI_HCM_P2
ARR_004161,ST_EVO_AUDI_HCM,2026-09-17T19:40:53+07:00,0,11.08,served,ST_EVO_AUDI_HCM_P4
ARR_004162,ST_EVO_DEUTSCHES_HAUS,2026-09-17T19:49:02+07:00,0,11.53,served,ST_EVO_DEUTSCHES_HAUS_P1
ARR_004163,ST_EVO_AUDI_HCM,2026-09-17T20:03:20+07:00,0,0.0,served,ST_EVO_AUDI_HCM_P2
ARR_004164,ST_EVO_DEUTSCHES_HAUS,2026-09-17T20:15:05+07:00,0,21.4,reneged,
ARR_004165,ST_EVO_AUDI_HCM,2026-09-17T20:24:35+07:00,0,0.0,served,ST_EVO_AUDI_HCM_P1
ARR_004166,ST_EVO_AUDI_HCM,2026-09-17T20:54:58+07:00,0,0.0,served,ST_EVO_AUDI_HCM_P2
ARR_004167,ST_EVO_DEUTSCHES_HAUS,2026-09-17T21:05:47+07:00,0,11.9,reneged,
ARR_004168,ST_EVO_AUDI_HCM,2026-09-17T21:09:21+07:00,0,0.0,served,ST_EVO_AUDI_HCM_P1
ARR_004169,ST_EVO_AUDI_HCM,2026-09-17T21:10:07+07:00,0,14.9,reneged,
ARR_004170,ST_EVO_AUDI_HCM,2026-09-17T21:17:42+07:00,1,9.03,served,ST_EVO_AUDI_HCM_P3
ARR_004171,ST_EVO_AUDI_HCM,2026-09-17T21:34:19+07:00,0,0.0,served,ST_EVO_AUDI_HCM_P1
ARR_004172,ST_EVO_AUDI_HCM,2026-09-17T22:36:22+07:00,0,0.0,served,ST_EVO_AUDI_HCM_P1
ARR_004173,ST_EVO_LAVIDA_Q7,2026-09-17T22:54:27+07:00,0,0.0,served,ST_EVO_LAVIDA_Q7_P1
ARR_004174,ST_EVO_AUDI_HCM,2026-09-17T23:34:01+07:00,0,0.0,served,ST_EVO_AUDI_HCM_P2
ARR_004175,ST_EVO_DEUTSCHES_HAUS,2026-09-18T03:08:02+07:00,0,0.0,served,ST_EVO_DEUTSCHES_HAUS_P1
ARR_004176,ST_EVO_DEUTSCHES_HAUS,2026-09-18T06:24:20+07:00,0,0.0,served,ST_EVO_DEUTSCHES_HAUS_P1
ARR_004177,ST_EVO_DEUTSCHES_HAUS,2026-09-18T06:26:53+07:00,0,0.0,served,ST_EVO_DEUTSCHES_HAUS_P2
ARR_004178,ST_EVO_DEUTSCHES_HAUS,2026-09-18T06:34:10+07:00,0,0.0,served,ST_EVO_DEUTSCHES_HAUS_P3
ARR_004179,ST_EVO_LAVIDA_Q7,2026-09-18T07:18:29+07:00,0,0.0,served,ST_EVO_LAVIDA_Q7_P1
ARR_004180,ST_EVO_AUDI_HCM,2026-09-18T07:23:22+07:00,0,0.0,served,ST_EVO_AUDI_HCM_P1
ARR_004181,ST_EVO_AUDI_HCM,2026-09-18T08:16:28+07:00,0,0.0,served,ST_EVO_AUDI_HCM_P1
ARR_004182,ST_EVO_AUDI_HCM,2026-09-18T08:26:44+07:00,0,0.0,served,ST_EVO_AUDI_HCM_P3
ARR_004183,ST_EVO_AUDI_HCM,2026-09-18T08:56:40+07:00,0,0.0,served,ST_EVO_AUDI_HCM_P1
ARR_004184,ST_EVO_AUDI_HCM,2026-09-18T09:03:49+07:00,0,0.0,served,ST_EVO_AUDI_HCM_P4
ARR_004185,ST_EVO_LAVIDA_Q7,2026-09-18T09:05:18+07:00,0,0.0,served,ST_EVO_LAVIDA_Q7_P1
ARR_004186,ST_EVO_AUDI_HCM,2026-09-18T09:18:22+07:00,0,12.95,served,ST_EVO_AUDI_HCM_P1
ARR_004187,ST_EVO_LAVIDA_Q7,2026-09-18T09:29:55+07:00,0,11.13,served,ST_EVO_LAVIDA_Q7_P1
ARR_004188,ST_EVO_AUDI_HCM,2026-09-18T09:49:40+07:00,0,1.43,served,ST_EVO_AUDI_HCM_P2
ARR_004189,ST_EVO_AUDI_HCM,2026-09-18T10:01:24+07:00,0,11.6,served,ST_EVO_AUDI_HCM_P2
ARR_004190,ST_EVO_DEUTSCHES_HAUS,2026-09-18T10:08:01+07:00,0,0.0,served,ST_EVO_DEUTSCHES_HAUS_P3
ARR_004191,ST_EVO_LAVIDA_Q7,2026-09-18T10:32:33+07:00,0,0.0,served,ST_EVO_LAVIDA_Q7_P1
ARR_004192,ST_EVO_AUDI_HCM,2026-09-18T10:46:17+07:00,0,0.0,served,ST_EVO_AUDI_HCM_P1
ARR_004193,ST_EVO_AUDI_HCM,2026-09-18T11:04:12+07:00,0,0.0,served,ST_EVO_AUDI_HCM_P2
ARR_004194,ST_EVO_LAVIDA_Q7,2026-09-18T11:06:37+07:00,0,0.0,served,ST_EVO_LAVIDA_Q7_P1
ARR_004195,ST_EVO_LAVIDA_Q7,2026-09-18T11:14:07+07:00,0,11.4,reneged,
ARR_004196,ST_EVO_AUDI_HCM,2026-09-18T11:23:58+07:00,0,0.0,served,ST_EVO_AUDI_HCM_P3
ARR_004197,ST_EVO_DEUTSCHES_HAUS,2026-09-18T11:26:50+07:00,0,0.0,served,ST_EVO_DEUTSCHES_HAUS_P4
ARR_004198,ST_EVO_AUDI_HCM,2026-09-18T11:27:51+07:00,0,0.0,served,ST_EVO_AUDI_HCM_P1
ARR_004199,ST_EVO_AUDI_HCM,2026-09-18T12:01:45+07:00,0,0.0,served,ST_EVO_AUDI_HCM_P2
ARR_004200,ST_EVO_LAVIDA_Q7,2026-09-18T12:02:33+07:00,0,0.0,served,ST_EVO_LAVIDA_Q7_P1
ARR_004201,ST_EVO_AUDI_HCM,2026-09-18T12:05:20+07:00,0,0.0,served,ST_EVO_AUDI_HCM_P4
ARR_004202,ST_EVO_AUDI_HCM,2026-09-18T12:16:23+07:00,0,5.78,served,ST_EVO_AUDI_HCM_P1
ARR_004203,ST_EVO_AUDI_HCM,2026-09-18T12:16:32+07:00,1,22.9,reneged,
ARR_004204,ST_EVO_AUDI_HCM,2026-09-18T12:28:12+07:00,1,17.5,reneged,
ARR_004205,ST_EVO_AUDI_HCM,2026-09-18T12:41:04+07:00,1,10.35,served,ST_EVO_AUDI_HCM_P2
ARR_004206,ST_EVO_AUDI_HCM,2026-09-18T12:44:00+07:00,2,20.65,served,ST_EVO_AUDI_HCM_P1
ARR_004207,ST_EVO_DEUTSCHES_HAUS,2026-09-18T12:48:05+07:00,0,0.0,served,ST_EVO_DEUTSCHES_HAUS_P2
ARR_004208,ST_EVO_DEUTSCHES_HAUS,2026-09-18T12:57:00+07:00,0,0.03,served,ST_EVO_DEUTSCHES_HAUS_P1
ARR_004209,ST_EVO_AUDI_HCM,2026-09-18T12:59:25+07:00,1,5.2,reneged,
ARR_004210,ST_EVO_AUDI_HCM,2026-09-18T13:02:32+07:00,2,11.3,reneged,
ARR_004211,ST_EVO_LAVIDA_Q7,2026-09-18T13:08:18+07:00,0,0.0,served,ST_EVO_LAVIDA_Q7_P1
ARR_004212,ST_EVO_DEUTSCHES_HAUS,2026-09-18T13:12:00+07:00,0,20.0,reneged,
ARR_004213,ST_EVO_LAVIDA_Q7,2026-09-18T13:17:49+07:00,0,4.7,reneged,
ARR_004214,ST_EVO_AUDI_HCM,2026-09-18T13:18:00+07:00,0,8.82,served,ST_EVO_AUDI_HCM_P2
ARR_004215,ST_EVO_LAVIDA_Q7,2026-09-18T13:31:13+07:00,0,11.73,served,ST_EVO_LAVIDA_Q7_P1
ARR_004216,ST_EVO_AUDI_HCM,2026-09-18T13:36:09+07:00,0,15.37,served,ST_EVO_AUDI_HCM_P1
ARR_004217,ST_EVO_AUDI_HCM,2026-09-18T13:43:18+07:00,1,11.2,reneged,
ARR_004218,ST_EVO_AUDI_HCM,2026-09-18T14:25:23+07:00,0,0.0,served,ST_EVO_AUDI_HCM_P1
ARR_004219,ST_EVO_LAVIDA_Q7,2026-09-18T14:28:13+07:00,0,0.0,served,ST_EVO_LAVIDA_Q7_P1
ARR_004220,ST_EVO_AUDI_HCM,2026-09-18T14:46:24+07:00,0,0.0,served,ST_EVO_AUDI_HCM_P2
ARR_004221,ST_EVO_AUDI_HCM,2026-09-18T14:50:25+07:00,0,0.0,served,ST_EVO_AUDI_HCM_P1
ARR_004222,ST_EVO_LAVIDA_Q7,2026-09-18T14:54:03+07:00,0,20.4,reneged,
ARR_004223,ST_EVO_AUDI_HCM,2026-09-18T15:04:54+07:00,0,14.3,served,ST_EVO_AUDI_HCM_P2
ARR_004224,ST_EVO_AUDI_HCM,2026-09-18T15:05:48+07:00,1,16.2,reneged,
ARR_004225,ST_EVO_AUDI_HCM,2026-09-18T15:07:59+07:00,2,15.48,served,ST_EVO_AUDI_HCM_P3
ARR_004226,ST_EVO_DEUTSCHES_HAUS,2026-09-18T15:26:26+07:00,0,29.55,served,ST_EVO_DEUTSCHES_HAUS_P3
ARR_004227,ST_EVO_DEUTSCHES_HAUS,2026-09-18T15:30:20+07:00,1,27.9,served,ST_EVO_DEUTSCHES_HAUS_P4
ARR_004228,ST_EVO_AUDI_HCM,2026-09-18T15:53:03+07:00,0,0.0,served,ST_EVO_AUDI_HCM_P1
ARR_004229,ST_EVO_AUDI_HCM,2026-09-18T16:00:33+07:00,0,0.0,served,ST_EVO_AUDI_HCM_P2
ARR_004230,ST_EVO_DEUTSCHES_HAUS,2026-09-18T16:04:42+07:00,0,36.3,reneged,
ARR_004231,ST_EVO_LAVIDA_Q7,2026-09-18T16:05:03+07:00,0,0.0,served,ST_EVO_LAVIDA_Q7_P1
ARR_004232,ST_EVO_AUDI_HCM,2026-09-18T16:05:58+07:00,0,12.9,reneged,
ARR_004233,ST_EVO_AUDI_HCM,2026-09-18T16:13:25+07:00,1,24.95,served,ST_EVO_AUDI_HCM_P1
ARR_004234,ST_EVO_LAVIDA_Q7,2026-09-18T16:14:50+07:00,0,9.7,served,ST_EVO_LAVIDA_Q7_P1
ARR_004235,ST_EVO_AUDI_HCM,2026-09-18T16:17:26+07:00,2,13.6,reneged,
ARR_004236,ST_EVO_AUDI_HCM,2026-09-18T16:18:01+07:00,3,11.6,reneged,
ARR_004237,ST_EVO_AUDI_HCM,2026-09-18T16:26:58+07:00,3,17.3,reneged,
ARR_004238,ST_EVO_AUDI_HCM,2026-09-18T16:34:52+07:00,2,14.82,served,ST_EVO_AUDI_HCM_P1
ARR_004239,ST_EVO_AUDI_HCM,2026-09-18T16:50:26+07:00,0,1.9,served,ST_EVO_AUDI_HCM_P2
ARR_004240,ST_EVO_DEUTSCHES_HAUS,2026-09-18T17:49:01+07:00,0,0.0,served,ST_EVO_DEUTSCHES_HAUS_P2
ARR_004241,ST_EVO_AUDI_HCM,2026-09-18T17:49:53+07:00,0,0.0,served,ST_EVO_AUDI_HCM_P1
ARR_004242,ST_EVO_LAVIDA_Q7,2026-09-18T17:52:49+07:00,0,0.0,served,ST_EVO_LAVIDA_Q7_P1
ARR_004243,ST_EVO_LAVIDA_Q7,2026-09-18T18:10:51+07:00,0,7.37,served,ST_EVO_LAVIDA_Q7_P1
ARR_004244,ST_EVO_AUDI_HCM,2026-09-18T18:15:58+07:00,0,0.0,served,ST_EVO_AUDI_HCM_P1
ARR_004245,ST_EVO_DEUTSCHES_HAUS,2026-09-18T18:26:57+07:00,0,21.5,reneged,
ARR_004246,ST_EVO_DEUTSCHES_HAUS,2026-09-18T18:34:06+07:00,1,19.2,reneged,
ARR_004247,ST_EVO_LAVIDA_Q7,2026-09-18T18:35:15+07:00,0,0.95,served,ST_EVO_LAVIDA_Q7_P1
ARR_004248,ST_EVO_LAVIDA_Q7,2026-09-18T18:36:21+07:00,0,15.8,reneged,
ARR_004249,ST_EVO_AUDI_HCM,2026-09-18T18:39:32+07:00,0,0.0,served,ST_EVO_AUDI_HCM_P2
ARR_004250,ST_EVO_LAVIDA_Q7,2026-09-18T19:05:48+07:00,0,18.3,reneged,
ARR_004251,ST_EVO_DEUTSCHES_HAUS,2026-09-18T19:12:36+07:00,0,0.0,served,ST_EVO_DEUTSCHES_HAUS_P1
ARR_004252,ST_EVO_AUDI_HCM,2026-09-18T19:15:12+07:00,0,0.0,served,ST_EVO_AUDI_HCM_P1
ARR_004253,ST_EVO_LAVIDA_Q7,2026-09-18T19:38:52+07:00,0,11.08,served,ST_EVO_LAVIDA_Q7_P1
ARR_004254,ST_EVO_AUDI_HCM,2026-09-18T19:54:02+07:00,0,0.0,served,ST_EVO_AUDI_HCM_P1
ARR_004255,ST_EVO_AUDI_HCM,2026-09-18T20:23:38+07:00,0,0.0,served,ST_EVO_AUDI_HCM_P1
ARR_004256,ST_EVO_AUDI_HCM,2026-09-18T20:49:04+07:00,0,0.0,served,ST_EVO_AUDI_HCM_P1
ARR_004257,ST_EVO_LAVIDA_Q7,2026-09-18T21:27:55+07:00,0,0.0,served,ST_EVO_LAVIDA_Q7_P1
ARR_004258,ST_EVO_AUDI_HCM,2026-09-18T21:35:33+07:00,0,0.0,served,ST_EVO_AUDI_HCM_P1
ARR_004259,ST_EVO_LAVIDA_Q7,2026-09-18T22:57:55+07:00,0,0.0,served,ST_EVO_LAVIDA_Q7_P1
ARR_004260,ST_EVO_DEUTSCHES_HAUS,2026-09-18T23:53:34+07:00,0,0.0,served,ST_EVO_DEUTSCHES_HAUS_P1
ARR_004261,ST_EVO_AUDI_HCM,2026-09-18T23:54:59+07:00,0,0.0,served,ST_EVO_AUDI_HCM_P1
ARR_004262,ST_EVO_AUDI_HCM,2026-09-19T01:15:55+07:00,0,0.0,served,ST_EVO_AUDI_HCM_P1
ARR_004263,ST_EVO_AUDI_HCM,2026-09-19T01:56:22+07:00,0,0.0,served,ST_EVO_AUDI_HCM_P1
ARR_004264,ST_EVO_AUDI_HCM,2026-09-19T01:59:05+07:00,0,0.0,served,ST_EVO_AUDI_HCM_P2
ARR_004265,ST_EVO_AUDI_HCM,2026-09-19T03:12:40+07:00,0,0.0,served,ST_EVO_AUDI_HCM_P1
ARR_004266,ST_EVO_AUDI_HCM,2026-09-19T05:42:28+07:00,0,0.0,served,ST_EVO_AUDI_HCM_P1
ARR_004267,ST_EVO_DEUTSCHES_HAUS,2026-09-19T05:43:57+07:00,0,0.0,served,ST_EVO_DEUTSCHES_HAUS_P1
ARR_004268,ST_EVO_AUDI_HCM,2026-09-19T06:16:00+07:00,0,0.0,served,ST_EVO_AUDI_HCM_P2
ARR_004269,ST_EVO_AUDI_HCM,2026-09-19T06:28:10+07:00,0,0.0,served,ST_EVO_AUDI_HCM_P1
ARR_004270,ST_EVO_AUDI_HCM,2026-09-19T07:03:05+07:00,0,0.0,served,ST_EVO_AUDI_HCM_P1
ARR_004271,ST_EVO_AUDI_HCM,2026-09-19T07:18:00+07:00,0,0.0,served,ST_EVO_AUDI_HCM_P2
ARR_004272,ST_EVO_DEUTSCHES_HAUS,2026-09-19T07:27:30+07:00,0,0.0,served,ST_EVO_DEUTSCHES_HAUS_P2
ARR_004273,ST_EVO_AUDI_HCM,2026-09-19T08:02:46+07:00,0,0.0,served,ST_EVO_AUDI_HCM_P1
ARR_004274,ST_EVO_AUDI_HCM,2026-09-19T08:26:38+07:00,0,0.0,served,ST_EVO_AUDI_HCM_P2
ARR_004275,ST_EVO_AUDI_HCM,2026-09-19T08:56:16+07:00,0,0.0,served,ST_EVO_AUDI_HCM_P1
ARR_004276,ST_EVO_DEUTSCHES_HAUS,2026-09-19T09:24:59+07:00,0,0.0,served,ST_EVO_DEUTSCHES_HAUS_P2
ARR_004277,ST_EVO_AUDI_HCM,2026-09-19T09:42:14+07:00,0,0.0,served,ST_EVO_AUDI_HCM_P1
ARR_004278,ST_EVO_DEUTSCHES_HAUS,2026-09-19T09:47:57+07:00,0,0.0,served,ST_EVO_DEUTSCHES_HAUS_P3
ARR_004279,ST_EVO_DEUTSCHES_HAUS,2026-09-19T10:13:05+07:00,0,0.0,served,ST_EVO_DEUTSCHES_HAUS_P4
ARR_004280,ST_EVO_DEUTSCHES_HAUS,2026-09-19T10:18:21+07:00,0,39.5,reneged,
ARR_004281,ST_EVO_AUDI_HCM,2026-09-19T10:23:06+07:00,0,0.0,served,ST_EVO_AUDI_HCM_P2
ARR_004282,ST_EVO_AUDI_HCM,2026-09-19T10:30:40+07:00,0,0.0,served,ST_EVO_AUDI_HCM_P1
ARR_004283,ST_EVO_AUDI_HCM,2026-09-19T10:46:08+07:00,0,0.0,served,ST_EVO_AUDI_HCM_P3
ARR_004284,ST_EVO_AUDI_HCM,2026-09-19T10:51:05+07:00,0,0.0,served,ST_EVO_AUDI_HCM_P4
ARR_004285,ST_EVO_DEUTSCHES_HAUS,2026-09-19T11:07:47+07:00,0,0.18,served,ST_EVO_DEUTSCHES_HAUS_P1
ARR_004286,ST_EVO_DEUTSCHES_HAUS,2026-09-19T11:42:23+07:00,0,27.42,served,ST_EVO_DEUTSCHES_HAUS_P1
ARR_004287,ST_EVO_AUDI_HCM,2026-09-19T11:44:55+07:00,0,0.0,served,ST_EVO_AUDI_HCM_P1
ARR_004288,ST_EVO_AUDI_HCM,2026-09-19T12:01:51+07:00,0,0.0,served,ST_EVO_AUDI_HCM_P2
ARR_004289,ST_EVO_DEUTSCHES_HAUS,2026-09-19T12:17:27+07:00,0,37.0,reneged,
ARR_004290,ST_EVO_AUDI_HCM,2026-09-19T12:24:37+07:00,0,0.0,served,ST_EVO_AUDI_HCM_P1
ARR_004291,ST_EVO_AUDI_HCM,2026-09-19T12:27:46+07:00,0,14.1,reneged,
ARR_004292,ST_EVO_AUDI_HCM,2026-09-19T12:29:26+07:00,1,19.65,served,ST_EVO_AUDI_HCM_P2
ARR_004293,ST_EVO_AUDI_HCM,2026-09-19T12:30:53+07:00,2,16.2,reneged,
ARR_004294,ST_EVO_DEUTSCHES_HAUS,2026-09-19T12:31:24+07:00,1,34.1,reneged,
ARR_004295,ST_EVO_LAVIDA_Q7,2026-09-19T12:38:02+07:00,0,0.0,served,ST_EVO_LAVIDA_Q7_P1
ARR_004296,ST_EVO_AUDI_HCM,2026-09-19T12:50:14+07:00,0,3.08,served,ST_EVO_AUDI_HCM_P1
ARR_004297,ST_EVO_DEUTSCHES_HAUS,2026-09-19T12:50:51+07:00,2,37.3,reneged,
ARR_004298,ST_EVO_LAVIDA_Q7,2026-09-19T13:01:20+07:00,0,49.3,reneged,
ARR_004299,ST_EVO_DEUTSCHES_HAUS,2026-09-19T13:04:57+07:00,2,12.5,reneged,
ARR_004300,ST_EVO_DEUTSCHES_HAUS,2026-09-19T13:14:48+07:00,2,42.6,reneged,
ARR_004301,ST_EVO_AUDI_HCM,2026-09-19T13:29:40+07:00,0,0.0,served,ST_EVO_AUDI_HCM_P2
ARR_004302,ST_EVO_LAVIDA_Q7,2026-09-19T13:29:54+07:00,1,9.3,reneged,
ARR_004303,ST_EVO_LAVIDA_Q7,2026-09-19T13:31:14+07:00,2,25.6,reneged,
ARR_004304,ST_EVO_AUDI_HCM,2026-09-19T13:34:40+07:00,0,0.0,served,ST_EVO_AUDI_HCM_P4
ARR_004305,ST_EVO_AUDI_HCM,2026-09-19T13:41:37+07:00,0,7.83,served,ST_EVO_AUDI_HCM_P1
ARR_004306,ST_EVO_LAVIDA_Q7,2026-09-19T13:44:15+07:00,2,19.65,served,ST_EVO_LAVIDA_Q7_P1
ARR_004307,ST_EVO_DEUTSCHES_HAUS,2026-09-19T13:52:37+07:00,1,23.4,reneged,
ARR_004308,ST_EVO_LAVIDA_Q7,2026-09-19T14:06:47+07:00,0,28.0,reneged,
ARR_004309,ST_EVO_AUDI_HCM,2026-09-19T14:09:34+07:00,0,16.4,reneged,
ARR_004310,ST_EVO_DEUTSCHES_HAUS,2026-09-19T14:10:28+07:00,1,9.0,reneged,
ARR_004311,ST_EVO_AUDI_HCM,2026-09-19T14:13:37+07:00,1,12.6,served,ST_EVO_AUDI_HCM_P1
ARR_004312,ST_EVO_AUDI_HCM,2026-09-19T14:19:09+07:00,2,7.72,served,ST_EVO_AUDI_HCM_P2
ARR_004313,ST_EVO_AUDI_HCM,2026-09-19T14:20:14+07:00,3,28.67,served,ST_EVO_AUDI_HCM_P2
ARR_004314,ST_EVO_LAVIDA_Q7,2026-09-19T14:22:06+07:00,1,27.18,served,ST_EVO_LAVIDA_Q7_P1
ARR_004315,ST_EVO_AUDI_HCM,2026-09-19T14:43:41+07:00,1,22.57,served,ST_EVO_AUDI_HCM_P2
ARR_004316,ST_EVO_LAVIDA_Q7,2026-09-19T14:51:40+07:00,0,30.0,reneged,
ARR_004317,ST_EVO_LAVIDA_Q7,2026-09-19T14:52:45+07:00,1,8.8,reneged,
ARR_004318,ST_EVO_DEUTSCHES_HAUS,2026-09-19T15:03:18+07:00,0,0.0,served,ST_EVO_DEUTSCHES_HAUS_P2
ARR_004319,ST_EVO_AUDI_HCM,2026-09-19T15:24:55+07:00,0,0.0,served,ST_EVO_AUDI_HCM_P2
ARR_004320,ST_EVO_AUDI_HCM,2026-09-19T15:31:52+07:00,0,0.0,served,ST_EVO_AUDI_HCM_P1
ARR_004321,ST_EVO_AUDI_HCM,2026-09-19T15:44:23+07:00,0,0.0,served,ST_EVO_AUDI_HCM_P3
ARR_004322,ST_EVO_AUDI_HCM,2026-09-19T16:13:27+07:00,0,0.0,served,ST_EVO_AUDI_HCM_P1
ARR_004323,ST_EVO_AUDI_HCM,2026-09-19T16:29:15+07:00,0,0.0,served,ST_EVO_AUDI_HCM_P2
ARR_004324,ST_EVO_AUDI_HCM,2026-09-19T16:31:53+07:00,0,2.98,served,ST_EVO_AUDI_HCM_P1
ARR_004325,ST_EVO_DEUTSCHES_HAUS,2026-09-19T16:40:08+07:00,0,0.0,served,ST_EVO_DEUTSCHES_HAUS_P1
ARR_004326,ST_EVO_AUDI_HCM,2026-09-19T16:49:37+07:00,0,20.8,reneged,
ARR_004327,ST_EVO_AUDI_HCM,2026-09-19T16:52:15+07:00,1,16.8,reneged,
ARR_004328,ST_EVO_AUDI_HCM,2026-09-19T16:54:12+07:00,2,12.2,reneged,
ARR_004329,ST_EVO_AUDI_HCM,2026-09-19T17:00:38+07:00,3,10.52,served,ST_EVO_AUDI_HCM_P2
ARR_004330,ST_EVO_LAVIDA_Q7,2026-09-19T17:28:22+07:00,0,0.0,served,ST_EVO_LAVIDA_Q7_P1
ARR_004331,ST_EVO_AUDI_HCM,2026-09-19T17:46:11+07:00,0,0.0,served,ST_EVO_AUDI_HCM_P1
ARR_004332,ST_EVO_DEUTSCHES_HAUS,2026-09-19T17:46:31+07:00,0,0.0,served,ST_EVO_DEUTSCHES_HAUS_P2
ARR_004333,ST_EVO_DEUTSCHES_HAUS,2026-09-19T17:52:15+07:00,0,0.0,served,ST_EVO_DEUTSCHES_HAUS_P3
ARR_004334,ST_EVO_AUDI_HCM,2026-09-19T18:07:35+07:00,0,0.0,served,ST_EVO_AUDI_HCM_P2
ARR_004335,ST_EVO_AUDI_HCM,2026-09-19T18:12:44+07:00,0,6.33,served,ST_EVO_AUDI_HCM_P2
ARR_004336,ST_EVO_AUDI_HCM,2026-09-19T18:24:16+07:00,0,0.0,served,ST_EVO_AUDI_HCM_P3
ARR_004337,ST_EVO_LAVIDA_Q7,2026-09-19T18:29:36+07:00,0,0.0,served,ST_EVO_LAVIDA_Q7_P1
ARR_004338,ST_EVO_AUDI_HCM,2026-09-19T18:30:29+07:00,0,14.7,reneged,
ARR_004339,ST_EVO_AUDI_HCM,2026-09-19T18:34:58+07:00,1,12.65,served,ST_EVO_AUDI_HCM_P1
ARR_004340,ST_EVO_LAVIDA_Q7,2026-09-19T18:39:11+07:00,0,17.23,served,ST_EVO_LAVIDA_Q7_P1
ARR_004341,ST_EVO_AUDI_HCM,2026-09-19T18:55:30+07:00,0,5.0,served,ST_EVO_AUDI_HCM_P2
ARR_004342,ST_EVO_AUDI_HCM,2026-09-19T19:04:07+07:00,0,19.18,served,ST_EVO_AUDI_HCM_P2
ARR_004343,ST_EVO_AUDI_HCM,2026-09-19T19:08:09+07:00,1,29.6,reneged,
ARR_004344,ST_EVO_LAVIDA_Q7,2026-09-19T19:15:30+07:00,0,50.6,served,ST_EVO_LAVIDA_Q7_P1
ARR_004345,ST_EVO_AUDI_HCM,2026-09-19T19:16:07+07:00,2,22.2,reneged,
ARR_004346,ST_EVO_LAVIDA_Q7,2026-09-19T19:17:01+07:00,1,13.7,reneged,
ARR_004347,ST_EVO_DEUTSCHES_HAUS,2026-09-19T19:20:46+07:00,0,0.0,served,ST_EVO_DEUTSCHES_HAUS_P4
ARR_004348,ST_EVO_DEUTSCHES_HAUS,2026-09-19T19:20:51+07:00,0,47.3,reneged,
ARR_004349,ST_EVO_DEUTSCHES_HAUS,2026-09-19T19:40:21+07:00,1,21.0,reneged,
ARR_004350,ST_EVO_AUDI_HCM,2026-09-19T19:41:22+07:00,0,5.43,served,ST_EVO_AUDI_HCM_P1
ARR_004351,ST_EVO_LAVIDA_Q7,2026-09-19T19:44:11+07:00,1,21.7,reneged,
ARR_004352,ST_EVO_DEUTSCHES_HAUS,2026-09-19T19:45:30+07:00,2,9.4,reneged,
ARR_004353,ST_EVO_AUDI_HCM,2026-09-19T19:45:43+07:00,1,10.05,served,ST_EVO_AUDI_HCM_P4
ARR_004354,ST_EVO_LAVIDA_Q7,2026-09-19T19:57:27+07:00,2,13.3,reneged,
ARR_004355,ST_EVO_LAVIDA_Q7,2026-09-19T19:59:00+07:00,3,30.9,reneged,
ARR_004356,ST_EVO_DEUTSCHES_HAUS,2026-09-19T20:05:01+07:00,1,10.9,reneged,
ARR_004357,ST_EVO_DEUTSCHES_HAUS,2026-09-19T20:10:50+07:00,1,5.9,reneged,
ARR_004358,ST_EVO_AUDI_HCM,2026-09-19T20:19:07+07:00,0,0.0,served,ST_EVO_AUDI_HCM_P2
ARR_004359,ST_EVO_AUDI_HCM,2026-09-19T20:22:35+07:00,0,4.0,served,ST_EVO_AUDI_HCM_P2
ARR_004360,ST_EVO_AUDI_HCM,2026-09-19T20:31:47+07:00,0,6.25,served,ST_EVO_AUDI_HCM_P1
ARR_004361,ST_EVO_LAVIDA_Q7,2026-09-19T20:37:33+07:00,0,0.0,served,ST_EVO_LAVIDA_Q7_P1
ARR_004362,ST_EVO_LAVIDA_Q7,2026-09-19T21:24:13+07:00,0,0.0,served,ST_EVO_LAVIDA_Q7_P1
ARR_004363,ST_EVO_AUDI_HCM,2026-09-19T21:36:38+07:00,0,0.0,served,ST_EVO_AUDI_HCM_P1
ARR_004364,ST_EVO_AUDI_HCM,2026-09-19T21:55:47+07:00,0,0.0,served,ST_EVO_AUDI_HCM_P2
ARR_004365,ST_EVO_LAVIDA_Q7,2026-09-19T22:05:24+07:00,0,0.0,served,ST_EVO_LAVIDA_Q7_P1
ARR_004366,ST_EVO_AUDI_HCM,2026-09-19T22:13:46+07:00,0,0.0,served,ST_EVO_AUDI_HCM_P1
ARR_004367,ST_EVO_AUDI_HCM,2026-09-19T22:34:20+07:00,0,0.0,served,ST_EVO_AUDI_HCM_P3
ARR_004368,ST_EVO_LAVIDA_Q7,2026-09-19T23:24:10+07:00,0,11.3,reneged,
ARR_004369,ST_EVO_DEUTSCHES_HAUS,2026-09-20T03:59:12+07:00,0,0.0,served,ST_EVO_DEUTSCHES_HAUS_P1
ARR_004370,ST_EVO_AUDI_HCM,2026-09-20T06:22:51+07:00,0,0.0,served,ST_EVO_AUDI_HCM_P1
ARR_004371,ST_EVO_LAVIDA_Q7,2026-09-20T06:37:42+07:00,0,0.0,served,ST_EVO_LAVIDA_Q7_P1
ARR_004372,ST_EVO_DEUTSCHES_HAUS,2026-09-20T07:05:07+07:00,0,0.0,served,ST_EVO_DEUTSCHES_HAUS_P2
ARR_004373,ST_EVO_AUDI_HCM,2026-09-20T07:06:43+07:00,0,0.0,served,ST_EVO_AUDI_HCM_P2
ARR_004374,ST_EVO_AUDI_HCM,2026-09-20T07:23:01+07:00,0,0.0,served,ST_EVO_AUDI_HCM_P1
ARR_004375,ST_EVO_DEUTSCHES_HAUS,2026-09-20T07:35:35+07:00,0,0.0,served,ST_EVO_DEUTSCHES_HAUS_P3
ARR_004376,ST_EVO_AUDI_HCM,2026-09-20T07:39:18+07:00,0,0.0,served,ST_EVO_AUDI_HCM_P3
ARR_004377,ST_EVO_DEUTSCHES_HAUS,2026-09-20T07:52:39+07:00,0,0.0,served,ST_EVO_DEUTSCHES_HAUS_P4
ARR_004378,ST_EVO_AUDI_HCM,2026-09-20T08:00:14+07:00,0,0.0,served,ST_EVO_AUDI_HCM_P2
ARR_004379,ST_EVO_LAVIDA_Q7,2026-09-20T08:45:41+07:00,0,0.0,served,ST_EVO_LAVIDA_Q7_P1
ARR_004380,ST_EVO_DEUTSCHES_HAUS,2026-09-20T08:55:32+07:00,0,26.9,reneged,
ARR_004381,ST_EVO_AUDI_HCM,2026-09-20T09:00:13+07:00,0,0.0,served,ST_EVO_AUDI_HCM_P1
ARR_004382,ST_EVO_DEUTSCHES_HAUS,2026-09-20T09:05:32+07:00,1,35.7,reneged,
ARR_004383,ST_EVO_DEUTSCHES_HAUS,2026-09-20T09:59:26+07:00,0,12.9,reneged,
ARR_004384,ST_EVO_AUDI_HCM,2026-09-20T10:11:00+07:00,0,0.0,served,ST_EVO_AUDI_HCM_P1
ARR_004385,ST_EVO_DEUTSCHES_HAUS,2026-09-20T10:19:37+07:00,0,23.6,reneged,
ARR_004386,ST_EVO_DEUTSCHES_HAUS,2026-09-20T10:32:35+07:00,1,15.1,reneged,
ARR_004387,ST_EVO_AUDI_HCM,2026-09-20T10:49:36+07:00,0,0.0,served,ST_EVO_AUDI_HCM_P2
ARR_004388,ST_EVO_AUDI_HCM,2026-09-20T11:09:57+07:00,0,0.0,served,ST_EVO_AUDI_HCM_P3
ARR_004389,ST_EVO_DEUTSCHES_HAUS,2026-09-20T11:27:12+07:00,0,0.0,served,ST_EVO_DEUTSCHES_HAUS_P1
ARR_004390,ST_EVO_AUDI_HCM,2026-09-20T11:33:16+07:00,0,0.0,served,ST_EVO_AUDI_HCM_P1
ARR_004391,ST_EVO_AUDI_HCM,2026-09-20T11:34:42+07:00,0,0.0,served,ST_EVO_AUDI_HCM_P2
ARR_004392,ST_EVO_AUDI_HCM,2026-09-20T11:51:52+07:00,0,0.0,served,ST_EVO_AUDI_HCM_P4
ARR_004393,ST_EVO_AUDI_HCM,2026-09-20T11:51:55+07:00,0,11.0,reneged,
ARR_004394,ST_EVO_DEUTSCHES_HAUS,2026-09-20T12:16:17+07:00,0,0.0,served,ST_EVO_DEUTSCHES_HAUS_P3
ARR_004395,ST_EVO_DEUTSCHES_HAUS,2026-09-20T12:17:51+07:00,0,24.3,reneged,
ARR_004396,ST_EVO_AUDI_HCM,2026-09-20T12:20:49+07:00,0,0.0,served,ST_EVO_AUDI_HCM_P1
ARR_004397,ST_EVO_DEUTSCHES_HAUS,2026-09-20T12:23:32+07:00,1,18.9,reneged,
ARR_004398,ST_EVO_DEUTSCHES_HAUS,2026-09-20T12:24:45+07:00,2,5.8,reneged,
ARR_004399,ST_EVO_AUDI_HCM,2026-09-20T12:33:23+07:00,0,0.0,served,ST_EVO_AUDI_HCM_P2
ARR_004400,ST_EVO_LAVIDA_Q7,2026-09-20T12:36:15+07:00,0,0.0,served,ST_EVO_LAVIDA_Q7_P1
ARR_004401,ST_EVO_DEUTSCHES_HAUS,2026-09-20T12:37:55+07:00,2,15.5,reneged,
ARR_004402,ST_EVO_AUDI_HCM,2026-09-20T12:57:41+07:00,0,0.0,served,ST_EVO_AUDI_HCM_P1
ARR_004403,ST_EVO_AUDI_HCM,2026-09-20T12:59:53+07:00,0,0.0,served,ST_EVO_AUDI_HCM_P2
ARR_004404,ST_EVO_AUDI_HCM,2026-09-20T13:02:43+07:00,0,0.0,served,ST_EVO_AUDI_HCM_P4
ARR_004405,ST_EVO_AUDI_HCM,2026-09-20T13:16:30+07:00,0,0.0,served,ST_EVO_AUDI_HCM_P1
ARR_004406,ST_EVO_LAVIDA_Q7,2026-09-20T13:41:49+07:00,0,0.0,served,ST_EVO_LAVIDA_Q7_P1
ARR_004407,ST_EVO_AUDI_HCM,2026-09-20T13:43:07+07:00,0,0.0,served,ST_EVO_AUDI_HCM_P1
ARR_004408,ST_EVO_AUDI_HCM,2026-09-20T13:57:42+07:00,0,0.0,served,ST_EVO_AUDI_HCM_P2
ARR_004409,ST_EVO_AUDI_HCM,2026-09-20T13:58:40+07:00,0,13.93,served,ST_EVO_AUDI_HCM_P2
ARR_004410,ST_EVO_DEUTSCHES_HAUS,2026-09-20T13:59:05+07:00,0,0.0,served,ST_EVO_DEUTSCHES_HAUS_P2
ARR_004411,ST_EVO_AUDI_HCM,2026-09-20T14:06:34+07:00,1,32.32,served,ST_EVO_AUDI_HCM_P1
ARR_004412,ST_EVO_LAVIDA_Q7,2026-09-20T14:22:13+07:00,0,0.0,served,ST_EVO_LAVIDA_Q7_P1
ARR_004413,ST_EVO_DEUTSCHES_HAUS,2026-09-20T14:25:00+07:00,0,0.0,served,ST_EVO_DEUTSCHES_HAUS_P4
ARR_004414,ST_EVO_LAVIDA_Q7,2026-09-20T14:44:53+07:00,0,0.0,served,ST_EVO_LAVIDA_Q7_P1
ARR_004415,ST_EVO_AUDI_HCM,2026-09-20T14:55:25+07:00,0,0.0,served,ST_EVO_AUDI_HCM_P2
ARR_004416,ST_EVO_AUDI_HCM,2026-09-20T14:56:07+07:00,0,23.22,served,ST_EVO_AUDI_HCM_P1
ARR_004417,ST_EVO_DEUTSCHES_HAUS,2026-09-20T15:28:42+07:00,0,52.05,served,ST_EVO_DEUTSCHES_HAUS_P1
ARR_004418,ST_EVO_AUDI_HCM,2026-09-20T15:38:38+07:00,0,4.78,served,ST_EVO_AUDI_HCM_P2
ARR_004419,ST_EVO_AUDI_HCM,2026-09-20T15:40:37+07:00,1,10.1,reneged,
ARR_004420,ST_EVO_AUDI_HCM,2026-09-20T15:41:24+07:00,2,11.75,served,ST_EVO_AUDI_HCM_P2
ARR_004421,ST_EVO_DEUTSCHES_HAUS,2026-09-20T16:19:44+07:00,1,4.7,reneged,
ARR_004422,ST_EVO_DEUTSCHES_HAUS,2026-09-20T17:09:28+07:00,0,0.0,served,ST_EVO_DEUTSCHES_HAUS_P2
ARR_004423,ST_EVO_AUDI_HCM,2026-09-20T17:12:51+07:00,0,0.0,served,ST_EVO_AUDI_HCM_P1
ARR_004424,ST_EVO_DEUTSCHES_HAUS,2026-09-20T17:37:50+07:00,0,0.0,served,ST_EVO_DEUTSCHES_HAUS_P3
ARR_004425,ST_EVO_AUDI_HCM,2026-09-20T17:48:38+07:00,0,0.0,served,ST_EVO_AUDI_HCM_P2
ARR_004426,ST_EVO_AUDI_HCM,2026-09-20T18:13:20+07:00,0,0.0,served,ST_EVO_AUDI_HCM_P1
ARR_004427,ST_EVO_AUDI_HCM,2026-09-20T18:18:27+07:00,0,0.0,served,ST_EVO_AUDI_HCM_P3
ARR_004428,ST_EVO_AUDI_HCM,2026-09-20T18:29:42+07:00,0,0.0,served,ST_EVO_AUDI_HCM_P2
ARR_004429,ST_EVO_LAVIDA_Q7,2026-09-20T19:01:09+07:00,0,0.0,served,ST_EVO_LAVIDA_Q7_P1
ARR_004430,ST_EVO_AUDI_HCM,2026-09-20T19:11:27+07:00,0,0.0,served,ST_EVO_AUDI_HCM_P1
ARR_004431,ST_EVO_AUDI_HCM,2026-09-20T19:50:44+07:00,0,0.0,served,ST_EVO_AUDI_HCM_P1
ARR_004432,ST_EVO_LAVIDA_Q7,2026-09-20T20:18:21+07:00,0,0.0,served,ST_EVO_LAVIDA_Q7_P1
ARR_004433,ST_EVO_DEUTSCHES_HAUS,2026-09-20T20:58:18+07:00,0,0.0,served,ST_EVO_DEUTSCHES_HAUS_P4
ARR_004434,ST_EVO_AUDI_HCM,2026-09-20T21:46:36+07:00,0,0.0,served,ST_EVO_AUDI_HCM_P1
ARR_004435,ST_EVO_DEUTSCHES_HAUS,2026-09-20T22:25:54+07:00,0,0.0,served,ST_EVO_DEUTSCHES_HAUS_P1
ARR_004436,ST_EVO_DEUTSCHES_HAUS,2026-09-20T22:45:44+07:00,0,0.0,served,ST_EVO_DEUTSCHES_HAUS_P2
ARR_004437,ST_EVO_DEUTSCHES_HAUS,2026-09-21T00:55:31+07:00,0,0.0,served,ST_EVO_DEUTSCHES_HAUS_P3
ARR_004438,ST_EVO_DEUTSCHES_HAUS,2026-09-21T02:36:16+07:00,0,9.18,served,ST_EVO_DEUTSCHES_HAUS_P4
ARR_004439,ST_EVO_DEUTSCHES_HAUS,2026-09-21T03:24:00+07:00,0,13.6,reneged,
ARR_004440,ST_EVO_LAVIDA_Q7,2026-09-21T05:14:26+07:00,0,0.0,served,ST_EVO_LAVIDA_Q7_P1
ARR_004441,ST_EVO_AUDI_HCM,2026-09-21T05:57:08+07:00,0,0.0,served,ST_EVO_AUDI_HCM_P1
ARR_004442,ST_EVO_LAVIDA_Q7,2026-09-21T07:15:01+07:00,0,23.6,reneged,
ARR_004443,ST_EVO_AUDI_HCM,2026-09-21T08:29:39+07:00,0,0.0,served,ST_EVO_AUDI_HCM_P1
ARR_004444,ST_EVO_DEUTSCHES_HAUS,2026-09-21T08:46:07+07:00,0,0.0,served,ST_EVO_DEUTSCHES_HAUS_P1
ARR_004445,ST_EVO_AUDI_HCM,2026-09-21T08:46:45+07:00,0,0.0,served,ST_EVO_AUDI_HCM_P2
ARR_004446,ST_EVO_DEUTSCHES_HAUS,2026-09-21T09:26:11+07:00,0,0.0,served,ST_EVO_DEUTSCHES_HAUS_P2
ARR_004447,ST_EVO_AUDI_HCM,2026-09-21T10:06:55+07:00,0,0.0,served,ST_EVO_AUDI_HCM_P1
ARR_004448,ST_EVO_DEUTSCHES_HAUS,2026-09-21T10:07:50+07:00,0,0.0,served,ST_EVO_DEUTSCHES_HAUS_P3
ARR_004449,ST_EVO_AUDI_HCM,2026-09-21T10:09:49+07:00,0,0.0,served,ST_EVO_AUDI_HCM_P2
ARR_004450,ST_EVO_AUDI_HCM,2026-09-21T10:16:43+07:00,0,0.0,served,ST_EVO_AUDI_HCM_P3
ARR_004451,ST_EVO_AUDI_HCM,2026-09-21T10:23:02+07:00,0,0.0,served,ST_EVO_AUDI_HCM_P4
ARR_004452,ST_EVO_AUDI_HCM,2026-09-21T10:34:10+07:00,0,0.35,served,ST_EVO_AUDI_HCM_P1
ARR_004453,ST_EVO_AUDI_HCM,2026-09-21T10:50:09+07:00,0,6.35,served,ST_EVO_AUDI_HCM_P2
ARR_004454,ST_EVO_DEUTSCHES_HAUS,2026-09-21T10:57:49+07:00,0,0.0,served,ST_EVO_DEUTSCHES_HAUS_P1
ARR_004455,ST_EVO_AUDI_HCM,2026-09-21T11:06:25+07:00,0,21.3,reneged,
ARR_004456,ST_EVO_DEUTSCHES_HAUS,2026-09-21T11:08:12+07:00,0,19.4,reneged,
ARR_004457,ST_EVO_DEUTSCHES_HAUS,2026-09-21T11:10:06+07:00,1,46.9,reneged,
ARR_004458,ST_EVO_AUDI_HCM,2026-09-21T11:14:13+07:00,1,19.4,served,ST_EVO_AUDI_HCM_P2
ARR_004459,ST_EVO_AUDI_HCM,2026-09-21T11:23:19+07:00,2,14.2,reneged,
ARR_004460,ST_EVO_AUDI_HCM,2026-09-21T11:27:33+07:00,3,15.4,reneged,
ARR_004461,ST_EVO_AUDI_HCM,2026-09-21T11:42:12+07:00,1,6.0,served,ST_EVO_AUDI_HCM_P4
ARR_004462,ST_EVO_AUDI_HCM,2026-09-21T11:53:28+07:00,0,0.0,served,ST_EVO_AUDI_HCM_P2
ARR_004463,ST_EVO_LAVIDA_Q7,2026-09-21T12:06:54+07:00,0,0.0,served,ST_EVO_LAVIDA_Q7_P1
ARR_004464,ST_EVO_AUDI_HCM,2026-09-21T12:08:21+07:00,0,0.0,served,ST_EVO_AUDI_HCM_P1
ARR_004465,ST_EVO_LAVIDA_Q7,2026-09-21T12:10:00+07:00,0,18.2,served,ST_EVO_LAVIDA_Q7_P1
ARR_004466,ST_EVO_AUDI_HCM,2026-09-21T12:14:48+07:00,0,27.5,served,ST_EVO_AUDI_HCM_P2
ARR_004467,ST_EVO_DEUTSCHES_HAUS,2026-09-21T12:20:44+07:00,0,13.3,reneged,
ARR_004468,ST_EVO_AUDI_HCM,2026-09-21T12:21:08+07:00,1,16.8,reneged,
ARR_004469,ST_EVO_AUDI_HCM,2026-09-21T12:28:32+07:00,2,20.5,reneged,
ARR_004470,ST_EVO_AUDI_HCM,2026-09-21T12:39:22+07:00,2,18.92,served,ST_EVO_AUDI_HCM_P3
ARR_004471,ST_EVO_AUDI_HCM,2026-09-21T12:50:03+07:00,1,16.78,served,ST_EVO_AUDI_HCM_P1
ARR_004472,ST_EVO_AUDI_HCM,2026-09-21T12:50:04+07:00,2,14.1,reneged,
ARR_004473,ST_EVO_DEUTSCHES_HAUS,2026-09-21T12:51:18+07:00,0,10.6,reneged,
ARR_004474,ST_EVO_AUDI_HCM,2026-09-21T12:52:56+07:00,3,17.6,reneged,
ARR_004475,ST_EVO_AUDI_HCM,2026-09-21T12:55:57+07:00,4,17.9,reneged,
ARR_004476,ST_EVO_DEUTSCHES_HAUS,2026-09-21T12:57:54+07:00,1,19.12,served,ST_EVO_DEUTSCHES_HAUS_P3
ARR_004477,ST_EVO_LAVIDA_Q7,2026-09-21T13:01:44+07:00,0,5.6,reneged,
ARR_004478,ST_EVO_AUDI_HCM,2026-09-21T13:10:39+07:00,1,6.55,served,ST_EVO_AUDI_HCM_P2
ARR_004479,ST_EVO_AUDI_HCM,2026-09-21T13:24:13+07:00,0,0.0,served,ST_EVO_AUDI_HCM_P1
ARR_004480,ST_EVO_AUDI_HCM,2026-09-21T13:31:54+07:00,0,9.9,reneged,
ARR_004481,ST_EVO_LAVIDA_Q7,2026-09-21T13:38:07+07:00,0,0.0,served,ST_EVO_LAVIDA_Q7_P1
ARR_004482,ST_EVO_LAVIDA_Q7,2026-09-21T13:54:34+07:00,0,18.9,reneged,
ARR_004483,ST_EVO_AUDI_HCM,2026-09-21T13:57:11+07:00,0,0.0,served,ST_EVO_AUDI_HCM_P1
ARR_004484,ST_EVO_AUDI_HCM,2026-09-21T13:58:50+07:00,0,3.32,served,ST_EVO_AUDI_HCM_P2
ARR_004485,ST_EVO_DEUTSCHES_HAUS,2026-09-21T14:12:07+07:00,0,0.0,served,ST_EVO_DEUTSCHES_HAUS_P1
ARR_004486,ST_EVO_AUDI_HCM,2026-09-21T14:15:05+07:00,0,10.9,reneged,
ARR_004487,ST_EVO_AUDI_HCM,2026-09-21T14:21:17+07:00,1,11.0,served,ST_EVO_AUDI_HCM_P1
ARR_004488,ST_EVO_AUDI_HCM,2026-09-21T14:44:51+07:00,0,0.0,served,ST_EVO_AUDI_HCM_P2
ARR_004489,ST_EVO_AUDI_HCM,2026-09-21T14:45:03+07:00,0,34.02,served,ST_EVO_AUDI_HCM_P1
ARR_004490,ST_EVO_AUDI_HCM,2026-09-21T15:28:32+07:00,0,3.67,served,ST_EVO_AUDI_HCM_P2
ARR_004491,ST_EVO_AUDI_HCM,2026-09-21T15:41:40+07:00,0,4.07,served,ST_EVO_AUDI_HCM_P4
ARR_004492,ST_EVO_AUDI_HCM,2026-09-21T15:59:33+07:00,0,4.43,served,ST_EVO_AUDI_HCM_P1
ARR_004493,ST_EVO_DEUTSCHES_HAUS,2026-09-21T16:06:22+07:00,0,0.0,served,ST_EVO_DEUTSCHES_HAUS_P2
ARR_004494,ST_EVO_DEUTSCHES_HAUS,2026-09-21T16:12:34+07:00,0,64.33,served,ST_EVO_DEUTSCHES_HAUS_P1
ARR_004495,ST_EVO_AUDI_HCM,2026-09-21T16:42:39+07:00,0,0.0,served,ST_EVO_AUDI_HCM_P2
ARR_004496,ST_EVO_AUDI_HCM,2026-09-21T16:45:17+07:00,0,19.45,served,ST_EVO_AUDI_HCM_P1
ARR_004497,ST_EVO_AUDI_HCM,2026-09-21T17:01:00+07:00,1,21.05,served,ST_EVO_AUDI_HCM_P1
ARR_004498,ST_EVO_LAVIDA_Q7,2026-09-21T17:33:18+07:00,0,0.0,served,ST_EVO_LAVIDA_Q7_P1
ARR_004499,ST_EVO_AUDI_HCM,2026-09-21T17:38:58+07:00,0,2.83,served,ST_EVO_AUDI_HCM_P2
ARR_004500,ST_EVO_LAVIDA_Q7,2026-09-21T17:39:11+07:00,0,20.8,reneged,
ARR_004501,ST_EVO_AUDI_HCM,2026-09-21T17:47:07+07:00,0,12.5,reneged,
ARR_004502,ST_EVO_DEUTSCHES_HAUS,2026-09-21T18:03:35+07:00,0,0.0,served,ST_EVO_DEUTSCHES_HAUS_P3
ARR_004503,ST_EVO_DEUTSCHES_HAUS,2026-09-21T18:06:41+07:00,0,0.0,served,ST_EVO_DEUTSCHES_HAUS_P4
ARR_004504,ST_EVO_AUDI_HCM,2026-09-21T18:09:16+07:00,0,0.0,served,ST_EVO_AUDI_HCM_P1
ARR_004505,ST_EVO_AUDI_HCM,2026-09-21T18:10:56+07:00,0,7.35,served,ST_EVO_AUDI_HCM_P2
ARR_004506,ST_EVO_AUDI_HCM,2026-09-21T18:17:26+07:00,1,19.73,served,ST_EVO_AUDI_HCM_P2
ARR_004507,ST_EVO_AUDI_HCM,2026-09-21T18:17:45+07:00,2,44.68,served,ST_EVO_AUDI_HCM_P1
ARR_004508,ST_EVO_AUDI_HCM,2026-09-21T18:30:24+07:00,2,21.3,reneged,
ARR_004509,ST_EVO_AUDI_HCM,2026-09-21T18:38:20+07:00,2,27.4,reneged,
ARR_004510,ST_EVO_AUDI_HCM,2026-09-21T19:05:21+07:00,1,6.3,reneged,
ARR_004511,ST_EVO_AUDI_HCM,2026-09-21T19:06:43+07:00,1,6.2,reneged,
ARR_004512,ST_EVO_DEUTSCHES_HAUS,2026-09-21T19:32:59+07:00,0,23.6,reneged,
ARR_004513,ST_EVO_AUDI_HCM,2026-09-21T19:36:30+07:00,0,0.0,served,ST_EVO_AUDI_HCM_P2
ARR_004514,ST_EVO_AUDI_HCM,2026-09-21T19:43:25+07:00,0,11.42,served,ST_EVO_AUDI_HCM_P1
ARR_004515,ST_EVO_AUDI_HCM,2026-09-21T19:44:07+07:00,1,29.4,reneged,
ARR_004516,ST_EVO_DEUTSCHES_HAUS,2026-09-21T20:18:03+07:00,0,3.1,served,ST_EVO_DEUTSCHES_HAUS_P2
ARR_004517,ST_EVO_DEUTSCHES_HAUS,2026-09-21T20:26:06+07:00,0,1.65,served,ST_EVO_DEUTSCHES_HAUS_P4
ARR_004518,ST_EVO_LAVIDA_Q7,2026-09-21T20:26:20+07:00,0,0.0,served,ST_EVO_LAVIDA_Q7_P1
ARR_004519,ST_EVO_AUDI_HCM,2026-09-21T20:26:45+07:00,0,9.95,served,ST_EVO_AUDI_HCM_P2
ARR_004520,ST_EVO_AUDI_HCM,2026-09-21T20:43:51+07:00,0,0.0,served,ST_EVO_AUDI_HCM_P1
ARR_004521,ST_EVO_DEUTSCHES_HAUS,2026-09-21T21:25:29+07:00,0,0.0,served,ST_EVO_DEUTSCHES_HAUS_P1
ARR_004522,ST_EVO_AUDI_HCM,2026-09-21T21:45:57+07:00,0,0.0,served,ST_EVO_AUDI_HCM_P1
ARR_004523,ST_EVO_LAVIDA_Q7,2026-09-21T21:49:20+07:00,0,0.0,served,ST_EVO_LAVIDA_Q7_P1
ARR_004524,ST_EVO_AUDI_HCM,2026-09-21T21:56:16+07:00,0,0.0,served,ST_EVO_AUDI_HCM_P2
ARR_004525,ST_EVO_DEUTSCHES_HAUS,2026-09-21T22:37:46+07:00,0,0.0,served,ST_EVO_DEUTSCHES_HAUS_P3
ARR_004526,ST_EVO_LAVIDA_Q7,2026-09-21T23:37:50+07:00,0,25.1,reneged,
ARR_004527,ST_EVO_LAVIDA_Q7,2026-09-21T23:56:24+07:00,1,10.8,reneged,
ARR_004528,ST_EVO_AUDI_HCM,2026-09-22T05:15:09+07:00,0,0.0,served,ST_EVO_AUDI_HCM_P1
ARR_004529,ST_EVO_AUDI_HCM,2026-09-22T08:22:58+07:00,0,0.0,served,ST_EVO_AUDI_HCM_P2
ARR_004530,ST_EVO_AUDI_HCM,2026-09-22T08:23:07+07:00,0,0.0,served,ST_EVO_AUDI_HCM_P3
ARR_004531,ST_EVO_DEUTSCHES_HAUS,2026-09-22T08:26:00+07:00,0,0.0,served,ST_EVO_DEUTSCHES_HAUS_P1
ARR_004532,ST_EVO_LAVIDA_Q7,2026-09-22T08:37:56+07:00,0,21.1,reneged,
ARR_004533,ST_EVO_DEUTSCHES_HAUS,2026-09-22T08:52:08+07:00,0,0.0,served,ST_EVO_DEUTSCHES_HAUS_P2
ARR_004534,ST_EVO_AUDI_HCM,2026-09-22T08:58:26+07:00,0,0.0,served,ST_EVO_AUDI_HCM_P1
ARR_004535,ST_EVO_AUDI_HCM,2026-09-22T09:08:15+07:00,0,0.0,served,ST_EVO_AUDI_HCM_P2
ARR_004536,ST_EVO_LAVIDA_Q7,2026-09-22T09:28:07+07:00,0,0.0,served,ST_EVO_LAVIDA_Q7_P1
ARR_004537,ST_EVO_AUDI_HCM,2026-09-22T09:55:05+07:00,0,0.0,served,ST_EVO_AUDI_HCM_P1
ARR_004538,ST_EVO_AUDI_HCM,2026-09-22T09:55:58+07:00,0,0.0,served,ST_EVO_AUDI_HCM_P2
ARR_004539,ST_EVO_DEUTSCHES_HAUS,2026-09-22T10:19:15+07:00,0,0.0,served,ST_EVO_DEUTSCHES_HAUS_P3
ARR_004540,ST_EVO_AUDI_HCM,2026-09-22T10:24:32+07:00,0,0.0,served,ST_EVO_AUDI_HCM_P3
ARR_004541,ST_EVO_DEUTSCHES_HAUS,2026-09-22T10:48:28+07:00,0,0.0,served,ST_EVO_DEUTSCHES_HAUS_P4
ARR_004542,ST_EVO_LAVIDA_Q7,2026-09-22T10:52:45+07:00,0,0.0,served,ST_EVO_LAVIDA_Q7_P1
ARR_004543,ST_EVO_AUDI_HCM,2026-09-22T10:55:20+07:00,0,0.0,served,ST_EVO_AUDI_HCM_P1
ARR_004544,ST_EVO_AUDI_HCM,2026-09-22T10:55:28+07:00,0,0.0,served,ST_EVO_AUDI_HCM_P4
ARR_004545,ST_EVO_LAVIDA_Q7,2026-09-22T11:11:44+07:00,0,11.57,served,ST_EVO_LAVIDA_Q7_P1
ARR_004546,ST_EVO_DEUTSCHES_HAUS,2026-09-22T11:42:46+07:00,0,0.0,served,ST_EVO_DEUTSCHES_HAUS_P1
ARR_004547,ST_EVO_LAVIDA_Q7,2026-09-22T11:46:01+07:00,0,0.0,served,ST_EVO_LAVIDA_Q7_P1
ARR_004548,ST_EVO_LAVIDA_Q7,2026-09-22T11:50:27+07:00,0,8.45,served,ST_EVO_LAVIDA_Q7_P1
ARR_004549,ST_EVO_DEUTSCHES_HAUS,2026-09-22T11:52:05+07:00,0,35.1,reneged,
ARR_004550,ST_EVO_AUDI_HCM,2026-09-22T11:57:17+07:00,0,0.0,served,ST_EVO_AUDI_HCM_P1
ARR_004551,ST_EVO_AUDI_HCM,2026-09-22T12:13:13+07:00,0,0.0,served,ST_EVO_AUDI_HCM_P2
ARR_004552,ST_EVO_AUDI_HCM,2026-09-22T12:22:30+07:00,0,11.8,reneged,
ARR_004553,ST_EVO_AUDI_HCM,2026-09-22T12:32:25+07:00,1,4.58,served,ST_EVO_AUDI_HCM_P1
ARR_004554,ST_EVO_AUDI_HCM,2026-09-22T12:33:01+07:00,2,13.5,reneged,
ARR_004555,ST_EVO_AUDI_HCM,2026-09-22T12:37:50+07:00,1,12.5,reneged,
ARR_004556,ST_EVO_LAVIDA_Q7,2026-09-22T12:41:55+07:00,0,0.0,served,ST_EVO_LAVIDA_Q7_P1
ARR_004557,ST_EVO_AUDI_HCM,2026-09-22T12:46:18+07:00,2,12.03,served,ST_EVO_AUDI_HCM_P2
ARR_004558,ST_EVO_AUDI_HCM,2026-09-22T12:57:59+07:00,1,6.72,served,ST_EVO_AUDI_HCM_P1
ARR_004559,ST_EVO_DEUTSCHES_HAUS,2026-09-22T13:25:22+07:00,0,0.0,served,ST_EVO_DEUTSCHES_HAUS_P2
ARR_004560,ST_EVO_AUDI_HCM,2026-09-22T13:41:45+07:00,0,0.0,served,ST_EVO_AUDI_HCM_P1
ARR_004561,ST_EVO_AUDI_HCM,2026-09-22T13:51:45+07:00,0,0.0,served,ST_EVO_AUDI_HCM_P2
ARR_004562,ST_EVO_AUDI_HCM,2026-09-22T13:57:47+07:00,0,18.57,served,ST_EVO_AUDI_HCM_P1
ARR_004563,ST_EVO_AUDI_HCM,2026-09-22T14:30:52+07:00,0,2.68,served,ST_EVO_AUDI_HCM_P2
ARR_004564,ST_EVO_LAVIDA_Q7,2026-09-22T14:34:58+07:00,0,0.0,served,ST_EVO_LAVIDA_Q7_P1
ARR_004565,ST_EVO_DEUTSCHES_HAUS,2026-09-22T14:36:16+07:00,0,27.0,reneged,
ARR_004566,ST_EVO_AUDI_HCM,2026-09-22T15:03:44+07:00,0,4.75,served,ST_EVO_AUDI_HCM_P2
ARR_004567,ST_EVO_LAVIDA_Q7,2026-09-22T15:06:40+07:00,0,8.87,served,ST_EVO_LAVIDA_Q7_P1
ARR_004568,ST_EVO_DEUTSCHES_HAUS,2026-09-22T15:39:09+07:00,0,0.0,served,ST_EVO_DEUTSCHES_HAUS_P3
ARR_004569,ST_EVO_DEUTSCHES_HAUS,2026-09-22T15:49:37+07:00,0,0.0,served,ST_EVO_DEUTSCHES_HAUS_P4
ARR_004570,ST_EVO_AUDI_HCM,2026-09-22T15:57:30+07:00,0,0.0,served,ST_EVO_AUDI_HCM_P1
ARR_004571,ST_EVO_DEUTSCHES_HAUS,2026-09-22T15:59:38+07:00,0,12.2,reneged,
ARR_004572,ST_EVO_AUDI_HCM,2026-09-22T16:14:07+07:00,0,0.0,served,ST_EVO_AUDI_HCM_P2
ARR_004573,ST_EVO_AUDI_HCM,2026-09-22T16:43:34+07:00,0,0.0,served,ST_EVO_AUDI_HCM_P1
ARR_004574,ST_EVO_AUDI_HCM,2026-09-22T17:06:58+07:00,0,0.0,served,ST_EVO_AUDI_HCM_P1
ARR_004575,ST_EVO_AUDI_HCM,2026-09-22T17:07:44+07:00,0,0.0,served,ST_EVO_AUDI_HCM_P2
ARR_004576,ST_EVO_DEUTSCHES_HAUS,2026-09-22T17:20:45+07:00,0,0.97,served,ST_EVO_DEUTSCHES_HAUS_P4
ARR_004577,ST_EVO_DEUTSCHES_HAUS,2026-09-22T17:24:11+07:00,0,22.1,reneged,
ARR_004578,ST_EVO_DEUTSCHES_HAUS,2026-09-22T17:25:08+07:00,1,22.6,reneged,
ARR_004579,ST_EVO_AUDI_HCM,2026-09-22T17:39:49+07:00,0,0.0,served,ST_EVO_AUDI_HCM_P1
ARR_004580,ST_EVO_AUDI_HCM,2026-09-22T17:57:13+07:00,0,0.0,served,ST_EVO_AUDI_HCM_P2
ARR_004581,ST_EVO_DEUTSCHES_HAUS,2026-09-22T18:26:17+07:00,0,0.0,served,ST_EVO_DEUTSCHES_HAUS_P1
ARR_004582,ST_EVO_AUDI_HCM,2026-09-22T18:28:41+07:00,0,0.0,served,ST_EVO_AUDI_HCM_P1
ARR_004583,ST_EVO_LAVIDA_Q7,2026-09-22T18:41:10+07:00,0,0.0,served,ST_EVO_LAVIDA_Q7_P1
ARR_004584,ST_EVO_AUDI_HCM,2026-09-22T18:44:09+07:00,0,0.0,served,ST_EVO_AUDI_HCM_P2
ARR_004585,ST_EVO_AUDI_HCM,2026-09-22T18:45:35+07:00,0,0.0,served,ST_EVO_AUDI_HCM_P3
ARR_004586,ST_EVO_DEUTSCHES_HAUS,2026-09-22T19:24:02+07:00,0,0.0,served,ST_EVO_DEUTSCHES_HAUS_P2
ARR_004587,ST_EVO_AUDI_HCM,2026-09-22T19:38:01+07:00,0,0.0,served,ST_EVO_AUDI_HCM_P1
ARR_004588,ST_EVO_DEUTSCHES_HAUS,2026-09-22T19:48:05+07:00,0,0.0,served,ST_EVO_DEUTSCHES_HAUS_P3
ARR_004589,ST_EVO_LAVIDA_Q7,2026-09-22T19:49:52+07:00,0,0.0,served,ST_EVO_LAVIDA_Q7_P1
ARR_004590,ST_EVO_LAVIDA_Q7,2026-09-22T20:24:57+07:00,0,0.0,served,ST_EVO_LAVIDA_Q7_P1
ARR_004591,ST_EVO_AUDI_HCM,2026-09-22T20:54:41+07:00,0,0.0,served,ST_EVO_AUDI_HCM_P1
ARR_004592,ST_EVO_DEUTSCHES_HAUS,2026-09-22T21:16:00+07:00,0,0.0,served,ST_EVO_DEUTSCHES_HAUS_P1
ARR_004593,ST_EVO_AUDI_HCM,2026-09-22T21:30:02+07:00,0,0.0,served,ST_EVO_AUDI_HCM_P2
ARR_004594,ST_EVO_AUDI_HCM,2026-09-22T21:39:44+07:00,0,0.0,served,ST_EVO_AUDI_HCM_P1
ARR_004595,ST_EVO_AUDI_HCM,2026-09-22T21:59:08+07:00,0,0.0,served,ST_EVO_AUDI_HCM_P1
ARR_004596,ST_EVO_AUDI_HCM,2026-09-22T22:45:54+07:00,0,0.0,served,ST_EVO_AUDI_HCM_P4
ARR_004597,ST_EVO_DEUTSCHES_HAUS,2026-09-22T22:51:39+07:00,0,0.0,served,ST_EVO_DEUTSCHES_HAUS_P4
ARR_004598,ST_EVO_AUDI_HCM,2026-09-23T00:12:08+07:00,0,0.0,served,ST_EVO_AUDI_HCM_P3
ARR_004599,ST_EVO_DEUTSCHES_HAUS,2026-09-23T02:03:37+07:00,0,15.0,reneged,
ARR_004600,ST_EVO_AUDI_HCM,2026-09-23T06:56:34+07:00,0,0.0,served,ST_EVO_AUDI_HCM_P1
ARR_004601,ST_EVO_AUDI_HCM,2026-09-23T07:02:25+07:00,0,0.0,served,ST_EVO_AUDI_HCM_P2
ARR_004602,ST_EVO_AUDI_HCM,2026-09-23T07:15:01+07:00,0,0.0,served,ST_EVO_AUDI_HCM_P3
ARR_004603,ST_EVO_AUDI_HCM,2026-09-23T07:34:45+07:00,0,0.0,served,ST_EVO_AUDI_HCM_P1
ARR_004604,ST_EVO_AUDI_HCM,2026-09-23T08:05:32+07:00,0,0.0,served,ST_EVO_AUDI_HCM_P1
ARR_004605,ST_EVO_AUDI_HCM,2026-09-23T08:51:57+07:00,0,0.0,served,ST_EVO_AUDI_HCM_P1
ARR_004606,ST_EVO_DEUTSCHES_HAUS,2026-09-23T08:53:33+07:00,0,0.0,served,ST_EVO_DEUTSCHES_HAUS_P2
ARR_004607,ST_EVO_AUDI_HCM,2026-09-23T09:09:48+07:00,0,0.0,served,ST_EVO_AUDI_HCM_P2
ARR_004608,ST_EVO_DEUTSCHES_HAUS,2026-09-23T09:22:09+07:00,0,0.0,served,ST_EVO_DEUTSCHES_HAUS_P3
ARR_004609,ST_EVO_AUDI_HCM,2026-09-23T09:36:17+07:00,0,0.0,served,ST_EVO_AUDI_HCM_P1
ARR_004610,ST_EVO_LAVIDA_Q7,2026-09-23T09:43:23+07:00,0,0.0,served,ST_EVO_LAVIDA_Q7_P1
ARR_004611,ST_EVO_AUDI_HCM,2026-09-23T09:49:17+07:00,0,0.0,served,ST_EVO_AUDI_HCM_P3
ARR_004612,ST_EVO_LAVIDA_Q7,2026-09-23T10:18:49+07:00,0,2.97,served,ST_EVO_LAVIDA_Q7_P1
ARR_004613,ST_EVO_AUDI_HCM,2026-09-23T10:22:13+07:00,0,0.0,served,ST_EVO_AUDI_HCM_P1
ARR_004614,ST_EVO_AUDI_HCM,2026-09-23T10:28:47+07:00,0,0.0,served,ST_EVO_AUDI_HCM_P2
ARR_004615,ST_EVO_AUDI_HCM,2026-09-23T10:38:02+07:00,0,0.0,served,ST_EVO_AUDI_HCM_P4
ARR_004616,ST_EVO_DEUTSCHES_HAUS,2026-09-23T10:39:40+07:00,0,0.0,served,ST_EVO_DEUTSCHES_HAUS_P2
ARR_004617,ST_EVO_LAVIDA_Q7,2026-09-23T10:45:20+07:00,0,11.88,served,ST_EVO_LAVIDA_Q7_P1
ARR_004618,ST_EVO_AUDI_HCM,2026-09-23T10:56:25+07:00,0,0.82,served,ST_EVO_AUDI_HCM_P2
ARR_004619,ST_EVO_LAVIDA_Q7,2026-09-23T11:03:39+07:00,0,34.5,reneged,
ARR_004620,ST_EVO_AUDI_HCM,2026-09-23T11:12:57+07:00,0,0.0,served,ST_EVO_AUDI_HCM_P1
ARR_004621,ST_EVO_LAVIDA_Q7,2026-09-23T11:16:36+07:00,1,23.93,served,ST_EVO_LAVIDA_Q7_P1
ARR_004622,ST_EVO_AUDI_HCM,2026-09-23T11:18:26+07:00,0,9.67,served,ST_EVO_AUDI_HCM_P2
ARR_004623,ST_EVO_AUDI_HCM,2026-09-23T11:18:58+07:00,1,12.82,served,ST_EVO_AUDI_HCM_P1
ARR_004624,ST_EVO_LAVIDA_Q7,2026-09-23T11:40:32+07:00,0,12.1,reneged,
ARR_004625,ST_EVO_AUDI_HCM,2026-09-23T11:51:52+07:00,0,0.0,served,ST_EVO_AUDI_HCM_P2
ARR_004626,ST_EVO_AUDI_HCM,2026-09-23T11:59:37+07:00,0,4.33,served,ST_EVO_AUDI_HCM_P1
ARR_004627,ST_EVO_AUDI_HCM,2026-09-23T12:02:33+07:00,1,12.92,served,ST_EVO_AUDI_HCM_P2
ARR_004628,ST_EVO_AUDI_HCM,2026-09-23T12:14:26+07:00,1,19.32,served,ST_EVO_AUDI_HCM_P1
ARR_004629,ST_EVO_AUDI_HCM,2026-09-23T12:39:49+07:00,0,8.1,reneged,
ARR_004630,ST_EVO_AUDI_HCM,2026-09-23T13:06:29+07:00,0,3.3,served,ST_EVO_AUDI_HCM_P2
ARR_004631,ST_EVO_DEUTSCHES_HAUS,2026-09-23T13:10:01+07:00,0,0.0,served,ST_EVO_DEUTSCHES_HAUS_P1
ARR_004632,ST_EVO_AUDI_HCM,2026-09-23T13:11:44+07:00,0,15.75,served,ST_EVO_AUDI_HCM_P1
ARR_004633,ST_EVO_AUDI_HCM,2026-09-23T13:36:29+07:00,0,0.0,served,ST_EVO_AUDI_HCM_P2
ARR_004634,ST_EVO_AUDI_HCM,2026-09-23T13:42:15+07:00,0,13.02,served,ST_EVO_AUDI_HCM_P2
ARR_004635,ST_EVO_AUDI_HCM,2026-09-23T13:54:42+07:00,1,12.9,served,ST_EVO_AUDI_HCM_P1
ARR_004636,ST_EVO_AUDI_HCM,2026-09-23T14:05:52+07:00,1,20.03,served,ST_EVO_AUDI_HCM_P1
ARR_004637,ST_EVO_AUDI_HCM,2026-09-23T14:08:13+07:00,1,28.82,served,ST_EVO_AUDI_HCM_P2
ARR_004638,ST_EVO_DEUTSCHES_HAUS,2026-09-23T14:19:05+07:00,0,0.0,served,ST_EVO_DEUTSCHES_HAUS_P2
ARR_004639,ST_EVO_AUDI_HCM,2026-09-23T14:19:26+07:00,2,40.8,reneged,
ARR_004640,ST_EVO_AUDI_HCM,2026-09-23T14:27:27+07:00,2,35.6,reneged,
ARR_004641,ST_EVO_AUDI_HCM,2026-09-23T15:00:55+07:00,1,4.77,served,ST_EVO_AUDI_HCM_P2
ARR_004642,ST_EVO_AUDI_HCM,2026-09-23T15:26:08+07:00,0,0.0,served,ST_EVO_AUDI_HCM_P2
ARR_004643,ST_EVO_AUDI_HCM,2026-09-23T16:15:39+07:00,0,0.0,served,ST_EVO_AUDI_HCM_P1
ARR_004644,ST_EVO_AUDI_HCM,2026-09-23T16:44:39+07:00,0,0.0,served,ST_EVO_AUDI_HCM_P2
ARR_004645,ST_EVO_AUDI_HCM,2026-09-23T17:12:59+07:00,0,0.0,served,ST_EVO_AUDI_HCM_P1
ARR_004646,ST_EVO_AUDI_HCM,2026-09-23T17:17:35+07:00,0,0.0,served,ST_EVO_AUDI_HCM_P3
ARR_004647,ST_EVO_AUDI_HCM,2026-09-23T17:33:19+07:00,0,0.0,served,ST_EVO_AUDI_HCM_P2
ARR_004648,ST_EVO_DEUTSCHES_HAUS,2026-09-23T17:34:07+07:00,0,0.0,served,ST_EVO_DEUTSCHES_HAUS_P2
ARR_004649,ST_EVO_DEUTSCHES_HAUS,2026-09-23T17:48:03+07:00,0,0.0,served,ST_EVO_DEUTSCHES_HAUS_P3
ARR_004650,ST_EVO_DEUTSCHES_HAUS,2026-09-23T17:50:27+07:00,0,0.0,served,ST_EVO_DEUTSCHES_HAUS_P4
ARR_004651,ST_EVO_AUDI_HCM,2026-09-23T17:50:43+07:00,0,0.0,served,ST_EVO_AUDI_HCM_P1
ARR_004652,ST_EVO_AUDI_HCM,2026-09-23T18:01:06+07:00,0,0.0,served,ST_EVO_AUDI_HCM_P2
ARR_004653,ST_EVO_AUDI_HCM,2026-09-23T18:02:01+07:00,0,0.0,served,ST_EVO_AUDI_HCM_P4
ARR_004654,ST_EVO_AUDI_HCM,2026-09-23T18:05:33+07:00,0,14.9,served,ST_EVO_AUDI_HCM_P1
ARR_004655,ST_EVO_AUDI_HCM,2026-09-23T18:28:36+07:00,0,14.08,served,ST_EVO_AUDI_HCM_P2
ARR_004656,ST_EVO_AUDI_HCM,2026-09-23T18:36:32+07:00,1,16.58,served,ST_EVO_AUDI_HCM_P1
ARR_004657,ST_EVO_AUDI_HCM,2026-09-23T18:45:25+07:00,1,29.1,reneged,
ARR_004658,ST_EVO_DEUTSCHES_HAUS,2026-09-23T18:55:42+07:00,0,0.0,served,ST_EVO_DEUTSCHES_HAUS_P1
ARR_004659,ST_EVO_LAVIDA_Q7,2026-09-23T19:23:54+07:00,0,0.0,served,ST_EVO_LAVIDA_Q7_P1
ARR_004660,ST_EVO_DEUTSCHES_HAUS,2026-09-23T19:25:46+07:00,0,10.9,reneged,
ARR_004661,ST_EVO_DEUTSCHES_HAUS,2026-09-23T19:31:03+07:00,1,22.2,reneged,
ARR_004662,ST_EVO_DEUTSCHES_HAUS,2026-09-23T20:04:34+07:00,0,15.8,reneged,
ARR_004663,ST_EVO_AUDI_HCM,2026-09-23T20:22:09+07:00,0,0.0,served,ST_EVO_AUDI_HCM_P1
ARR_004664,ST_EVO_DEUTSCHES_HAUS,2026-09-23T20:36:31+07:00,0,8.8,reneged,
ARR_004665,ST_EVO_AUDI_HCM,2026-09-23T20:58:52+07:00,0,0.0,served,ST_EVO_AUDI_HCM_P1
ARR_004666,ST_EVO_AUDI_HCM,2026-09-23T21:32:44+07:00,0,0.0,served,ST_EVO_AUDI_HCM_P2
ARR_004667,ST_EVO_AUDI_HCM,2026-09-24T00:44:35+07:00,0,0.0,served,ST_EVO_AUDI_HCM_P1
ARR_004668,ST_EVO_DEUTSCHES_HAUS,2026-09-24T03:33:58+07:00,0,0.0,served,ST_EVO_DEUTSCHES_HAUS_P1
ARR_004669,ST_EVO_DEUTSCHES_HAUS,2026-09-24T03:42:20+07:00,0,0.0,served,ST_EVO_DEUTSCHES_HAUS_P2
ARR_004670,ST_EVO_AUDI_HCM,2026-09-24T08:35:22+07:00,0,0.0,served,ST_EVO_AUDI_HCM_P1
ARR_004671,ST_EVO_DEUTSCHES_HAUS,2026-09-24T08:58:12+07:00,0,0.0,served,ST_EVO_DEUTSCHES_HAUS_P2
ARR_004672,ST_EVO_DEUTSCHES_HAUS,2026-09-24T09:06:38+07:00,0,0.0,served,ST_EVO_DEUTSCHES_HAUS_P3
ARR_004673,ST_EVO_AUDI_HCM,2026-09-24T09:15:20+07:00,0,0.0,served,ST_EVO_AUDI_HCM_P2
ARR_004674,ST_EVO_DEUTSCHES_HAUS,2026-09-24T09:20:59+07:00,0,0.0,served,ST_EVO_DEUTSCHES_HAUS_P4
ARR_004675,ST_EVO_AUDI_HCM,2026-09-24T09:23:30+07:00,0,0.0,served,ST_EVO_AUDI_HCM_P3
ARR_004676,ST_EVO_LAVIDA_Q7,2026-09-24T09:55:23+07:00,0,0.0,served,ST_EVO_LAVIDA_Q7_P1
ARR_004677,ST_EVO_DEUTSCHES_HAUS,2026-09-24T09:57:09+07:00,0,0.0,served,ST_EVO_DEUTSCHES_HAUS_P1
ARR_004678,ST_EVO_DEUTSCHES_HAUS,2026-09-24T10:03:48+07:00,0,4.28,served,ST_EVO_DEUTSCHES_HAUS_P3
ARR_004679,ST_EVO_AUDI_HCM,2026-09-24T10:04:21+07:00,0,0.0,served,ST_EVO_AUDI_HCM_P1
ARR_004680,ST_EVO_AUDI_HCM,2026-09-24T10:13:59+07:00,0,0.0,served,ST_EVO_AUDI_HCM_P2
ARR_004681,ST_EVO_AUDI_HCM,2026-09-24T10:15:17+07:00,0,0.0,served,ST_EVO_AUDI_HCM_P4
ARR_004682,ST_EVO_LAVIDA_Q7,2026-09-24T10:18:03+07:00,0,0.4,served,ST_EVO_LAVIDA_Q7_P1
ARR_004683,ST_EVO_LAVIDA_Q7,2026-09-24T10:35:36+07:00,0,23.75,served,ST_EVO_LAVIDA_Q7_P1
ARR_004684,ST_EVO_DEUTSCHES_HAUS,2026-09-24T10:42:32+07:00,0,36.1,reneged,
ARR_004685,ST_EVO_AUDI_HCM,2026-09-24T10:44:31+07:00,0,0.0,served,ST_EVO_AUDI_HCM_P1
ARR_004686,ST_EVO_AUDI_HCM,2026-09-24T10:49:42+07:00,0,10.07,served,ST_EVO_AUDI_HCM_P1
ARR_004687,ST_EVO_AUDI_HCM,2026-09-24T10:53:50+07:00,1,7.03,served,ST_EVO_AUDI_HCM_P2
ARR_004688,ST_EVO_LAVIDA_Q7,2026-09-24T10:55:47+07:00,1,47.62,served,ST_EVO_LAVIDA_Q7_P1
ARR_004689,ST_EVO_AUDI_HCM,2026-09-24T11:06:54+07:00,0,8.48,served,ST_EVO_AUDI_HCM_P2
ARR_004690,ST_EVO_DEUTSCHES_HAUS,2026-09-24T11:08:11+07:00,1,34.3,reneged,
ARR_004691,ST_EVO_AUDI_HCM,2026-09-24T11:09:50+07:00,1,29.6,reneged,
ARR_004692,ST_EVO_AUDI_HCM,2026-09-24T11:25:15+07:00,1,19.23,served,ST_EVO_AUDI_HCM_P3
ARR_004693,ST_EVO_LAVIDA_Q7,2026-09-24T11:35:19+07:00,1,20.2,reneged,
ARR_004694,ST_EVO_AUDI_HCM,2026-09-24T11:39:25+07:00,2,5.75,served,ST_EVO_AUDI_HCM_P1
ARR_004695,ST_EVO_AUDI_HCM,2026-09-24T11:43:41+07:00,2,5.3,reneged,
ARR_004696,ST_EVO_LAVIDA_Q7,2026-09-24T12:01:16+07:00,0,8.77,served,ST_EVO_LAVIDA_Q7_P1
ARR_004697,ST_EVO_AUDI_HCM,2026-09-24T12:02:08+07:00,0,0.0,served,ST_EVO_AUDI_HCM_P2
ARR_004698,ST_EVO_AUDI_HCM,2026-09-24T12:06:26+07:00,0,7.25,served,ST_EVO_AUDI_HCM_P1
ARR_004699,ST_EVO_DEUTSCHES_HAUS,2026-09-24T12:06:56+07:00,0,0.0,served,ST_EVO_DEUTSCHES_HAUS_P1
ARR_004700,ST_EVO_DEUTSCHES_HAUS,2026-09-24T12:09:02+07:00,0,13.85,served,ST_EVO_DEUTSCHES_HAUS_P4
ARR_004701,ST_EVO_DEUTSCHES_HAUS,2026-09-24T12:13:42+07:00,1,18.3,reneged,
ARR_004702,ST_EVO_DEUTSCHES_HAUS,2026-09-24T12:20:09+07:00,2,21.1,served,ST_EVO_DEUTSCHES_HAUS_P2
ARR_004703,ST_EVO_AUDI_HCM,2026-09-24T12:22:27+07:00,0,18.95,served,ST_EVO_AUDI_HCM_P2
ARR_004704,ST_EVO_DEUTSCHES_HAUS,2026-09-24T12:42:48+07:00,0,16.7,reneged,
ARR_004705,ST_EVO_LAVIDA_Q7,2026-09-24T12:46:44+07:00,0,13.38,served,ST_EVO_LAVIDA_Q7_P1
ARR_004706,ST_EVO_AUDI_HCM,2026-09-24T12:47:16+07:00,0,6.98,served,ST_EVO_AUDI_HCM_P1
ARR_004707,ST_EVO_LAVIDA_Q7,2026-09-24T13:00:33+07:00,0,42.7,reneged,
ARR_004708,ST_EVO_AUDI_HCM,2026-09-24T13:01:48+07:00,0,11.1,reneged,
ARR_004709,ST_EVO_AUDI_HCM,2026-09-24T13:05:29+07:00,1,8.98,served,ST_EVO_AUDI_HCM_P2
ARR_004710,ST_EVO_AUDI_HCM,2026-09-24T13:10:05+07:00,2,4.7,served,ST_EVO_AUDI_HCM_P1
ARR_004711,ST_EVO_LAVIDA_Q7,2026-09-24T13:23:31+07:00,1,15.9,reneged,
ARR_004712,ST_EVO_AUDI_HCM,2026-09-24T13:28:56+07:00,0,0.0,served,ST_EVO_AUDI_HCM_P1
ARR_004713,ST_EVO_DEUTSCHES_HAUS,2026-09-24T13:29:35+07:00,0,36.1,reneged,
ARR_004714,ST_EVO_LAVIDA_Q7,2026-09-24T13:45:11+07:00,0,1.58,served,ST_EVO_LAVIDA_Q7_P1
ARR_004715,ST_EVO_AUDI_HCM,2026-09-24T13:56:08+07:00,0,0.0,served,ST_EVO_AUDI_HCM_P1
ARR_004716,ST_EVO_DEUTSCHES_HAUS,2026-09-24T13:57:29+07:00,1,8.25,served,ST_EVO_DEUTSCHES_HAUS_P3
ARR_004717,ST_EVO_AUDI_HCM,2026-09-24T13:59:27+07:00,0,0.0,served,ST_EVO_AUDI_HCM_P2
ARR_004718,ST_EVO_AUDI_HCM,2026-09-24T14:01:05+07:00,0,23.8,reneged,
ARR_004719,ST_EVO_AUDI_HCM,2026-09-24T14:07:14+07:00,1,23.38,served,ST_EVO_AUDI_HCM_P2
ARR_004720,ST_EVO_AUDI_HCM,2026-09-24T14:08:22+07:00,2,22.6,reneged,
ARR_004721,ST_EVO_AUDI_HCM,2026-09-24T14:27:54+07:00,2,3.43,served,ST_EVO_AUDI_HCM_P1
ARR_004722,ST_EVO_AUDI_HCM,2026-09-24T14:32:33+07:00,0,15.8,reneged,
ARR_004723,ST_EVO_AUDI_HCM,2026-09-24T14:42:24+07:00,1,8.6,reneged,
ARR_004724,ST_EVO_AUDI_HCM,2026-09-24T14:57:31+07:00,0,10.02,served,ST_EVO_AUDI_HCM_P1
ARR_004725,ST_EVO_AUDI_HCM,2026-09-24T14:59:44+07:00,1,15.75,served,ST_EVO_AUDI_HCM_P1
ARR_004726,ST_EVO_DEUTSCHES_HAUS,2026-09-24T15:00:27+07:00,0,0.0,served,ST_EVO_DEUTSCHES_HAUS_P1
ARR_004727,ST_EVO_AUDI_HCM,2026-09-24T15:07:52+07:00,1,21.35,served,ST_EVO_AUDI_HCM_P2
ARR_004728,ST_EVO_DEUTSCHES_HAUS,2026-09-24T15:12:23+07:00,0,54.8,reneged,
ARR_004729,ST_EVO_DEUTSCHES_HAUS,2026-09-24T15:50:27+07:00,1,36.4,reneged,
ARR_004730,ST_EVO_AUDI_HCM,2026-09-24T15:53:40+07:00,0,0.0,served,ST_EVO_AUDI_HCM_P4
ARR_004731,ST_EVO_AUDI_HCM,2026-09-24T16:03:24+07:00,0,0.0,served,ST_EVO_AUDI_HCM_P1
ARR_004732,ST_EVO_AUDI_HCM,2026-09-24T16:03:38+07:00,0,9.92,served,ST_EVO_AUDI_HCM_P2
ARR_004733,ST_EVO_LAVIDA_Q7,2026-09-24T16:21:49+07:00,0,0.0,served,ST_EVO_LAVIDA_Q7_P1
ARR_004734,ST_EVO_DEUTSCHES_HAUS,2026-09-24T16:24:27+07:00,1,16.9,reneged,
ARR_004735,ST_EVO_AUDI_HCM,2026-09-24T16:30:57+07:00,0,0.0,served,ST_EVO_AUDI_HCM_P1
ARR_004736,ST_EVO_AUDI_HCM,2026-09-24T16:31:07+07:00,0,9.1,served,ST_EVO_AUDI_HCM_P2
ARR_004737,ST_EVO_DEUTSCHES_HAUS,2026-09-24T16:42:30+07:00,0,18.12,served,ST_EVO_DEUTSCHES_HAUS_P4
ARR_004738,ST_EVO_LAVIDA_Q7,2026-09-24T16:54:46+07:00,0,17.3,reneged,
ARR_004739,ST_EVO_AUDI_HCM,2026-09-24T16:54:54+07:00,0,1.9,served,ST_EVO_AUDI_HCM_P4
ARR_004740,ST_EVO_AUDI_HCM,2026-09-24T16:59:38+07:00,0,3.7,served,ST_EVO_AUDI_HCM_P2
ARR_004741,ST_EVO_LAVIDA_Q7,2026-09-24T17:07:41+07:00,1,27.5,served,ST_EVO_LAVIDA_Q7_P1
ARR_004742,ST_EVO_LAVIDA_Q7,2026-09-24T17:09:46+07:00,2,43.6,reneged,
ARR_004743,ST_EVO_DEUTSCHES_HAUS,2026-09-24T17:14:40+07:00,0,18.37,served,ST_EVO_DEUTSCHES_HAUS_P3
ARR_004744,ST_EVO_AUDI_HCM,2026-09-24T17:15:37+07:00,0,0.0,served,ST_EVO_AUDI_HCM_P1
ARR_004745,ST_EVO_LAVIDA_Q7,2026-09-24T17:25:58+07:00,2,19.4,reneged,
ARR_004746,ST_EVO_AUDI_HCM,2026-09-24T17:34:58+07:00,0,1.07,served,ST_EVO_AUDI_HCM_P2
ARR_004747,ST_EVO_AUDI_HCM,2026-09-24T17:58:24+07:00,0,0.0,served,ST_EVO_AUDI_HCM_P1
ARR_004748,ST_EVO_AUDI_HCM,2026-09-24T18:06:01+07:00,0,0.0,served,ST_EVO_AUDI_HCM_P3
ARR_004749,ST_EVO_AUDI_HCM,2026-09-24T18:06:45+07:00,0,13.27,served,ST_EVO_AUDI_HCM_P1
ARR_004750,ST_EVO_DEUTSCHES_HAUS,2026-09-24T18:49:33+07:00,0,14.02,served,ST_EVO_DEUTSCHES_HAUS_P1
ARR_004751,ST_EVO_AUDI_HCM,2026-09-24T18:52:46+07:00,0,0.0,served,ST_EVO_AUDI_HCM_P2
ARR_004752,ST_EVO_AUDI_HCM,2026-09-24T18:54:28+07:00,0,5.27,served,ST_EVO_AUDI_HCM_P1
ARR_004753,ST_EVO_DEUTSCHES_HAUS,2026-09-24T19:12:11+07:00,0,16.7,reneged,
ARR_004754,ST_EVO_DEUTSCHES_HAUS,2026-09-24T19:19:36+07:00,1,48.8,reneged,
ARR_004755,ST_EVO_LAVIDA_Q7,2026-09-24T19:20:56+07:00,0,0.0,served,ST_EVO_LAVIDA_Q7_P1
ARR_004756,ST_EVO_AUDI_HCM,2026-09-24T19:42:47+07:00,0,0.0,served,ST_EVO_AUDI_HCM_P1
ARR_004757,ST_EVO_DEUTSCHES_HAUS,2026-09-24T19:46:17+07:00,1,19.4,reneged,
ARR_004758,ST_EVO_AUDI_HCM,2026-09-24T19:48:17+07:00,0,0.0,served,ST_EVO_AUDI_HCM_P2
ARR_004759,ST_EVO_DEUTSCHES_HAUS,2026-09-24T20:14:55+07:00,0,0.0,served,ST_EVO_DEUTSCHES_HAUS_P2
ARR_004760,ST_EVO_AUDI_HCM,2026-09-24T20:26:32+07:00,0,0.0,served,ST_EVO_AUDI_HCM_P2
ARR_004761,ST_EVO_AUDI_HCM,2026-09-24T20:33:42+07:00,0,0.0,served,ST_EVO_AUDI_HCM_P1
ARR_004762,ST_EVO_DEUTSCHES_HAUS,2026-09-24T20:37:21+07:00,0,11.4,reneged,
ARR_004763,ST_EVO_LAVIDA_Q7,2026-09-24T20:42:10+07:00,0,0.0,served,ST_EVO_LAVIDA_Q7_P1
ARR_004764,ST_EVO_LAVIDA_Q7,2026-09-24T20:45:24+07:00,0,18.7,reneged,
ARR_004765,ST_EVO_AUDI_HCM,2026-09-24T21:05:32+07:00,0,0.0,served,ST_EVO_AUDI_HCM_P2
ARR_004766,ST_EVO_LAVIDA_Q7,2026-09-24T21:14:15+07:00,0,0.0,served,ST_EVO_LAVIDA_Q7_P1
ARR_004767,ST_EVO_AUDI_HCM,2026-09-24T21:38:23+07:00,0,0.0,served,ST_EVO_AUDI_HCM_P1
ARR_004768,ST_EVO_DEUTSCHES_HAUS,2026-09-24T22:07:32+07:00,0,26.9,reneged,
ARR_004769,ST_EVO_DEUTSCHES_HAUS,2026-09-24T22:23:54+07:00,1,13.8,reneged,
ARR_004770,ST_EVO_AUDI_HCM,2026-09-24T22:36:51+07:00,0,0.0,served,ST_EVO_AUDI_HCM_P2
ARR_004771,ST_EVO_AUDI_HCM,2026-09-25T01:26:28+07:00,0,0.0,served,ST_EVO_AUDI_HCM_P2
ARR_004772,ST_EVO_DEUTSCHES_HAUS,2026-09-25T01:54:12+07:00,0,22.8,reneged,
ARR_004773,ST_EVO_LAVIDA_Q7,2026-09-25T04:48:22+07:00,0,0.0,served,ST_EVO_LAVIDA_Q7_P1
ARR_004774,ST_EVO_AUDI_HCM,2026-09-25T07:16:16+07:00,0,0.0,served,ST_EVO_AUDI_HCM_P1
ARR_004775,ST_EVO_DEUTSCHES_HAUS,2026-09-25T07:23:16+07:00,0,0.0,served,ST_EVO_DEUTSCHES_HAUS_P2
ARR_004776,ST_EVO_AUDI_HCM,2026-09-25T07:26:55+07:00,0,0.0,served,ST_EVO_AUDI_HCM_P2
ARR_004777,ST_EVO_AUDI_HCM,2026-09-25T07:34:14+07:00,0,0.0,served,ST_EVO_AUDI_HCM_P3
ARR_004778,ST_EVO_DEUTSCHES_HAUS,2026-09-25T08:08:35+07:00,0,0.0,served,ST_EVO_DEUTSCHES_HAUS_P3
ARR_004779,ST_EVO_AUDI_HCM,2026-09-25T08:21:10+07:00,0,0.0,served,ST_EVO_AUDI_HCM_P1
ARR_004780,ST_EVO_LAVIDA_Q7,2026-09-25T08:45:55+07:00,0,0.0,served,ST_EVO_LAVIDA_Q7_P1
ARR_004781,ST_EVO_DEUTSCHES_HAUS,2026-09-25T08:58:38+07:00,0,60.4,reneged,
ARR_004782,ST_EVO_AUDI_HCM,2026-09-25T09:00:12+07:00,0,0.0,served,ST_EVO_AUDI_HCM_P1
ARR_004783,ST_EVO_DEUTSCHES_HAUS,2026-09-25T09:08:36+07:00,1,28.4,reneged,
ARR_004784,ST_EVO_DEUTSCHES_HAUS,2026-09-25T09:12:50+07:00,2,28.0,reneged,
ARR_004785,ST_EVO_AUDI_HCM,2026-09-25T09:51:20+07:00,0,0.0,served,ST_EVO_AUDI_HCM_P1
ARR_004786,ST_EVO_DEUTSCHES_HAUS,2026-09-25T10:13:06+07:00,0,15.63,served,ST_EVO_DEUTSCHES_HAUS_P4
ARR_004787,ST_EVO_DEUTSCHES_HAUS,2026-09-25T10:16:46+07:00,1,31.1,reneged,
ARR_004788,ST_EVO_AUDI_HCM,2026-09-25T10:17:55+07:00,0,0.0,served,ST_EVO_AUDI_HCM_P1
ARR_004789,ST_EVO_AUDI_HCM,2026-09-25T10:19:07+07:00,0,0.0,served,ST_EVO_AUDI_HCM_P2
ARR_004790,ST_EVO_AUDI_HCM,2026-09-25T10:26:17+07:00,0,0.0,served,ST_EVO_AUDI_HCM_P4
ARR_004791,ST_EVO_AUDI_HCM,2026-09-25T10:40:06+07:00,0,21.32,served,ST_EVO_AUDI_HCM_P2
ARR_004792,ST_EVO_AUDI_HCM,2026-09-25T10:50:51+07:00,1,16.15,served,ST_EVO_AUDI_HCM_P1
ARR_004793,ST_EVO_AUDI_HCM,2026-09-25T10:54:22+07:00,2,15.7,reneged,
ARR_004794,ST_EVO_AUDI_HCM,2026-09-25T10:57:44+07:00,3,28.7,reneged,
ARR_004795,ST_EVO_AUDI_HCM,2026-09-25T11:05:16+07:00,3,24.05,served,ST_EVO_AUDI_HCM_P2
ARR_004796,ST_EVO_LAVIDA_Q7,2026-09-25T11:08:37+07:00,0,0.0,served,ST_EVO_LAVIDA_Q7_P1
ARR_004797,ST_EVO_DEUTSCHES_HAUS,2026-09-25T11:09:41+07:00,0,0.0,served,ST_EVO_DEUTSCHES_HAUS_P1
ARR_004798,ST_EVO_AUDI_HCM,2026-09-25T11:15:44+07:00,2,19.35,served,ST_EVO_AUDI_HCM_P1
ARR_004799,ST_EVO_AUDI_HCM,2026-09-25T11:17:21+07:00,3,38.6,reneged,
ARR_004800,ST_EVO_AUDI_HCM,2026-09-25T11:18:02+07:00,4,55.25,served,ST_EVO_AUDI_HCM_P4
ARR_004801,ST_EVO_DEUTSCHES_HAUS,2026-09-25T11:19:50+07:00,0,22.9,reneged,
ARR_004802,ST_EVO_AUDI_HCM,2026-09-25T11:31:27+07:00,3,14.3,reneged,
ARR_004803,ST_EVO_DEUTSCHES_HAUS,2026-09-25T11:36:53+07:00,1,6.55,served,ST_EVO_DEUTSCHES_HAUS_P3
ARR_004804,ST_EVO_AUDI_HCM,2026-09-25T11:37:22+07:00,3,35.2,reneged,
ARR_004805,ST_EVO_LAVIDA_Q7,2026-09-25T11:37:52+07:00,0,1.13,served,ST_EVO_LAVIDA_Q7_P1
ARR_004806,ST_EVO_AUDI_HCM,2026-09-25T11:38:56+07:00,4,41.37,served,ST_EVO_AUDI_HCM_P2
ARR_004807,ST_EVO_DEUTSCHES_HAUS,2026-09-25T11:39:23+07:00,2,27.0,reneged,
ARR_004808,ST_EVO_DEUTSCHES_HAUS,2026-09-25T11:43:02+07:00,2,16.4,reneged,
ARR_004809,ST_EVO_AUDI_HCM,2026-09-25T11:46:59+07:00,4,17.5,reneged,
ARR_004810,ST_EVO_AUDI_HCM,2026-09-25T11:49:16+07:00,5,15.1,reneged,
ARR_004811,ST_EVO_AUDI_HCM,2026-09-25T11:52:17+07:00,6,24.8,reneged,
ARR_004812,ST_EVO_AUDI_HCM,2026-09-25T11:54:00+07:00,7,15.1,reneged,
ARR_004813,ST_EVO_DEUTSCHES_HAUS,2026-09-25T11:58:43+07:00,2,22.3,reneged,
ARR_004814,ST_EVO_LAVIDA_Q7,2026-09-25T12:03:26+07:00,0,26.6,reneged,
ARR_004815,ST_EVO_DEUTSCHES_HAUS,2026-09-25T12:03:53+07:00,2,22.32,served,ST_EVO_DEUTSCHES_HAUS_P4
ARR_004816,ST_EVO_DEUTSCHES_HAUS,2026-09-25T12:04:52+07:00,3,9.2,reneged,
ARR_004817,ST_EVO_DEUTSCHES_HAUS,2026-09-25T12:13:20+07:00,3,7.7,reneged,
ARR_004818,ST_EVO_LAVIDA_Q7,2026-09-25T12:15:31+07:00,1,28.45,served,ST_EVO_LAVIDA_Q7_P1
ARR_004819,ST_EVO_DEUTSCHES_HAUS,2026-09-25T12:19:20+07:00,3,12.3,reneged,
ARR_004820,ST_EVO_AUDI_HCM,2026-09-25T12:19:21+07:00,1,17.28,served,ST_EVO_AUDI_HCM_P2
ARR_004821,ST_EVO_AUDI_HCM,2026-09-25T12:22:06+07:00,1,29.83,served,ST_EVO_AUDI_HCM_P1
ARR_004822,ST_EVO_AUDI_HCM,2026-09-25T12:26:42+07:00,2,16.4,reneged,
ARR_004823,ST_EVO_AUDI_HCM,2026-09-25T12:32:32+07:00,3,26.25,served,ST_EVO_AUDI_HCM_P2
ARR_004824,ST_EVO_AUDI_HCM,2026-09-25T12:37:58+07:00,3,23.4,reneged,
ARR_004825,ST_EVO_AUDI_HCM,2026-09-25T12:41:17+07:00,4,30.23,served,ST_EVO_AUDI_HCM_P1
ARR_004826,ST_EVO_LAVIDA_Q7,2026-09-25T12:42:13+07:00,1,19.5,reneged,
ARR_004827,ST_EVO_AUDI_HCM,2026-09-25T12:46:05+07:00,4,16.1,reneged,
ARR_004828,ST_EVO_LAVIDA_Q7,2026-09-25T12:49:21+07:00,1,15.7,reneged,
ARR_004829,ST_EVO_AUDI_HCM,2026-09-25T12:50:56+07:00,5,22.9,served,ST_EVO_AUDI_HCM_P2
ARR_004830,ST_EVO_DEUTSCHES_HAUS,2026-09-25T13:03:19+07:00,0,0.0,served,ST_EVO_DEUTSCHES_HAUS_P1
ARR_004831,ST_EVO_AUDI_HCM,2026-09-25T13:20:52+07:00,0,10.78,served,ST_EVO_AUDI_HCM_P3
ARR_004832,ST_EVO_LAVIDA_Q7,2026-09-25T13:24:16+07:00,0,10.52,served,ST_EVO_LAVIDA_Q7_P1
ARR_004833,ST_EVO_AUDI_HCM,2026-09-25T13:26:14+07:00,1,17.43,served,ST_EVO_AUDI_HCM_P2
ARR_004834,ST_EVO_DEUTSCHES_HAUS,2026-09-25T13:39:11+07:00,0,0.0,served,ST_EVO_DEUTSCHES_HAUS_P2
ARR_004835,ST_EVO_AUDI_HCM,2026-09-25T13:54:28+07:00,0,0.0,served,ST_EVO_AUDI_HCM_P1
ARR_004836,ST_EVO_DEUTSCHES_HAUS,2026-09-25T14:18:11+07:00,0,17.1,reneged,
ARR_004837,ST_EVO_AUDI_HCM,2026-09-25T14:38:00+07:00,0,0.0,served,ST_EVO_AUDI_HCM_P1
ARR_004838,ST_EVO_LAVIDA_Q7,2026-09-25T14:44:31+07:00,0,21.3,reneged,
ARR_004839,ST_EVO_AUDI_HCM,2026-09-25T15:04:56+07:00,0,0.0,served,ST_EVO_AUDI_HCM_P2
ARR_004840,ST_EVO_AUDI_HCM,2026-09-25T15:10:10+07:00,0,0.0,served,ST_EVO_AUDI_HCM_P4
ARR_004841,ST_EVO_AUDI_HCM,2026-09-25T15:22:39+07:00,0,0.0,served,ST_EVO_AUDI_HCM_P1
ARR_004842,ST_EVO_DEUTSCHES_HAUS,2026-09-25T15:29:48+07:00,0,10.6,reneged,
ARR_004843,ST_EVO_LAVIDA_Q7,2026-09-25T15:32:41+07:00,0,6.75,served,ST_EVO_LAVIDA_Q7_P1
ARR_004844,ST_EVO_DEUTSCHES_HAUS,2026-09-25T15:33:44+07:00,1,46.5,reneged,
ARR_004845,ST_EVO_AUDI_HCM,2026-09-25T15:42:34+07:00,0,10.02,served,ST_EVO_AUDI_HCM_P2
ARR_004846,ST_EVO_AUDI_HCM,2026-09-25T15:46:48+07:00,1,6.1,reneged,
ARR_004847,ST_EVO_LAVIDA_Q7,2026-09-25T16:08:59+07:00,0,0.0,served,ST_EVO_LAVIDA_Q7_P1
ARR_004848,ST_EVO_AUDI_HCM,2026-09-25T16:13:43+07:00,0,0.0,served,ST_EVO_AUDI_HCM_P1
ARR_004849,ST_EVO_DEUTSCHES_HAUS,2026-09-25T16:17:03+07:00,1,24.9,reneged,
ARR_004850,ST_EVO_LAVIDA_Q7,2026-09-25T16:17:34+07:00,0,21.4,reneged,
ARR_004851,ST_EVO_DEUTSCHES_HAUS,2026-09-25T16:24:46+07:00,1,26.78,served,ST_EVO_DEUTSCHES_HAUS_P4
ARR_004852,ST_EVO_LAVIDA_Q7,2026-09-25T16:40:58+07:00,0,14.38,served,ST_EVO_LAVIDA_Q7_P1
ARR_004853,ST_EVO_DEUTSCHES_HAUS,2026-09-25T16:46:33+07:00,1,22.3,reneged,
ARR_004854,ST_EVO_DEUTSCHES_HAUS,2026-09-25T16:58:20+07:00,1,22.0,reneged,
ARR_004855,ST_EVO_AUDI_HCM,2026-09-25T17:03:06+07:00,0,0.0,served,ST_EVO_AUDI_HCM_P1
ARR_004856,ST_EVO_LAVIDA_Q7,2026-09-25T17:05:13+07:00,0,7.2,reneged,
ARR_004857,ST_EVO_DEUTSCHES_HAUS,2026-09-25T17:08:29+07:00,2,23.2,reneged,
ARR_004858,ST_EVO_DEUTSCHES_HAUS,2026-09-25T17:19:58+07:00,2,29.48,served,ST_EVO_DEUTSCHES_HAUS_P2
ARR_004859,ST_EVO_AUDI_HCM,2026-09-25T17:29:42+07:00,0,0.0,served,ST_EVO_AUDI_HCM_P2
ARR_004860,ST_EVO_DEUTSCHES_HAUS,2026-09-25T17:47:42+07:00,1,20.1,reneged,
ARR_004861,ST_EVO_AUDI_HCM,2026-09-25T18:00:07+07:00,0,0.0,served,ST_EVO_AUDI_HCM_P1
ARR_004862,ST_EVO_AUDI_HCM,2026-09-25T18:01:03+07:00,0,0.0,served,ST_EVO_AUDI_HCM_P2
ARR_004863,ST_EVO_DEUTSCHES_HAUS,2026-09-25T18:02:17+07:00,1,19.55,served,ST_EVO_DEUTSCHES_HAUS_P1
ARR_004864,ST_EVO_LAVIDA_Q7,2026-09-25T18:12:22+07:00,0,0.0,served,ST_EVO_LAVIDA_Q7_P1
ARR_004865,ST_EVO_AUDI_HCM,2026-09-25T18:12:38+07:00,0,4.47,served,ST_EVO_AUDI_HCM_P1
ARR_004866,ST_EVO_AUDI_HCM,2026-09-25T18:18:48+07:00,0,9.0,reneged,
ARR_004867,ST_EVO_LAVIDA_Q7,2026-09-25T18:32:40+07:00,0,9.1,reneged,
ARR_004868,ST_EVO_LAVIDA_Q7,2026-09-25T18:33:52+07:00,1,17.17,served,ST_EVO_LAVIDA_Q7_P1
ARR_004869,ST_EVO_DEUTSCHES_HAUS,2026-09-25T18:41:15+07:00,0,25.6,reneged,
ARR_004870,ST_EVO_AUDI_HCM,2026-09-25T18:46:32+07:00,0,1.67,served,ST_EVO_AUDI_HCM_P2
ARR_004871,ST_EVO_AUDI_HCM,2026-09-25T18:47:02+07:00,1,9.62,served,ST_EVO_AUDI_HCM_P1
ARR_004872,ST_EVO_LAVIDA_Q7,2026-09-25T18:47:29+07:00,1,11.0,reneged,
ARR_004873,ST_EVO_AUDI_HCM,2026-09-25T19:01:34+07:00,0,18.6,reneged,
ARR_004874,ST_EVO_DEUTSCHES_HAUS,2026-09-25T19:11:14+07:00,0,13.7,served,ST_EVO_DEUTSCHES_HAUS_P3
ARR_004875,ST_EVO_AUDI_HCM,2026-09-25T19:16:20+07:00,1,24.3,reneged,
ARR_004876,ST_EVO_AUDI_HCM,2026-09-25T19:46:49+07:00,0,0.0,served,ST_EVO_AUDI_HCM_P2
ARR_004877,ST_EVO_AUDI_HCM,2026-09-25T20:00:58+07:00,0,11.68,served,ST_EVO_AUDI_HCM_P1
ARR_004878,ST_EVO_AUDI_HCM,2026-09-25T20:07:31+07:00,1,17.0,served,ST_EVO_AUDI_HCM_P2
ARR_004879,ST_EVO_AUDI_HCM,2026-09-25T20:20:49+07:00,1,9.5,reneged,
ARR_004880,ST_EVO_DEUTSCHES_HAUS,2026-09-25T20:27:09+07:00,0,0.0,served,ST_EVO_DEUTSCHES_HAUS_P2
ARR_004881,ST_EVO_AUDI_HCM,2026-09-25T20:51:22+07:00,0,6.55,served,ST_EVO_AUDI_HCM_P3
ARR_004882,ST_EVO_AUDI_HCM,2026-09-25T21:29:58+07:00,0,0.0,served,ST_EVO_AUDI_HCM_P1
ARR_004883,ST_EVO_AUDI_HCM,2026-09-25T21:45:55+07:00,0,0.0,served,ST_EVO_AUDI_HCM_P2
ARR_004884,ST_EVO_AUDI_HCM,2026-09-25T21:48:29+07:00,0,0.0,served,ST_EVO_AUDI_HCM_P4
ARR_004885,ST_EVO_AUDI_HCM,2026-09-25T21:54:38+07:00,0,6.85,served,ST_EVO_AUDI_HCM_P2
ARR_004886,ST_EVO_AUDI_HCM,2026-09-25T22:15:35+07:00,0,0.97,served,ST_EVO_AUDI_HCM_P1
ARR_004887,ST_EVO_DEUTSCHES_HAUS,2026-09-25T22:16:36+07:00,0,0.0,served,ST_EVO_DEUTSCHES_HAUS_P1
ARR_004888,ST_EVO_AUDI_HCM,2026-09-25T22:40:27+07:00,0,2.13,served,ST_EVO_AUDI_HCM_P1
ARR_004889,ST_EVO_LAVIDA_Q7,2026-09-25T23:50:15+07:00,0,0.0,served,ST_EVO_LAVIDA_Q7_P1
ARR_004890,ST_EVO_AUDI_HCM,2026-09-26T01:21:33+07:00,0,0.0,served,ST_EVO_AUDI_HCM_P1
ARR_004891,ST_EVO_LAVIDA_Q7,2026-09-26T06:15:41+07:00,0,0.0,served,ST_EVO_LAVIDA_Q7_P1
ARR_004892,ST_EVO_AUDI_HCM,2026-09-26T07:03:06+07:00,0,0.0,served,ST_EVO_AUDI_HCM_P1
ARR_004893,ST_EVO_LAVIDA_Q7,2026-09-26T07:28:01+07:00,0,0.0,served,ST_EVO_LAVIDA_Q7_P1
ARR_004894,ST_EVO_AUDI_HCM,2026-09-26T07:47:55+07:00,0,0.0,served,ST_EVO_AUDI_HCM_P1
ARR_004895,ST_EVO_AUDI_HCM,2026-09-26T08:16:08+07:00,0,0.0,served,ST_EVO_AUDI_HCM_P2
ARR_004896,ST_EVO_DEUTSCHES_HAUS,2026-09-26T08:27:55+07:00,0,0.0,served,ST_EVO_DEUTSCHES_HAUS_P2
ARR_004897,ST_EVO_LAVIDA_Q7,2026-09-26T08:28:48+07:00,0,0.0,served,ST_EVO_LAVIDA_Q7_P1
ARR_004898,ST_EVO_AUDI_HCM,2026-09-26T08:32:35+07:00,0,0.0,served,ST_EVO_AUDI_HCM_P1
ARR_004899,ST_EVO_DEUTSCHES_HAUS,2026-09-26T08:39:20+07:00,0,0.0,served,ST_EVO_DEUTSCHES_HAUS_P3
ARR_004900,ST_EVO_AUDI_HCM,2026-09-26T08:42:35+07:00,0,0.0,served,ST_EVO_AUDI_HCM_P2
ARR_004901,ST_EVO_AUDI_HCM,2026-09-26T09:00:03+07:00,0,0.0,served,ST_EVO_AUDI_HCM_P3
ARR_004902,ST_EVO_DEUTSCHES_HAUS,2026-09-26T09:42:57+07:00,0,0.0,served,ST_EVO_DEUTSCHES_HAUS_P4
ARR_004903,ST_EVO_DEUTSCHES_HAUS,2026-09-26T10:00:20+07:00,0,13.98,served,ST_EVO_DEUTSCHES_HAUS_P3
ARR_004904,ST_EVO_AUDI_HCM,2026-09-26T10:10:50+07:00,0,0.0,served,ST_EVO_AUDI_HCM_P1
ARR_004905,ST_EVO_LAVIDA_Q7,2026-09-26T10:15:31+07:00,0,0.0,served,ST_EVO_LAVIDA_Q7_P1
ARR_004906,ST_EVO_AUDI_HCM,2026-09-26T10:38:53+07:00,0,0.0,served,ST_EVO_AUDI_HCM_P2
ARR_004907,ST_EVO_AUDI_HCM,2026-09-26T10:59:26+07:00,0,0.0,served,ST_EVO_AUDI_HCM_P1
ARR_004908,ST_EVO_DEUTSCHES_HAUS,2026-09-26T10:59:55+07:00,0,11.3,reneged,
ARR_004909,ST_EVO_AUDI_HCM,2026-09-26T11:00:29+07:00,0,0.0,served,ST_EVO_AUDI_HCM_P4
ARR_004910,ST_EVO_DEUTSCHES_HAUS,2026-09-26T11:05:09+07:00,1,9.5,reneged,
ARR_004911,ST_EVO_AUDI_HCM,2026-09-26T11:07:04+07:00,0,22.65,served,ST_EVO_AUDI_HCM_P2
ARR_004912,ST_EVO_DEUTSCHES_HAUS,2026-09-26T11:17:03+07:00,0,14.7,reneged,
ARR_004913,ST_EVO_AUDI_HCM,2026-09-26T11:22:42+07:00,1,14.53,served,ST_EVO_AUDI_HCM_P1
ARR_004914,ST_EVO_DEUTSCHES_HAUS,2026-09-26T11:24:26+07:00,1,20.5,served,ST_EVO_DEUTSCHES_HAUS_P2
ARR_004915,ST_EVO_DEUTSCHES_HAUS,2026-09-26T11:38:34+07:00,1,13.6,reneged,
ARR_004916,ST_EVO_DEUTSCHES_HAUS,2026-09-26T12:00:00+07:00,0,19.5,reneged,
ARR_004917,ST_EVO_AUDI_HCM,2026-09-26T12:02:02+07:00,0,0.0,served,ST_EVO_AUDI_HCM_P1
ARR_004918,ST_EVO_AUDI_HCM,2026-09-26T12:03:14+07:00,0,0.3,served,ST_EVO_AUDI_HCM_P3
ARR_004919,ST_EVO_AUDI_HCM,2026-09-26T12:07:14+07:00,0,13.83,served,ST_EVO_AUDI_HCM_P2
ARR_004920,ST_EVO_AUDI_HCM,2026-09-26T12:15:07+07:00,1,7.6,reneged,
ARR_004921,ST_EVO_DEUTSCHES_HAUS,2026-09-26T12:15:37+07:00,1,16.92,served,ST_EVO_DEUTSCHES_HAUS_P1
ARR_004922,ST_EVO_AUDI_HCM,2026-09-26T12:21:14+07:00,1,10.68,served,ST_EVO_AUDI_HCM_P1
ARR_004923,ST_EVO_AUDI_HCM,2026-09-26T12:21:53+07:00,2,26.75,served,ST_EVO_AUDI_HCM_P2
ARR_004924,ST_EVO_AUDI_HCM,2026-09-26T12:21:55+07:00,3,26.85,served,ST_EVO_AUDI_HCM_P1
ARR_004925,ST_EVO_DEUTSCHES_HAUS,2026-09-26T12:29:14+07:00,1,29.6,reneged,
ARR_004926,ST_EVO_AUDI_HCM,2026-09-26T12:31:21+07:00,3,12.9,reneged,
ARR_004927,ST_EVO_DEUTSCHES_HAUS,2026-09-26T12:33:35+07:00,1,16.4,reneged,
ARR_004928,ST_EVO_LAVIDA_Q7,2026-09-26T12:36:22+07:00,0,0.0,served,ST_EVO_LAVIDA_Q7_P1
ARR_004929,ST_EVO_LAVIDA_Q7,2026-09-26T12:37:20+07:00,0,28.68,served,ST_EVO_LAVIDA_Q7_P1
ARR_004930,ST_EVO_AUDI_HCM,2026-09-26T12:43:28+07:00,3,13.4,reneged,
ARR_004931,ST_EVO_LAVIDA_Q7,2026-09-26T12:47:26+07:00,1,17.4,reneged,
ARR_004932,ST_EVO_LAVIDA_Q7,2026-09-26T12:57:49+07:00,2,10.6,reneged,
ARR_004933,ST_EVO_LAVIDA_Q7,2026-09-26T13:07:03+07:00,1,31.02,served,ST_EVO_LAVIDA_Q7_P1
ARR_004934,ST_EVO_AUDI_HCM,2026-09-26T13:09:04+07:00,0,13.6,reneged,
ARR_004935,ST_EVO_LAVIDA_Q7,2026-09-26T13:13:51+07:00,1,25.0,reneged,
ARR_004936,ST_EVO_DEUTSCHES_HAUS,2026-09-26T13:17:04+07:00,0,30.5,reneged,
ARR_004937,ST_EVO_LAVIDA_Q7,2026-09-26T13:32:46+07:00,2,15.3,reneged,
ARR_004938,ST_EVO_AUDI_HCM,2026-09-26T13:35:28+07:00,0,0.0,served,ST_EVO_AUDI_HCM_P1
ARR_004939,ST_EVO_AUDI_HCM,2026-09-26T13:41:37+07:00,0,0.0,served,ST_EVO_AUDI_HCM_P2
ARR_004940,ST_EVO_AUDI_HCM,2026-09-26T13:56:06+07:00,0,0.0,served,ST_EVO_AUDI_HCM_P2
ARR_004941,ST_EVO_AUDI_HCM,2026-09-26T13:57:22+07:00,0,7.67,served,ST_EVO_AUDI_HCM_P1
ARR_004942,ST_EVO_AUDI_HCM,2026-09-26T13:58:43+07:00,1,7.2,reneged,
ARR_004943,ST_EVO_DEUTSCHES_HAUS,2026-09-26T14:03:24+07:00,0,0.0,served,ST_EVO_DEUTSCHES_HAUS_P2
ARR_004944,ST_EVO_AUDI_HCM,2026-09-26T14:13:58+07:00,0,11.2,reneged,
ARR_004945,ST_EVO_AUDI_HCM,2026-09-26T14:39:13+07:00,0,0.0,served,ST_EVO_AUDI_HCM_P2
ARR_004946,ST_EVO_AUDI_HCM,2026-09-26T15:04:23+07:00,0,0.0,served,ST_EVO_AUDI_HCM_P1
ARR_004947,ST_EVO_AUDI_HCM,2026-09-26T15:31:09+07:00,0,0.0,served,ST_EVO_AUDI_HCM_P1
ARR_004948,ST_EVO_AUDI_HCM,2026-09-26T15:47:24+07:00,0,0.0,served,ST_EVO_AUDI_HCM_P2
ARR_004949,ST_EVO_AUDI_HCM,2026-09-26T16:05:47+07:00,0,0.0,served,ST_EVO_AUDI_HCM_P3
ARR_004950,ST_EVO_AUDI_HCM,2026-09-26T16:10:08+07:00,0,0.0,served,ST_EVO_AUDI_HCM_P4
ARR_004951,ST_EVO_DEUTSCHES_HAUS,2026-09-26T16:20:17+07:00,0,0.0,served,ST_EVO_DEUTSCHES_HAUS_P4
ARR_004952,ST_EVO_DEUTSCHES_HAUS,2026-09-26T16:21:11+07:00,0,9.63,served,ST_EVO_DEUTSCHES_HAUS_P3
ARR_004953,ST_EVO_AUDI_HCM,2026-09-26T16:21:45+07:00,0,0.0,served,ST_EVO_AUDI_HCM_P1
ARR_004954,ST_EVO_AUDI_HCM,2026-09-26T16:30:47+07:00,0,4.9,served,ST_EVO_AUDI_HCM_P2
ARR_004955,ST_EVO_AUDI_HCM,2026-09-26T17:08:52+07:00,0,0.0,served,ST_EVO_AUDI_HCM_P1
ARR_004956,ST_EVO_DEUTSCHES_HAUS,2026-09-26T17:09:50+07:00,0,0.0,served,ST_EVO_DEUTSCHES_HAUS_P1
ARR_004957,ST_EVO_LAVIDA_Q7,2026-09-26T17:16:21+07:00,0,0.0,served,ST_EVO_LAVIDA_Q7_P1
ARR_004958,ST_EVO_DEUTSCHES_HAUS,2026-09-26T17:32:32+07:00,0,40.8,reneged,
ARR_004959,ST_EVO_DEUTSCHES_HAUS,2026-09-26T17:37:41+07:00,1,23.9,reneged,
ARR_004960,ST_EVO_AUDI_HCM,2026-09-26T17:51:15+07:00,0,0.0,served,ST_EVO_AUDI_HCM_P1
ARR_004961,ST_EVO_AUDI_HCM,2026-09-26T17:51:36+07:00,0,0.0,served,ST_EVO_AUDI_HCM_P2
ARR_004962,ST_EVO_DEUTSCHES_HAUS,2026-09-26T18:05:05+07:00,1,9.4,reneged,
ARR_004963,ST_EVO_AUDI_HCM,2026-09-26T18:09:32+07:00,0,0.0,served,ST_EVO_AUDI_HCM_P3
ARR_004964,ST_EVO_DEUTSCHES_HAUS,2026-09-26T18:11:48+07:00,2,15.2,reneged,
ARR_004965,ST_EVO_DEUTSCHES_HAUS,2026-09-26T18:15:38+07:00,1,21.3,reneged,
ARR_004966,ST_EVO_DEUTSCHES_HAUS,2026-09-26T18:30:04+07:00,1,17.9,served,ST_EVO_DEUTSCHES_HAUS_P2
ARR_004967,ST_EVO_AUDI_HCM,2026-09-26T18:42:14+07:00,0,0.0,served,ST_EVO_AUDI_HCM_P1
ARR_004968,ST_EVO_DEUTSCHES_HAUS,2026-09-26T18:57:49+07:00,0,20.1,reneged,
ARR_004969,ST_EVO_AUDI_HCM,2026-09-26T19:13:55+07:00,0,0.0,served,ST_EVO_AUDI_HCM_P2
ARR_004970,ST_EVO_LAVIDA_Q7,2026-09-26T19:22:33+07:00,0,0.0,served,ST_EVO_LAVIDA_Q7_P1
ARR_004971,ST_EVO_DEUTSCHES_HAUS,2026-09-26T19:24:20+07:00,0,8.9,reneged,
ARR_004972,ST_EVO_AUDI_HCM,2026-09-26T19:46:12+07:00,0,0.0,served,ST_EVO_AUDI_HCM_P1
ARR_004973,ST_EVO_AUDI_HCM,2026-09-26T19:53:56+07:00,0,0.0,served,ST_EVO_AUDI_HCM_P2
ARR_004974,ST_EVO_AUDI_HCM,2026-09-26T20:21:40+07:00,0,0.0,served,ST_EVO_AUDI_HCM_P2
ARR_004975,ST_EVO_AUDI_HCM,2026-09-26T20:35:19+07:00,0,0.0,served,ST_EVO_AUDI_HCM_P4
ARR_004976,ST_EVO_LAVIDA_Q7,2026-09-26T20:49:49+07:00,0,0.0,served,ST_EVO_LAVIDA_Q7_P1
ARR_004977,ST_EVO_AUDI_HCM,2026-09-26T21:18:10+07:00,0,0.0,served,ST_EVO_AUDI_HCM_P1
ARR_004978,ST_EVO_AUDI_HCM,2026-09-26T21:37:14+07:00,0,0.0,served,ST_EVO_AUDI_HCM_P2
ARR_004979,ST_EVO_AUDI_HCM,2026-09-27T04:32:28+07:00,0,0.0,served,ST_EVO_AUDI_HCM_P1
ARR_004980,ST_EVO_LAVIDA_Q7,2026-09-27T05:54:07+07:00,0,0.0,served,ST_EVO_LAVIDA_Q7_P1
ARR_004981,ST_EVO_AUDI_HCM,2026-09-27T06:38:30+07:00,0,0.0,served,ST_EVO_AUDI_HCM_P1
ARR_004982,ST_EVO_AUDI_HCM,2026-09-27T07:49:03+07:00,0,0.0,served,ST_EVO_AUDI_HCM_P1
ARR_004983,ST_EVO_LAVIDA_Q7,2026-09-27T08:25:56+07:00,0,0.0,served,ST_EVO_LAVIDA_Q7_P1
ARR_004984,ST_EVO_AUDI_HCM,2026-09-27T08:26:22+07:00,0,0.0,served,ST_EVO_AUDI_HCM_P2
ARR_004985,ST_EVO_LAVIDA_Q7,2026-09-27T08:32:18+07:00,0,26.18,served,ST_EVO_LAVIDA_Q7_P1
ARR_004986,ST_EVO_AUDI_HCM,2026-09-27T09:10:07+07:00,0,0.0,served,ST_EVO_AUDI_HCM_P1
ARR_004987,ST_EVO_LAVIDA_Q7,2026-09-27T09:11:23+07:00,0,28.28,served,ST_EVO_LAVIDA_Q7_P1
ARR_004988,ST_EVO_LAVIDA_Q7,2026-09-27T09:11:42+07:00,1,29.7,reneged,
ARR_004989,ST_EVO_AUDI_HCM,2026-09-27T09:13:13+07:00,0,0.0,served,ST_EVO_AUDI_HCM_P2
ARR_004990,ST_EVO_LAVIDA_Q7,2026-09-27T10:16:23+07:00,0,0.0,served,ST_EVO_LAVIDA_Q7_P1
ARR_004991,ST_EVO_AUDI_HCM,2026-09-27T10:23:13+07:00,0,0.0,served,ST_EVO_AUDI_HCM_P1
ARR_004992,ST_EVO_LAVIDA_Q7,2026-09-27T10:35:22+07:00,0,33.62,served,ST_EVO_LAVIDA_Q7_P1
ARR_004993,ST_EVO_AUDI_HCM,2026-09-27T11:14:17+07:00,0,0.0,served,ST_EVO_AUDI_HCM_P1
ARR_004994,ST_EVO_DEUTSCHES_HAUS,2026-09-27T11:15:38+07:00,0,0.0,served,ST_EVO_DEUTSCHES_HAUS_P1
ARR_004995,ST_EVO_LAVIDA_Q7,2026-09-27T11:23:40+07:00,0,0.0,served,ST_EVO_LAVIDA_Q7_P1
ARR_004996,ST_EVO_AUDI_HCM,2026-09-27T11:23:50+07:00,0,0.0,served,ST_EVO_AUDI_HCM_P2
ARR_004997,ST_EVO_AUDI_HCM,2026-09-27T11:24:03+07:00,0,0.0,served,ST_EVO_AUDI_HCM_P3
ARR_004998,ST_EVO_DEUTSCHES_HAUS,2026-09-27T11:36:16+07:00,0,0.0,served,ST_EVO_DEUTSCHES_HAUS_P2
ARR_004999,ST_EVO_AUDI_HCM,2026-09-27T11:38:27+07:00,0,0.0,served,ST_EVO_AUDI_HCM_P2
ARR_005000,ST_EVO_AUDI_HCM,2026-09-27T11:41:18+07:00,0,0.0,served,ST_EVO_AUDI_HCM_P4
ARR_005001,ST_EVO_DEUTSCHES_HAUS,2026-09-27T11:46:42+07:00,0,0.0,served,ST_EVO_DEUTSCHES_HAUS_P3
ARR_005002,ST_EVO_LAVIDA_Q7,2026-09-27T11:48:17+07:00,0,10.5,reneged,
ARR_005003,ST_EVO_DEUTSCHES_HAUS,2026-09-27T12:00:46+07:00,0,0.0,served,ST_EVO_DEUTSCHES_HAUS_P4
ARR_005004,ST_EVO_LAVIDA_Q7,2026-09-27T12:01:06+07:00,0,4.82,served,ST_EVO_LAVIDA_Q7_P1
ARR_005005,ST_EVO_AUDI_HCM,2026-09-27T12:09:43+07:00,0,0.0,served,ST_EVO_AUDI_HCM_P1
ARR_005006,ST_EVO_AUDI_HCM,2026-09-27T12:13:09+07:00,0,0.0,served,ST_EVO_AUDI_HCM_P2
ARR_005007,ST_EVO_AUDI_HCM,2026-09-27T12:38:55+07:00,0,2.58,served,ST_EVO_AUDI_HCM_P1
ARR_005008,ST_EVO_AUDI_HCM,2026-09-27T12:59:40+07:00,0,0.0,served,ST_EVO_AUDI_HCM_P2
ARR_005009,ST_EVO_LAVIDA_Q7,2026-09-27T13:14:56+07:00,0,0.0,served,ST_EVO_LAVIDA_Q7_P1
ARR_005010,ST_EVO_AUDI_HCM,2026-09-27T13:21:33+07:00,0,0.85,served,ST_EVO_AUDI_HCM_P1
ARR_005011,ST_EVO_AUDI_HCM,2026-09-27T13:23:28+07:00,0,12.7,served,ST_EVO_AUDI_HCM_P2
ARR_005012,ST_EVO_AUDI_HCM,2026-09-27T13:23:39+07:00,1,16.62,served,ST_EVO_AUDI_HCM_P3
ARR_005013,ST_EVO_AUDI_HCM,2026-09-27T13:40:22+07:00,0,28.07,served,ST_EVO_AUDI_HCM_P1
ARR_005014,ST_EVO_DEUTSCHES_HAUS,2026-09-27T13:58:01+07:00,0,0.0,served,ST_EVO_DEUTSCHES_HAUS_P3
ARR_005015,ST_EVO_AUDI_HCM,2026-09-27T14:08:28+07:00,0,20.5,reneged,
ARR_005016,ST_EVO_DEUTSCHES_HAUS,2026-09-27T14:08:28+07:00,0,13.2,reneged,
ARR_005017,ST_EVO_DEUTSCHES_HAUS,2026-09-27T14:29:10+07:00,0,6.8,served,ST_EVO_DEUTSCHES_HAUS_P4
ARR_005018,ST_EVO_DEUTSCHES_HAUS,2026-09-27T14:44:52+07:00,0,4.42,served,ST_EVO_DEUTSCHES_HAUS_P2
ARR_005019,ST_EVO_AUDI_HCM,2026-09-27T14:53:03+07:00,0,0.0,served,ST_EVO_AUDI_HCM_P1
ARR_005020,ST_EVO_AUDI_HCM,2026-09-27T15:08:02+07:00,0,0.0,served,ST_EVO_AUDI_HCM_P2
ARR_005021,ST_EVO_AUDI_HCM,2026-09-27T15:11:07+07:00,0,7.77,served,ST_EVO_AUDI_HCM_P3
ARR_005022,ST_EVO_AUDI_HCM,2026-09-27T16:13:18+07:00,0,0.0,served,ST_EVO_AUDI_HCM_P1
ARR_005023,ST_EVO_LAVIDA_Q7,2026-09-27T16:16:44+07:00,0,0.0,served,ST_EVO_LAVIDA_Q7_P1
ARR_005024,ST_EVO_AUDI_HCM,2026-09-27T16:52:55+07:00,0,0.0,served,ST_EVO_AUDI_HCM_P1
ARR_005025,ST_EVO_AUDI_HCM,2026-09-27T17:07:47+07:00,0,0.0,served,ST_EVO_AUDI_HCM_P2
ARR_005026,ST_EVO_AUDI_HCM,2026-09-27T17:09:56+07:00,0,0.0,served,ST_EVO_AUDI_HCM_P3
ARR_005027,ST_EVO_AUDI_HCM,2026-09-27T17:18:24+07:00,0,3.93,served,ST_EVO_AUDI_HCM_P2
ARR_005028,ST_EVO_AUDI_HCM,2026-09-27T17:27:55+07:00,0,5.77,served,ST_EVO_AUDI_HCM_P1
ARR_005029,ST_EVO_AUDI_HCM,2026-09-27T17:34:07+07:00,0,13.05,served,ST_EVO_AUDI_HCM_P2
ARR_005030,ST_EVO_AUDI_HCM,2026-09-27T17:42:07+07:00,1,16.2,served,ST_EVO_AUDI_HCM_P4
ARR_005031,ST_EVO_DEUTSCHES_HAUS,2026-09-27T17:54:08+07:00,0,0.0,served,ST_EVO_DEUTSCHES_HAUS_P1
ARR_005032,ST_EVO_AUDI_HCM,2026-09-27T17:55:19+07:00,1,9.9,served,ST_EVO_AUDI_HCM_P1
ARR_005033,ST_EVO_LAVIDA_Q7,2026-09-27T18:03:50+07:00,0,0.0,served,ST_EVO_LAVIDA_Q7_P1
ARR_005034,ST_EVO_LAVIDA_Q7,2026-09-27T18:14:26+07:00,0,22.1,reneged,
ARR_005035,ST_EVO_AUDI_HCM,2026-09-27T18:17:42+07:00,0,0.0,served,ST_EVO_AUDI_HCM_P2
ARR_005036,ST_EVO_LAVIDA_Q7,2026-09-27T18:23:18+07:00,1,14.43,served,ST_EVO_LAVIDA_Q7_P1
ARR_005037,ST_EVO_LAVIDA_Q7,2026-09-27T18:24:41+07:00,2,15.0,reneged,
ARR_005038,ST_EVO_AUDI_HCM,2026-09-27T18:41:13+07:00,0,6.08,served,ST_EVO_AUDI_HCM_P2
ARR_005039,ST_EVO_DEUTSCHES_HAUS,2026-09-27T19:08:07+07:00,0,0.0,served,ST_EVO_DEUTSCHES_HAUS_P2
ARR_005040,ST_EVO_AUDI_HCM,2026-09-27T19:24:28+07:00,0,0.0,served,ST_EVO_AUDI_HCM_P1
ARR_005041,ST_EVO_AUDI_HCM,2026-09-27T19:29:31+07:00,0,0.0,served,ST_EVO_AUDI_HCM_P2
ARR_005042,ST_EVO_AUDI_HCM,2026-09-27T19:32:09+07:00,0,17.3,reneged,
ARR_005043,ST_EVO_AUDI_HCM,2026-09-27T19:55:01+07:00,0,0.0,served,ST_EVO_AUDI_HCM_P1
ARR_005044,ST_EVO_LAVIDA_Q7,2026-09-27T20:33:25+07:00,0,0.0,served,ST_EVO_LAVIDA_Q7_P1
ARR_005045,ST_EVO_AUDI_HCM,2026-09-27T20:46:10+07:00,0,0.0,served,ST_EVO_AUDI_HCM_P1
ARR_005046,ST_EVO_AUDI_HCM,2026-09-27T21:05:11+07:00,0,0.0,served,ST_EVO_AUDI_HCM_P2
ARR_005047,ST_EVO_DEUTSCHES_HAUS,2026-09-27T21:12:39+07:00,0,0.0,served,ST_EVO_DEUTSCHES_HAUS_P1
ARR_005048,ST_EVO_DEUTSCHES_HAUS,2026-09-27T21:32:28+07:00,0,0.0,served,ST_EVO_DEUTSCHES_HAUS_P3
ARR_005049,ST_EVO_DEUTSCHES_HAUS,2026-09-27T21:53:46+07:00,0,0.0,served,ST_EVO_DEUTSCHES_HAUS_P4
ARR_005050,ST_EVO_DEUTSCHES_HAUS,2026-09-28T03:56:35+07:00,0,0.0,served,ST_EVO_DEUTSCHES_HAUS_P3
ARR_005051,ST_EVO_AUDI_HCM,2026-09-28T05:37:25+07:00,0,0.0,served,ST_EVO_AUDI_HCM_P1
ARR_005052,ST_EVO_LAVIDA_Q7,2026-09-28T05:38:32+07:00,0,0.0,served,ST_EVO_LAVIDA_Q7_P1
ARR_005053,ST_EVO_LAVIDA_Q7,2026-09-28T05:44:38+07:00,0,36.0,reneged,
ARR_005054,ST_EVO_LAVIDA_Q7,2026-09-28T05:50:53+07:00,1,9.3,reneged,
ARR_005055,ST_EVO_DEUTSCHES_HAUS,2026-09-28T06:15:40+07:00,0,0.0,served,ST_EVO_DEUTSCHES_HAUS_P1
ARR_005056,ST_EVO_AUDI_HCM,2026-09-28T06:59:26+07:00,0,0.0,served,ST_EVO_AUDI_HCM_P2
ARR_005057,ST_EVO_DEUTSCHES_HAUS,2026-09-28T08:16:22+07:00,0,0.0,served,ST_EVO_DEUTSCHES_HAUS_P3
ARR_005058,ST_EVO_AUDI_HCM,2026-09-28T08:23:05+07:00,0,0.0,served,ST_EVO_AUDI_HCM_P2
ARR_005059,ST_EVO_DEUTSCHES_HAUS,2026-09-28T08:46:02+07:00,0,67.32,served,ST_EVO_DEUTSCHES_HAUS_P2
ARR_005060,ST_EVO_AUDI_HCM,2026-09-28T08:46:06+07:00,0,0.0,served,ST_EVO_AUDI_HCM_P2
ARR_005061,ST_EVO_LAVIDA_Q7,2026-09-28T08:55:23+07:00,0,0.0,served,ST_EVO_LAVIDA_Q7_P1
ARR_005062,ST_EVO_AUDI_HCM,2026-09-28T09:01:31+07:00,0,0.0,served,ST_EVO_AUDI_HCM_P3
ARR_005063,ST_EVO_DEUTSCHES_HAUS,2026-09-28T09:28:07+07:00,1,6.3,reneged,
ARR_005064,ST_EVO_DEUTSCHES_HAUS,2026-09-28T09:38:08+07:00,1,15.8,reneged,
ARR_005065,ST_EVO_LAVIDA_Q7,2026-09-28T09:40:19+07:00,0,0.0,served,ST_EVO_LAVIDA_Q7_P1
ARR_005066,ST_EVO_DEUTSCHES_HAUS,2026-09-28T10:00:59+07:00,0,7.5,reneged,
ARR_005067,ST_EVO_DEUTSCHES_HAUS,2026-09-28T10:08:26+07:00,1,7.8,reneged,
ARR_005068,ST_EVO_AUDI_HCM,2026-09-28T10:47:49+07:00,0,0.0,served,ST_EVO_AUDI_HCM_P2
ARR_005069,ST_EVO_LAVIDA_Q7,2026-09-28T10:53:10+07:00,0,0.0,served,ST_EVO_LAVIDA_Q7_P1
ARR_005070,ST_EVO_LAVIDA_Q7,2026-09-28T11:00:43+07:00,0,35.5,reneged,
ARR_005071,ST_EVO_AUDI_HCM,2026-09-28T11:01:30+07:00,0,0.0,served,ST_EVO_AUDI_HCM_P3
ARR_005072,ST_EVO_DEUTSCHES_HAUS,2026-09-28T11:15:00+07:00,0,22.9,reneged,
ARR_005073,ST_EVO_AUDI_HCM,2026-09-28T11:19:50+07:00,0,0.0,served,ST_EVO_AUDI_HCM_P4
ARR_005074,ST_EVO_AUDI_HCM,2026-09-28T11:24:09+07:00,0,0.0,served,ST_EVO_AUDI_HCM_P2
ARR_005075,ST_EVO_LAVIDA_Q7,2026-09-28T11:33:58+07:00,1,26.7,served,ST_EVO_LAVIDA_Q7_P1
ARR_005076,ST_EVO_LAVIDA_Q7,2026-09-28T11:46:29+07:00,1,23.2,reneged,
ARR_005077,ST_EVO_AUDI_HCM,2026-09-28T11:50:18+07:00,0,0.0,served,ST_EVO_AUDI_HCM_P3
ARR_005078,ST_EVO_AUDI_HCM,2026-09-28T12:31:55+07:00,0,0.0,served,ST_EVO_AUDI_HCM_P2
ARR_005079,ST_EVO_DEUTSCHES_HAUS,2026-09-28T12:35:21+07:00,0,0.0,served,ST_EVO_DEUTSCHES_HAUS_P3
ARR_005080,ST_EVO_AUDI_HCM,2026-09-28T12:35:30+07:00,0,0.0,served,ST_EVO_AUDI_HCM_P4
ARR_005081,ST_EVO_AUDI_HCM,2026-09-28T12:59:26+07:00,0,2.45,served,ST_EVO_AUDI_HCM_P2
ARR_005082,ST_EVO_AUDI_HCM,2026-09-28T13:01:59+07:00,0,9.0,reneged,
ARR_005083,ST_EVO_AUDI_HCM,2026-09-28T13:02:43+07:00,1,24.5,served,ST_EVO_AUDI_HCM_P2
ARR_005084,ST_EVO_AUDI_HCM,2026-09-28T13:06:42+07:00,2,24.8,reneged,
ARR_005085,ST_EVO_AUDI_HCM,2026-09-28T13:10:42+07:00,3,27.9,reneged,
ARR_005086,ST_EVO_DEUTSCHES_HAUS,2026-09-28T13:12:06+07:00,0,0.0,served,ST_EVO_DEUTSCHES_HAUS_P1
ARR_005087,ST_EVO_AUDI_HCM,2026-09-28T13:18:34+07:00,3,11.2,reneged,
ARR_005088,ST_EVO_AUDI_HCM,2026-09-28T13:31:24+07:00,2,21.7,served,ST_EVO_AUDI_HCM_P3
ARR_005089,ST_EVO_AUDI_HCM,2026-09-28T13:46:54+07:00,1,8.9,reneged,
ARR_005090,ST_EVO_LAVIDA_Q7,2026-09-28T13:47:36+07:00,0,0.0,served,ST_EVO_LAVIDA_Q7_P1
ARR_005091,ST_EVO_AUDI_HCM,2026-09-28T13:52:41+07:00,2,12.1,reneged,
ARR_005092,ST_EVO_AUDI_HCM,2026-09-28T14:10:05+07:00,0,0.0,served,ST_EVO_AUDI_HCM_P1
ARR_005093,ST_EVO_LAVIDA_Q7,2026-09-28T14:15:22+07:00,0,0.0,served,ST_EVO_LAVIDA_Q7_P1
ARR_005094,ST_EVO_DEUTSCHES_HAUS,2026-09-28T14:18:52+07:00,0,0.0,served,ST_EVO_DEUTSCHES_HAUS_P2
ARR_005095,ST_EVO_AUDI_HCM,2026-09-28T14:36:21+07:00,0,0.0,served,ST_EVO_AUDI_HCM_P1
ARR_005096,ST_EVO_AUDI_HCM,2026-09-28T14:57:57+07:00,0,0.0,served,ST_EVO_AUDI_HCM_P2
ARR_005097,ST_EVO_AUDI_HCM,2026-09-28T15:03:50+07:00,0,0.0,served,ST_EVO_AUDI_HCM_P1
ARR_005098,ST_EVO_AUDI_HCM,2026-09-28T15:08:30+07:00,0,9.47,served,ST_EVO_AUDI_HCM_P1
ARR_005099,ST_EVO_LAVIDA_Q7,2026-09-28T15:08:34+07:00,0,0.0,served,ST_EVO_LAVIDA_Q7_P1
ARR_005100,ST_EVO_AUDI_HCM,2026-09-28T15:18:19+07:00,0,15.8,reneged,
ARR_005101,ST_EVO_AUDI_HCM,2026-09-28T15:26:26+07:00,1,14.22,served,ST_EVO_AUDI_HCM_P1
ARR_005102,ST_EVO_LAVIDA_Q7,2026-09-28T15:37:13+07:00,0,17.8,reneged,
ARR_005103,ST_EVO_AUDI_HCM,2026-09-28T15:40:32+07:00,1,4.28,served,ST_EVO_AUDI_HCM_P2
ARR_005104,ST_EVO_AUDI_HCM,2026-09-28T15:54:01+07:00,0,8.42,served,ST_EVO_AUDI_HCM_P2
ARR_005105,ST_EVO_AUDI_HCM,2026-09-28T16:07:25+07:00,0,23.3,served,ST_EVO_AUDI_HCM_P4
ARR_005106,ST_EVO_AUDI_HCM,2026-09-28T16:07:52+07:00,1,27.08,served,ST_EVO_AUDI_HCM_P1
ARR_005107,ST_EVO_LAVIDA_Q7,2026-09-28T16:11:10+07:00,0,0.0,served,ST_EVO_LAVIDA_Q7_P1
ARR_005108,ST_EVO_LAVIDA_Q7,2026-09-28T16:17:05+07:00,0,14.32,served,ST_EVO_LAVIDA_Q7_P1
ARR_005109,ST_EVO_LAVIDA_Q7,2026-09-28T16:22:24+07:00,1,45.1,reneged,
ARR_005110,ST_EVO_AUDI_HCM,2026-09-28T16:29:02+07:00,2,8.8,reneged,
ARR_005111,ST_EVO_LAVIDA_Q7,2026-09-28T16:34:04+07:00,1,8.7,reneged,
ARR_005112,ST_EVO_LAVIDA_Q7,2026-09-28T16:37:52+07:00,2,32.9,reneged,
ARR_005113,ST_EVO_AUDI_HCM,2026-09-28T17:16:03+07:00,0,0.0,served,ST_EVO_AUDI_HCM_P1
ARR_005114,ST_EVO_AUDI_HCM,2026-09-28T17:33:03+07:00,0,0.0,served,ST_EVO_AUDI_HCM_P2
ARR_005115,ST_EVO_LAVIDA_Q7,2026-09-28T17:42:07+07:00,0,0.0,served,ST_EVO_LAVIDA_Q7_P1
ARR_005116,ST_EVO_LAVIDA_Q7,2026-09-28T17:45:07+07:00,0,8.1,reneged,
ARR_005117,ST_EVO_AUDI_HCM,2026-09-28T17:47:51+07:00,0,0.0,served,ST_EVO_AUDI_HCM_P3
ARR_005118,ST_EVO_AUDI_HCM,2026-09-28T18:03:45+07:00,0,0.0,served,ST_EVO_AUDI_HCM_P1
ARR_005119,ST_EVO_LAVIDA_Q7,2026-09-28T18:13:28+07:00,0,0.0,served,ST_EVO_LAVIDA_Q7_P1
ARR_005120,ST_EVO_AUDI_HCM,2026-09-28T18:27:05+07:00,0,0.0,served,ST_EVO_AUDI_HCM_P2
ARR_005121,ST_EVO_AUDI_HCM,2026-09-28T18:30:45+07:00,0,4.42,served,ST_EVO_AUDI_HCM_P1
ARR_005122,ST_EVO_DEUTSCHES_HAUS,2026-09-28T18:35:54+07:00,0,0.0,served,ST_EVO_DEUTSCHES_HAUS_P3
ARR_005123,ST_EVO_DEUTSCHES_HAUS,2026-09-28T18:37:12+07:00,0,24.53,served,ST_EVO_DEUTSCHES_HAUS_P1
ARR_005124,ST_EVO_AUDI_HCM,2026-09-28T18:56:16+07:00,0,7.22,served,ST_EVO_AUDI_HCM_P2
ARR_005125,ST_EVO_AUDI_HCM,2026-09-28T19:00:09+07:00,1,2.4,reneged,
ARR_005126,ST_EVO_AUDI_HCM,2026-09-28T19:08:16+07:00,0,0.0,served,ST_EVO_AUDI_HCM_P1
ARR_005127,ST_EVO_LAVIDA_Q7,2026-09-28T19:08:19+07:00,0,0.0,served,ST_EVO_LAVIDA_Q7_P1
ARR_005128,ST_EVO_AUDI_HCM,2026-09-28T19:48:36+07:00,0,0.0,served,ST_EVO_AUDI_HCM_P2
ARR_005129,ST_EVO_AUDI_HCM,2026-09-28T19:52:27+07:00,0,8.15,served,ST_EVO_AUDI_HCM_P2
ARR_005130,ST_EVO_LAVIDA_Q7,2026-09-28T19:52:56+07:00,0,0.0,served,ST_EVO_LAVIDA_Q7_P1
ARR_005131,ST_EVO_AUDI_HCM,2026-09-28T19:53:37+07:00,1,12.32,served,ST_EVO_AUDI_HCM_P4
ARR_005132,ST_EVO_DEUTSCHES_HAUS,2026-09-28T20:44:47+07:00,0,17.2,reneged,
ARR_005133,ST_EVO_AUDI_HCM,2026-09-28T20:50:20+07:00,0,0.0,served,ST_EVO_AUDI_HCM_P1
ARR_005134,ST_EVO_LAVIDA_Q7,2026-09-28T22:39:28+07:00,0,0.0,served,ST_EVO_LAVIDA_Q7_P1
ARR_005135,ST_EVO_DEUTSCHES_HAUS,2026-09-28T22:53:25+07:00,0,0.0,served,ST_EVO_DEUTSCHES_HAUS_P2
ARR_005136,ST_EVO_AUDI_HCM,2026-09-28T23:34:00+07:00,0,0.0,served,ST_EVO_AUDI_HCM_P1
ARR_005137,ST_EVO_AUDI_HCM,2026-09-29T00:01:03+07:00,0,0.0,served,ST_EVO_AUDI_HCM_P1
ARR_005138,ST_EVO_LAVIDA_Q7,2026-09-29T00:03:15+07:00,0,20.2,reneged,
ARR_005139,ST_EVO_DEUTSCHES_HAUS,2026-09-29T00:30:34+07:00,0,0.0,served,ST_EVO_DEUTSCHES_HAUS_P3
ARR_005140,ST_EVO_LAVIDA_Q7,2026-09-29T01:12:04+07:00,0,15.4,reneged,
ARR_005141,ST_EVO_AUDI_HCM,2026-09-29T01:16:25+07:00,0,0.0,served,ST_EVO_AUDI_HCM_P2
ARR_005142,ST_EVO_AUDI_HCM,2026-09-29T05:46:04+07:00,0,0.0,served,ST_EVO_AUDI_HCM_P3
ARR_005143,ST_EVO_AUDI_HCM,2026-09-29T06:22:03+07:00,0,0.0,served,ST_EVO_AUDI_HCM_P4
ARR_005144,ST_EVO_LAVIDA_Q7,2026-09-29T07:22:51+07:00,0,0.0,served,ST_EVO_LAVIDA_Q7_P1
ARR_005145,ST_EVO_AUDI_HCM,2026-09-29T07:57:10+07:00,0,37.4,reneged,
ARR_005146,ST_EVO_AUDI_HCM,2026-09-29T08:02:53+07:00,1,27.3,reneged,
ARR_005147,ST_EVO_AUDI_HCM,2026-09-29T08:18:12+07:00,2,11.4,reneged,
ARR_005148,ST_EVO_DEUTSCHES_HAUS,2026-09-29T08:35:20+07:00,0,0.0,served,ST_EVO_DEUTSCHES_HAUS_P1
ARR_005149,ST_EVO_AUDI_HCM,2026-09-29T08:54:21+07:00,0,14.6,reneged,
ARR_005150,ST_EVO_AUDI_HCM,2026-09-29T09:25:33+07:00,0,0.0,served,ST_EVO_AUDI_HCM_P1
ARR_005151,ST_EVO_AUDI_HCM,2026-09-29T10:00:41+07:00,0,0.0,served,ST_EVO_AUDI_HCM_P3
ARR_005152,ST_EVO_AUDI_HCM,2026-09-29T10:01:00+07:00,0,0.0,served,ST_EVO_AUDI_HCM_P4
ARR_005153,ST_EVO_LAVIDA_Q7,2026-09-29T10:04:54+07:00,0,0.0,served,ST_EVO_LAVIDA_Q7_P1
ARR_005154,ST_EVO_AUDI_HCM,2026-09-29T10:27:46+07:00,0,0.0,served,ST_EVO_AUDI_HCM_P1
ARR_005155,ST_EVO_AUDI_HCM,2026-09-29T10:32:04+07:00,0,31.07,served,ST_EVO_AUDI_HCM_P1
ARR_005156,ST_EVO_AUDI_HCM,2026-09-29T10:38:42+07:00,1,12.1,reneged,
ARR_005157,ST_EVO_AUDI_HCM,2026-09-29T10:40:07+07:00,2,24.7,reneged,
ARR_005158,ST_EVO_LAVIDA_Q7,2026-09-29T10:49:00+07:00,0,0.0,served,ST_EVO_LAVIDA_Q7_P1
ARR_005159,ST_EVO_AUDI_HCM,2026-09-29T10:52:00+07:00,2,34.7,served,ST_EVO_AUDI_HCM_P1
ARR_005160,ST_EVO_LAVIDA_Q7,2026-09-29T11:11:30+07:00,0,17.8,reneged,
ARR_005161,ST_EVO_DEUTSCHES_HAUS,2026-09-29T11:27:56+07:00,0,0.0,served,ST_EVO_DEUTSCHES_HAUS_P2
ARR_005162,ST_EVO_LAVIDA_Q7,2026-09-29T11:43:31+07:00,0,2.1,served,ST_EVO_LAVIDA_Q7_P1
ARR_005163,ST_EVO_AUDI_HCM,2026-09-29T11:45:45+07:00,0,8.2,reneged,
ARR_005164,ST_EVO_AUDI_HCM,2026-09-29T11:48:35+07:00,1,11.3,reneged,
ARR_005165,ST_EVO_LAVIDA_Q7,2026-09-29T12:09:45+07:00,0,19.3,reneged,
ARR_005166,ST_EVO_DEUTSCHES_HAUS,2026-09-29T12:15:38+07:00,0,0.0,served,ST_EVO_DEUTSCHES_HAUS_P1
ARR_005167,ST_EVO_DEUTSCHES_HAUS,2026-09-29T12:16:40+07:00,0,0.0,served,ST_EVO_DEUTSCHES_HAUS_P3
ARR_005168,ST_EVO_AUDI_HCM,2026-09-29T12:28:42+07:00,0,0.0,served,ST_EVO_AUDI_HCM_P1
ARR_005169,ST_EVO_LAVIDA_Q7,2026-09-29T12:35:23+07:00,0,6.22,served,ST_EVO_LAVIDA_Q7_P1
ARR_005170,ST_EVO_AUDI_HCM,2026-09-29T12:36:14+07:00,0,8.3,reneged,
ARR_005171,ST_EVO_DEUTSCHES_HAUS,2026-09-29T12:45:19+07:00,0,0.0,served,ST_EVO_DEUTSCHES_HAUS_P4
ARR_005172,ST_EVO_AUDI_HCM,2026-09-29T12:46:33+07:00,0,0.3,served,ST_EVO_AUDI_HCM_P1
ARR_005173,ST_EVO_AUDI_HCM,2026-09-29T12:51:12+07:00,0,13.3,reneged,
ARR_005174,ST_EVO_DEUTSCHES_HAUS,2026-09-29T12:56:05+07:00,0,41.2,reneged,
ARR_005175,ST_EVO_AUDI_HCM,2026-09-29T12:56:09+07:00,1,18.4,reneged,
ARR_005176,ST_EVO_AUDI_HCM,2026-09-29T13:20:25+07:00,0,2.1,served,ST_EVO_AUDI_HCM_P1
ARR_005177,ST_EVO_AUDI_HCM,2026-09-29T13:37:07+07:00,0,0.0,served,ST_EVO_AUDI_HCM_P1
ARR_005178,ST_EVO_AUDI_HCM,2026-09-29T13:37:42+07:00,0,18.2,served,ST_EVO_AUDI_HCM_P4
ARR_005179,ST_EVO_AUDI_HCM,2026-09-29T13:55:14+07:00,1,15.2,reneged,
ARR_005180,ST_EVO_LAVIDA_Q7,2026-09-29T14:18:30+07:00,0,0.0,served,ST_EVO_LAVIDA_Q7_P1
ARR_005181,ST_EVO_DEUTSCHES_HAUS,2026-09-29T14:19:10+07:00,0,7.83,served,ST_EVO_DEUTSCHES_HAUS_P2
ARR_005182,ST_EVO_DEUTSCHES_HAUS,2026-09-29T14:22:15+07:00,1,45.8,reneged,
ARR_005183,ST_EVO_DEUTSCHES_HAUS,2026-09-29T14:27:06+07:00,1,14.3,reneged,
ARR_005184,ST_EVO_DEUTSCHES_HAUS,2026-09-29T14:38:37+07:00,2,8.4,reneged,
ARR_005185,ST_EVO_LAVIDA_Q7,2026-09-29T15:09:55+07:00,0,0.0,served,ST_EVO_LAVIDA_Q7_P1
ARR_005186,ST_EVO_AUDI_HCM,2026-09-29T15:24:57+07:00,0,2.15,served,ST_EVO_AUDI_HCM_P3
ARR_005187,ST_EVO_DEUTSCHES_HAUS,2026-09-29T15:38:04+07:00,0,12.9,reneged,
ARR_005188,ST_EVO_DEUTSCHES_HAUS,2026-09-29T15:38:25+07:00,1,20.4,reneged,
ARR_005189,ST_EVO_DEUTSCHES_HAUS,2026-09-29T15:44:31+07:00,2,7.8,reneged,
ARR_005190,ST_EVO_AUDI_HCM,2026-09-29T15:45:36+07:00,0,0.0,served,ST_EVO_AUDI_HCM_P1
ARR_005191,ST_EVO_DEUTSCHES_HAUS,2026-09-29T15:46:15+07:00,3,9.6,reneged,
ARR_005192,ST_EVO_AUDI_HCM,2026-09-29T16:42:15+07:00,0,0.0,served,ST_EVO_AUDI_HCM_P1
ARR_005193,ST_EVO_LAVIDA_Q7,2026-09-29T16:43:28+07:00,0,0.0,served,ST_EVO_LAVIDA_Q7_P1
ARR_005194,ST_EVO_DEUTSCHES_HAUS,2026-09-29T17:13:39+07:00,0,5.7,reneged,
ARR_005195,ST_EVO_DEUTSCHES_HAUS,2026-09-29T17:16:33+07:00,1,17.1,reneged,
ARR_005196,ST_EVO_AUDI_HCM,2026-09-29T17:22:10+07:00,0,3.37,served,ST_EVO_AUDI_HCM_P1
ARR_005197,ST_EVO_LAVIDA_Q7,2026-09-29T17:39:47+07:00,0,0.0,served,ST_EVO_LAVIDA_Q7_P1
ARR_005198,ST_EVO_DEUTSCHES_HAUS,2026-09-29T17:56:43+07:00,0,29.35,served,ST_EVO_DEUTSCHES_HAUS_P4
ARR_005199,ST_EVO_AUDI_HCM,2026-09-29T18:07:24+07:00,0,0.0,served,ST_EVO_AUDI_HCM_P1
ARR_005200,ST_EVO_AUDI_HCM,2026-09-29T18:17:02+07:00,0,1.22,served,ST_EVO_AUDI_HCM_P2
ARR_005201,ST_EVO_AUDI_HCM,2026-09-29T18:24:25+07:00,0,5.6,reneged,
ARR_005202,ST_EVO_AUDI_HCM,2026-09-29T18:57:15+07:00,0,0.0,served,ST_EVO_AUDI_HCM_P1
ARR_005203,ST_EVO_AUDI_HCM,2026-09-29T19:16:02+07:00,0,0.0,served,ST_EVO_AUDI_HCM_P2
ARR_005204,ST_EVO_DEUTSCHES_HAUS,2026-09-29T19:43:49+07:00,0,0.0,served,ST_EVO_DEUTSCHES_HAUS_P3
ARR_005205,ST_EVO_AUDI_HCM,2026-09-29T20:17:06+07:00,0,0.0,served,ST_EVO_AUDI_HCM_P1
ARR_005206,ST_EVO_AUDI_HCM,2026-09-29T20:20:17+07:00,0,0.0,served,ST_EVO_AUDI_HCM_P2
ARR_005207,ST_EVO_AUDI_HCM,2026-09-29T20:24:15+07:00,0,0.0,served,ST_EVO_AUDI_HCM_P3
ARR_005208,ST_EVO_AUDI_HCM,2026-09-29T20:52:02+07:00,0,0.0,served,ST_EVO_AUDI_HCM_P1
ARR_005209,ST_EVO_DEUTSCHES_HAUS,2026-09-29T20:55:41+07:00,0,0.0,served,ST_EVO_DEUTSCHES_HAUS_P1
ARR_005210,ST_EVO_AUDI_HCM,2026-09-29T21:04:34+07:00,0,0.0,served,ST_EVO_AUDI_HCM_P1
ARR_005211,ST_EVO_LAVIDA_Q7,2026-09-29T21:14:28+07:00,0,0.0,served,ST_EVO_LAVIDA_Q7_P1
ARR_005212,ST_EVO_AUDI_HCM,2026-09-29T21:17:58+07:00,0,0.0,served,ST_EVO_AUDI_HCM_P2
ARR_005213,ST_EVO_AUDI_HCM,2026-09-29T21:27:40+07:00,0,0.0,served,ST_EVO_AUDI_HCM_P4
ARR_005214,ST_EVO_AUDI_HCM,2026-09-29T21:34:33+07:00,0,0.0,served,ST_EVO_AUDI_HCM_P1
ARR_005215,ST_EVO_AUDI_HCM,2026-09-29T21:36:47+07:00,0,6.9,reneged,
ARR_005216,ST_EVO_AUDI_HCM,2026-09-29T21:39:33+07:00,1,4.37,served,ST_EVO_AUDI_HCM_P2
ARR_005217,ST_EVO_AUDI_HCM,2026-09-29T21:47:01+07:00,0,13.27,served,ST_EVO_AUDI_HCM_P1
ARR_005218,ST_EVO_AUDI_HCM,2026-09-29T22:05:00+07:00,0,0.0,served,ST_EVO_AUDI_HCM_P4
ARR_005219,ST_EVO_DEUTSCHES_HAUS,2026-09-30T06:00:11+07:00,0,0.0,served,ST_EVO_DEUTSCHES_HAUS_P1
ARR_005220,ST_EVO_AUDI_HCM,2026-09-30T07:41:39+07:00,0,0.0,served,ST_EVO_AUDI_HCM_P1
ARR_005221,ST_EVO_DEUTSCHES_HAUS,2026-09-30T07:47:44+07:00,0,0.0,served,ST_EVO_DEUTSCHES_HAUS_P1
ARR_005222,ST_EVO_DEUTSCHES_HAUS,2026-09-30T08:00:52+07:00,0,0.0,served,ST_EVO_DEUTSCHES_HAUS_P2
ARR_005223,ST_EVO_DEUTSCHES_HAUS,2026-09-30T08:49:04+07:00,0,0.0,served,ST_EVO_DEUTSCHES_HAUS_P3
ARR_005224,ST_EVO_DEUTSCHES_HAUS,2026-09-30T09:01:22+07:00,0,0.0,served,ST_EVO_DEUTSCHES_HAUS_P4
ARR_005225,ST_EVO_AUDI_HCM,2026-09-30T09:24:16+07:00,0,0.0,served,ST_EVO_AUDI_HCM_P1
ARR_005226,ST_EVO_AUDI_HCM,2026-09-30T09:26:44+07:00,0,0.0,served,ST_EVO_AUDI_HCM_P2
ARR_005227,ST_EVO_DEUTSCHES_HAUS,2026-09-30T09:27:42+07:00,0,17.7,reneged,
ARR_005228,ST_EVO_AUDI_HCM,2026-09-30T09:36:45+07:00,0,0.0,served,ST_EVO_AUDI_HCM_P3
ARR_005229,ST_EVO_AUDI_HCM,2026-09-30T09:53:46+07:00,0,0.0,served,ST_EVO_AUDI_HCM_P2
ARR_005230,ST_EVO_AUDI_HCM,2026-09-30T09:57:24+07:00,0,0.0,served,ST_EVO_AUDI_HCM_P4
ARR_005231,ST_EVO_LAVIDA_Q7,2026-09-30T10:11:23+07:00,0,0.0,served,ST_EVO_LAVIDA_Q7_P1
ARR_005232,ST_EVO_LAVIDA_Q7,2026-09-30T10:13:29+07:00,0,19.2,reneged,
ARR_005233,ST_EVO_AUDI_HCM,2026-09-30T10:21:53+07:00,0,0.0,served,ST_EVO_AUDI_HCM_P1
ARR_005234,ST_EVO_AUDI_HCM,2026-09-30T10:22:12+07:00,0,0.0,served,ST_EVO_AUDI_HCM_P2
ARR_005235,ST_EVO_DEUTSCHES_HAUS,2026-09-30T10:31:28+07:00,0,0.0,served,ST_EVO_DEUTSCHES_HAUS_P2
ARR_005236,ST_EVO_AUDI_HCM,2026-09-30T11:06:27+07:00,0,0.0,served,ST_EVO_AUDI_HCM_P1
ARR_005237,ST_EVO_LAVIDA_Q7,2026-09-30T11:17:25+07:00,0,0.0,served,ST_EVO_LAVIDA_Q7_P1
ARR_005238,ST_EVO_AUDI_HCM,2026-09-30T11:21:40+07:00,0,0.0,served,ST_EVO_AUDI_HCM_P2
ARR_005239,ST_EVO_DEUTSCHES_HAUS,2026-09-30T11:23:49+07:00,0,0.0,served,ST_EVO_DEUTSCHES_HAUS_P3
ARR_005240,ST_EVO_AUDI_HCM,2026-09-30T11:26:44+07:00,0,2.43,served,ST_EVO_AUDI_HCM_P4
ARR_005241,ST_EVO_DEUTSCHES_HAUS,2026-09-30T11:33:14+07:00,0,0.0,served,ST_EVO_DEUTSCHES_HAUS_P4
ARR_005242,ST_EVO_LAVIDA_Q7,2026-09-30T11:43:00+07:00,0,5.95,served,ST_EVO_LAVIDA_Q7_P1
ARR_005243,ST_EVO_AUDI_HCM,2026-09-30T11:44:13+07:00,0,0.0,served,ST_EVO_AUDI_HCM_P1
ARR_005244,ST_EVO_LAVIDA_Q7,2026-09-30T11:47:54+07:00,1,13.8,reneged,
ARR_005245,ST_EVO_AUDI_HCM,2026-09-30T11:52:26+07:00,0,2.15,served,ST_EVO_AUDI_HCM_P3
ARR_005246,ST_EVO_AUDI_HCM,2026-09-30T11:52:52+07:00,1,15.53,served,ST_EVO_AUDI_HCM_P2
ARR_005247,ST_EVO_LAVIDA_Q7,2026-09-30T11:54:43+07:00,1,39.2,reneged,
ARR_005248,ST_EVO_AUDI_HCM,2026-09-30T11:56:52+07:00,1,25.65,served,ST_EVO_AUDI_HCM_P1
ARR_005249,ST_EVO_AUDI_HCM,2026-09-30T12:01:11+07:00,2,13.8,reneged,
ARR_005250,ST_EVO_AUDI_HCM,2026-09-30T12:04:35+07:00,3,20.8,reneged,
ARR_005251,ST_EVO_AUDI_HCM,2026-09-30T12:35:18+07:00,0,25.0,reneged,
ARR_005252,ST_EVO_AUDI_HCM,2026-09-30T12:52:01+07:00,1,17.15,served,ST_EVO_AUDI_HCM_P1
ARR_005253,ST_EVO_LAVIDA_Q7,2026-09-30T12:56:09+07:00,0,5.93,served,ST_EVO_LAVIDA_Q7_P1
ARR_005254,ST_EVO_AUDI_HCM,2026-09-30T13:04:40+07:00,1,4.97,served,ST_EVO_AUDI_HCM_P2
ARR_005255,ST_EVO_LAVIDA_Q7,2026-09-30T13:06:52+07:00,0,7.8,reneged,
ARR_005256,ST_EVO_LAVIDA_Q7,2026-09-30T13:09:10+07:00,1,30.13,served,ST_EVO_LAVIDA_Q7_P1
ARR_005257,ST_EVO_DEUTSCHES_HAUS,2026-09-30T13:16:14+07:00,0,0.0,served,ST_EVO_DEUTSCHES_HAUS_P1
ARR_005258,ST_EVO_AUDI_HCM,2026-09-30T13:18:52+07:00,0,10.12,served,ST_EVO_AUDI_HCM_P1
ARR_005259,ST_EVO_DEUTSCHES_HAUS,2026-09-30T13:23:11+07:00,0,0.0,served,ST_EVO_DEUTSCHES_HAUS_P2
ARR_005260,ST_EVO_AUDI_HCM,2026-09-30T13:27:16+07:00,1,1.88,served,ST_EVO_AUDI_HCM_P2
ARR_005261,ST_EVO_DEUTSCHES_HAUS,2026-09-30T13:27:24+07:00,0,12.27,served,ST_EVO_DEUTSCHES_HAUS_P3
ARR_005262,ST_EVO_AUDI_HCM,2026-09-30T13:49:30+07:00,0,4.13,served,ST_EVO_AUDI_HCM_P2
ARR_005263,ST_EVO_AUDI_HCM,2026-09-30T13:52:41+07:00,1,4.5,reneged,
ARR_005264,ST_EVO_AUDI_HCM,2026-09-30T13:54:02+07:00,1,9.7,served,ST_EVO_AUDI_HCM_P1
ARR_005265,ST_EVO_LAVIDA_Q7,2026-09-30T13:57:11+07:00,0,16.6,reneged,
ARR_005266,ST_EVO_AUDI_HCM,2026-09-30T14:11:05+07:00,0,0.0,served,ST_EVO_AUDI_HCM_P2
ARR_005267,ST_EVO_LAVIDA_Q7,2026-09-30T14:14:28+07:00,0,0.8,served,ST_EVO_LAVIDA_Q7_P1
ARR_005268,ST_EVO_AUDI_HCM,2026-09-30T14:46:01+07:00,0,0.0,served,ST_EVO_AUDI_HCM_P1
ARR_005269,ST_EVO_DEUTSCHES_HAUS,2026-09-30T14:57:08+07:00,0,0.0,served,ST_EVO_DEUTSCHES_HAUS_P4
ARR_005270,ST_EVO_AUDI_HCM,2026-09-30T15:05:20+07:00,0,0.0,served,ST_EVO_AUDI_HCM_P2
ARR_005271,ST_EVO_DEUTSCHES_HAUS,2026-09-30T15:10:05+07:00,0,14.0,reneged,
ARR_005272,ST_EVO_LAVIDA_Q7,2026-09-30T15:24:54+07:00,0,0.0,served,ST_EVO_LAVIDA_Q7_P1
ARR_005273,ST_EVO_DEUTSCHES_HAUS,2026-09-30T16:23:05+07:00,0,11.13,served,ST_EVO_DEUTSCHES_HAUS_P1
ARR_005274,ST_EVO_DEUTSCHES_HAUS,2026-09-30T17:07:00+07:00,0,1.05,served,ST_EVO_DEUTSCHES_HAUS_P2
ARR_005275,ST_EVO_DEUTSCHES_HAUS,2026-09-30T17:25:11+07:00,0,41.37,served,ST_EVO_DEUTSCHES_HAUS_P3
ARR_005276,ST_EVO_LAVIDA_Q7,2026-09-30T17:25:38+07:00,0,0.0,served,ST_EVO_LAVIDA_Q7_P1
ARR_005277,ST_EVO_AUDI_HCM,2026-09-30T17:49:34+07:00,0,0.0,served,ST_EVO_AUDI_HCM_P1
ARR_005278,ST_EVO_AUDI_HCM,2026-09-30T18:09:05+07:00,0,0.0,served,ST_EVO_AUDI_HCM_P2
ARR_005279,ST_EVO_AUDI_HCM,2026-09-30T18:19:55+07:00,0,0.0,served,ST_EVO_AUDI_HCM_P1
ARR_005280,ST_EVO_AUDI_HCM,2026-09-30T18:24:03+07:00,0,11.8,reneged,
ARR_005281,ST_EVO_DEUTSCHES_HAUS,2026-09-30T18:32:55+07:00,0,0.0,served,ST_EVO_DEUTSCHES_HAUS_P4
ARR_005282,ST_EVO_AUDI_HCM,2026-09-30T18:33:10+07:00,1,7.6,served,ST_EVO_AUDI_HCM_P3
ARR_005283,ST_EVO_AUDI_HCM,2026-09-30T18:40:47+07:00,0,4.52,served,ST_EVO_AUDI_HCM_P2
ARR_005284,ST_EVO_AUDI_HCM,2026-09-30T18:51:47+07:00,0,11.65,served,ST_EVO_AUDI_HCM_P2
ARR_005285,ST_EVO_AUDI_HCM,2026-09-30T18:54:28+07:00,1,12.38,served,ST_EVO_AUDI_HCM_P1
ARR_005286,ST_EVO_AUDI_HCM,2026-09-30T19:02:10+07:00,2,26.4,reneged,
ARR_005287,ST_EVO_DEUTSCHES_HAUS,2026-09-30T19:04:43+07:00,0,15.5,reneged,
ARR_005288,ST_EVO_AUDI_HCM,2026-09-30T19:05:32+07:00,2,15.3,reneged,
ARR_005289,ST_EVO_AUDI_HCM,2026-09-30T19:09:25+07:00,2,23.78,served,ST_EVO_AUDI_HCM_P1
ARR_005290,ST_EVO_AUDI_HCM,2026-09-30T19:14:03+07:00,3,32.2,reneged,
ARR_005291,ST_EVO_LAVIDA_Q7,2026-09-30T19:18:02+07:00,0,0.0,served,ST_EVO_LAVIDA_Q7_P1
ARR_005292,ST_EVO_AUDI_HCM,2026-09-30T19:19:55+07:00,4,18.6,reneged,
ARR_005293,ST_EVO_AUDI_HCM,2026-09-30T19:21:37+07:00,4,18.2,reneged,
ARR_005294,ST_EVO_AUDI_HCM,2026-09-30T19:22:09+07:00,5,20.2,reneged,
ARR_005295,ST_EVO_DEUTSCHES_HAUS,2026-09-30T19:28:11+07:00,0,25.5,reneged,
ARR_005296,ST_EVO_AUDI_HCM,2026-09-30T19:28:56+07:00,5,22.63,served,ST_EVO_AUDI_HCM_P2
ARR_005297,ST_EVO_LAVIDA_Q7,2026-09-30T19:48:24+07:00,0,17.0,served,ST_EVO_LAVIDA_Q7_P1
ARR_005298,ST_EVO_AUDI_HCM,2026-09-30T19:56:15+07:00,0,23.2,reneged,
ARR_005299,ST_EVO_DEUTSCHES_HAUS,2026-09-30T20:09:13+07:00,0,0.0,served,ST_EVO_DEUTSCHES_HAUS_P4
ARR_005300,ST_EVO_AUDI_HCM,2026-09-30T20:32:29+07:00,0,0.0,served,ST_EVO_AUDI_HCM_P1
ARR_005301,ST_EVO_AUDI_HCM,2026-09-30T20:40:14+07:00,0,0.0,served,ST_EVO_AUDI_HCM_P2
ARR_005302,ST_EVO_DEUTSCHES_HAUS,2026-09-30T21:47:33+07:00,0,0.0,served,ST_EVO_DEUTSCHES_HAUS_P1
ARR_005303,ST_EVO_LAVIDA_Q7,2026-09-30T22:20:02+07:00,0,0.0,served,ST_EVO_LAVIDA_Q7_P1
ARR_005304,ST_EVO_AUDI_HCM,2026-09-30T22:21:03+07:00,0,0.0,served,ST_EVO_AUDI_HCM_P1
ARR_005305,ST_EVO_LAVIDA_Q7,2026-09-30T22:23:32+07:00,0,9.1,served,ST_EVO_LAVIDA_Q7_P1
